from,to,adult,cash,cashless,concession,fare,fetched_at
AG1,AG10,2.60,2.60,2.30,1.30,2.60,2026-09-14T01:36:59.067Z
AG1,AG11,2.90,2.90,2.50,1.40,2.90,2026-09-14T01:36:59.082Z
AG1,AG12,3.10,3.10,2.70,1.60,3.10,2026-09-14T01:36:59.042Z
AG1,AG13,3.00,3.00,2.70,1.50,3.00,2026-09-14T01:36:59.056Z
AG1,AG14,3.40,3.40,3.00,1.60,3.40,2026-09-14T01:36:59.067Z
AG1,AG15,3.60,3.60,3.10,1.70,3.60,2026-09-14T01:36:59.076Z
AG1,AG16,3.80,3.80,3.30,1.80,3.80,2026-09-14T01:36:59.065Z
AG1,AG17,3.90,3.90,3.40,1.90,3.90,2026-09-14T01:36:59.062Z
AG1,AG18,3.60,3.60,3.10,1.70,3.60,2026-09-14T01:36:59.220Z
AG1,AG2,1.10,1.10,1.00,0.50,1.10,2026-09-14T01:36:59.221Z
AG1,AG3,1.30,1.30,1.20,0.60,1.30,2026-09-14T01:36:59.235Z
AG1,AG4,1.50,1.50,1.40,0.80,1.50,2026-09-14T01:36:59.234Z
AG1,AG5,1.70,1.70,1.60,0.90,1.70,2026-09-14T01:36:59.241Z
AG1,AG6,1.90,1.90,1.70,1.00,1.90,2026-09-14T01:36:59.236Z
AG1,AG7,2.00,2.00,1.80,1.00,2.00,2026-09-14T01:36:59.255Z
AG1,AG8,2.20,2.20,2.00,1.10,2.20,2026-09-14T01:36:59.250Z
AG1,AG9,2.40,2.40,2.10,1.20,2.40,2026-09-14T01:36:59.405Z
AG1,KG04,4.40,4.40,3.80,2.10,4.40,2026-09-14T01:36:59.404Z
AG1,KG05,4.80,4.80,4.10,2.30,4.80,2026-09-14T01:36:59.406Z
AG1,KG06,5.50,5.50,4.70,2.60,5.50,2026-09-14T01:36:59.405Z
AG1,KG07,5.20,5.20,4.50,2.60,5.20,2026-09-14T01:36:59.405Z
AG1,KG08,4.90,4.90,4.20,2.40,4.90,2026-09-14T01:36:59.406Z
AG1,KG09,5.00,5.00,4.40,2.50,5.00,2026-09-14T01:36:59.420Z
AG1,KG10,4.60,4.60,4.00,2.30,4.60,2026-09-14T01:36:59.416Z
AG1,KG12,4.30,4.30,3.80,2.10,4.30,2026-09-14T01:36:59.578Z
AG1,KG13,3.90,3.90,3.40,1.90,3.90,2026-09-14T01:36:59.579Z
AG1,KG14,3.20,3.20,2.80,1.60,3.20,2026-09-14T01:36:59.575Z
AG1,KG15,2.70,2.70,2.40,1.40,2.70,2026-09-14T01:36:59.577Z
AG1,KG16,2.30,2.30,2.10,1.20,2.30,2026-09-14T01:36:59.579Z
AG1,KG17,2.20,2.20,2.00,1.10,2.20,2026-09-14T01:36:59.574Z
AG1,KG18A,2.60,2.60,2.30,1.30,2.60,2026-09-14T01:36:59.586Z
AG1,KG20,2.70,2.70,2.40,1.30,2.70,2026-09-14T01:36:59.589Z
AG1,KG21,3.10,3.10,2.70,1.50,3.10,2026-09-14T01:36:59.747Z
AG1,KG22,3.00,3.00,2.70,1.50,3.00,2026-09-14T01:36:59.744Z
AG1,KG23,3.50,3.50,3.20,1.80,3.50,2026-09-14T01:36:59.742Z
AG1,KG24,3.80,3.80,3.40,1.90,3.80,2026-09-14T01:36:59.742Z
AG1,KG25,4.20,4.20,3.70,2.10,4.20,2026-09-14T01:36:59.744Z
AG1,KG26,4.60,4.60,4.00,2.30,4.60,2026-09-14T01:36:59.744Z
AG1,KG27,5.10,5.10,4.40,2.40,5.10,2026-09-14T01:36:59.745Z
AG1,KG28,5.00,5.00,4.30,2.40,5.00,2026-09-14T01:36:59.754Z
AG1,KG29,5.20,5.20,4.60,2.60,5.20,2026-09-14T01:36:59.920Z
AG1,KG30,5.40,5.40,4.70,2.60,5.40,2026-09-14T01:36:59.919Z
AG1,KG31,5.20,5.20,4.60,2.60,5.20,2026-09-14T01:36:59.915Z
AG1,KG33,5.50,5.50,4.80,2.70,5.50,2026-09-14T01:36:59.913Z
AG1,KG34,5.60,5.60,4.90,2.80,5.60,2026-09-14T01:36:59.918Z
AG1,KG35,5.00,5.00,4.30,2.40,5.00,2026-09-14T01:36:59.920Z
AG1,KJ1,4.90,4.90,4.20,2.40,4.90,2026-09-14T01:36:59.919Z
AG1,KJ10,3.00,3.00,2.70,1.50,3.00,2026-09-14T01:36:59.928Z
AG1,KJ11,2.70,2.70,2.40,1.30,2.70,2026-09-14T01:37:00.092Z
AG1,KJ12,2.40,2.40,2.10,1.20,2.40,2026-09-14T01:37:00.101Z
AG1,KJ13,2.00,2.00,1.80,1.00,2.00,2026-09-14T01:37:00.092Z
AG1,KJ14,2.30,2.30,2.10,1.20,2.30,2026-09-14T01:37:00.092Z
AG1,KJ15,2.80,2.80,2.50,1.40,2.80,2026-09-14T01:37:00.095Z
AG1,KJ16,3.10,3.10,2.70,1.60,3.10,2026-09-14T01:37:00.097Z
AG1,KJ17,3.40,3.40,3.00,1.70,3.40,2026-09-14T01:37:00.098Z
AG1,KJ18,3.60,3.60,3.20,1.80,3.60,2026-09-14T01:37:00.104Z
AG1,KJ19,3.80,3.80,3.30,1.90,3.80,2026-09-14T01:37:00.268Z
AG1,KJ2,5.10,5.10,4.40,2.50,5.10,2026-09-14T01:37:00.265Z
AG1,KJ20,4.50,4.50,3.90,2.20,4.50,2026-09-14T01:37:00.267Z
AG1,KJ21,4.20,4.20,3.70,2.10,4.20,2026-09-14T01:37:00.263Z
AG1,KJ22,4.60,4.60,4.00,2.20,4.60,2026-09-14T01:37:00.264Z
AG1,KJ23,4.90,4.90,4.20,2.40,4.90,2026-09-14T01:37:00.260Z
AG1,KJ24,5.10,5.10,4.40,2.50,5.10,2026-09-14T01:37:00.272Z
AG1,KJ25,4.90,4.90,4.20,2.40,4.90,2026-09-14T01:37:00.273Z
AG1,KJ26,5.00,5.00,4.30,2.50,5.00,2026-09-14T01:37:00.436Z
AG1,KJ27,5.30,5.30,4.60,2.60,5.30,2026-09-14T01:37:00.438Z
AG1,KJ28,4.90,4.90,4.20,2.40,4.90,2026-09-14T01:37:00.455Z
AG1,KJ29,5.10,5.10,4.40,2.50,5.10,2026-09-14T01:37:00.435Z
AG1,KJ3,4.60,4.60,4.00,2.30,4.60,2026-09-14T01:37:00.437Z
AG1,KJ30,5.20,5.20,4.50,2.60,5.20,2026-09-14T01:37:00.432Z
AG1,KJ31,5.50,5.50,4.70,2.70,5.50,2026-09-14T01:37:00.448Z
AG1,KJ32,4.80,4.80,4.10,2.30,4.80,2026-09-14T01:37:00.449Z
AG1,KJ33,4.90,4.90,4.20,2.40,4.90,2026-09-14T01:37:00.603Z
AG1,KJ34,5.00,5.00,4.30,2.50,5.00,2026-09-14T01:37:00.603Z
AG1,KJ35,5.20,5.20,4.50,2.60,5.20,2026-09-14T01:37:00.603Z
AG1,KJ36,5.40,5.40,4.60,2.60,5.40,2026-09-14T01:37:00.611Z
AG1,KJ37,4.90,4.90,4.20,2.40,4.90,2026-09-14T01:37:00.605Z
AG1,KJ4,4.40,4.40,3.80,2.10,4.40,2026-09-14T01:37:00.613Z
AG1,KJ5,4.20,4.20,3.60,2.00,4.20,2026-09-14T01:37:00.613Z
AG1,KJ6,3.90,3.90,3.40,1.90,3.90,2026-09-14T01:37:00.614Z
AG1,KJ7,3.70,3.70,3.30,1.80,3.70,2026-09-14T01:37:00.773Z
AG1,KJ8,3.50,3.50,3.10,1.70,3.50,2026-09-14T01:37:00.776Z
AG1,KJ9,3.10,3.10,2.80,1.60,3.10,2026-09-14T01:37:00.768Z
AG1,MR1,4.40,4.40,3.80,2.20,4.40,2026-09-14T01:37:00.772Z
AG1,MR10,2.10,2.10,1.90,0.90,2.10,2026-09-14T01:37:00.772Z
AG1,MR11,1.30,1.30,1.20,0.60,1.30,2026-09-14T01:37:00.784Z
AG1,MR2,4.10,4.10,3.50,2.00,4.10,2026-09-14T01:37:00.790Z
AG1,MR3,3.10,3.10,2.70,1.50,3.10,2026-09-14T01:37:00.796Z
AG1,MR4,2.40,2.40,2.10,1.20,2.40,2026-09-14T01:37:01.091Z
AG1,MR5,2.80,2.80,2.40,1.30,2.80,2026-09-14T01:37:00.947Z
AG1,MR6,3.00,3.00,2.60,1.40,3.00,2026-09-14T01:37:00.948Z
AG1,MR7,3.50,3.50,3.00,1.70,3.50,2026-09-14T01:37:00.948Z
AG1,MR8,3.00,3.00,2.70,1.40,3.00,2026-09-14T01:37:01.091Z
AG1,MR9,2.70,2.70,2.40,1.30,2.70,2026-09-14T01:37:01.093Z
AG1,PY01,4.40,4.40,3.80,2.10,4.40,2026-09-14T01:37:00.994Z
AG1,PY03,4.70,4.70,4.00,2.20,4.70,2026-09-14T01:37:01.091Z
AG1,PY04,4.40,4.40,3.80,2.10,4.40,2026-09-14T01:37:01.114Z
AG1,PY05,4.20,4.20,3.60,2.00,4.20,2026-09-14T01:37:01.113Z
AG1,PY06,4.30,4.30,3.70,2.10,4.30,2026-09-14T01:37:01.109Z
AG1,PY07,4.00,4.00,3.50,1.90,4.00,2026-09-14T01:37:01.151Z
AG1,PY08,3.70,3.70,3.20,1.80,3.70,2026-09-14T01:37:01.257Z
AG1,PY09,3.80,3.80,3.30,1.80,3.80,2026-09-14T01:37:01.258Z
AG1,PY10,3.50,3.50,3.10,1.70,3.50,2026-09-14T01:37:01.256Z
AG1,PY11,3.20,3.20,2.80,1.50,3.20,2026-09-14T01:37:01.258Z
AG1,PY12,2.90,2.90,2.50,1.40,2.90,2026-09-14T01:37:01.275Z
AG1,PY13,2.60,2.60,2.30,1.20,2.60,2026-09-14T01:37:01.285Z
AG1,PY14,2.40,2.40,2.10,1.10,2.40,2026-09-14T01:37:01.287Z
AG1,PY15,2.10,2.10,1.90,1.00,2.10,2026-09-14T01:37:01.308Z
AG1,PY16,1.70,1.70,1.60,0.80,1.70,2026-09-14T01:37:01.431Z
AG1,PY17,1.30,1.30,1.20,0.60,1.30,2026-09-14T01:37:01.426Z
AG1,PY18,1.50,1.50,1.40,0.70,1.50,2026-09-14T01:37:01.424Z
AG1,PY19,1.90,1.90,1.70,0.90,1.90,2026-09-14T01:37:01.427Z
AG1,PY20,2.20,2.20,2.00,1.10,2.20,2026-09-14T01:37:01.439Z
AG1,PY21,2.40,2.40,2.10,1.20,2.40,2026-09-14T01:37:01.457Z
AG1,PY22,2.50,2.50,2.20,1.20,2.50,2026-09-14T01:37:01.455Z
AG1,PY23,2.70,2.70,2.40,1.30,2.70,2026-09-14T01:37:01.466Z
AG1,PY24,2.90,2.90,2.50,1.40,2.90,2026-09-14T01:37:01.615Z
AG1,PY27,4.10,4.10,3.50,1.90,4.10,2026-09-14T01:37:01.614Z
AG1,PY28,4.40,4.40,3.80,2.10,4.40,2026-09-14T01:37:01.614Z
AG1,PY29,3.80,3.80,3.30,1.90,3.80,2026-09-14T01:37:01.615Z
AG1,PY31,4.60,4.60,3.90,2.30,4.60,2026-09-14T01:37:01.615Z
AG1,PY32,4.30,4.30,3.70,2.00,4.30,2026-09-14T01:37:01.625Z
AG1,PY33,4.40,4.40,3.80,2.10,4.40,2026-09-14T01:37:01.629Z
AG1,PY34,4.60,4.60,4.00,2.20,4.60,2026-09-14T01:37:01.626Z
AG1,PY36,4.30,4.30,3.70,2.10,4.30,2026-09-14T01:37:01.797Z
AG1,PY37,4.50,4.50,3.90,2.20,4.50,2026-09-14T01:37:01.793Z
AG1,PY38,4.80,4.80,4.10,2.30,4.80,2026-09-14T01:37:01.789Z
AG1,PY39,5.00,5.00,4.30,2.40,5.00,2026-09-14T01:37:01.789Z
AG1,PY40,5.10,5.10,4.40,2.50,5.10,2026-09-14T01:37:01.791Z
AG1,PY41,5.20,5.20,4.50,2.50,5.20,2026-09-14T01:37:01.790Z
AG1,SB1,9.90,9.90,8.40,4.90,9.90,2026-09-14T01:37:01.804Z
AG1,SB2,9.30,9.30,7.80,4.60,9.30,2026-09-14T01:37:01.798Z
AG1,SB3,8.60,8.60,7.30,4.30,8.60,2026-09-14T01:37:01.966Z
AG1,SB4,7.90,7.90,6.70,3.90,7.90,2026-09-14T01:37:01.965Z
AG1,SB5,7.20,7.20,6.10,3.60,7.20,2026-09-14T01:37:02.233Z
AG1,SB6,6.30,6.30,5.40,3.10,6.30,2026-09-14T01:37:02.235Z
AG1,SB7,5.50,5.50,4.70,2.70,5.50,2026-09-14T01:37:02.235Z
AG1,SP1,0.80,0.80,0.80,0.40,0.80,2026-09-14T01:37:02.234Z
AG1,SP10,2.60,2.60,2.30,1.30,2.60,2026-09-14T01:37:01.983Z
AG1,SP11,2.90,2.90,2.50,1.40,2.90,2026-09-14T01:37:01.966Z
AG1,SP12,3.00,3.00,2.70,1.50,3.00,2026-09-14T01:37:02.127Z
AG1,SP13,3.30,3.30,2.90,1.60,3.30,2026-09-14T01:37:02.128Z
AG1,SP14,3.70,3.70,3.20,1.80,3.70,2026-09-14T01:37:02.128Z
AG1,SP15,3.60,3.60,3.10,1.70,3.60,2026-09-14T01:37:02.145Z
AG1,SP16,3.80,3.80,3.30,1.90,3.80,2026-09-14T01:37:02.282Z
AG1,SP17,4.20,4.20,3.60,2.00,4.20,2026-09-14T01:37:02.282Z
AG1,SP18,3.60,3.60,3.20,1.80,3.60,2026-09-14T01:37:02.281Z
AG1,SP19,3.90,3.90,3.40,1.90,3.90,2026-09-14T01:37:02.319Z
AG1,SP2,1.10,1.10,1.00,0.50,1.10,2026-09-14T01:37:02.411Z
AG1,SP20,4.00,4.00,3.50,2.00,4.00,2026-09-14T01:37:02.409Z
AG1,SP21,4.20,4.20,3.70,2.10,4.20,2026-09-14T01:37:02.407Z
AG1,SP22,3.60,3.60,3.10,1.70,3.60,2026-09-14T01:37:02.406Z
AG1,SP24,3.90,3.90,3.40,1.90,3.90,2026-09-14T01:37:02.448Z
AG1,SP25,4.00,4.00,3.50,2.00,4.00,2026-09-14T01:37:02.451Z
AG1,SP26,4.20,4.20,3.60,2.00,4.20,2026-09-14T01:37:02.450Z
AG1,SP27,4.20,4.20,3.70,2.10,4.20,2026-09-14T01:37:02.485Z
AG1,SP28,4.40,4.40,3.80,2.20,4.40,2026-09-14T01:37:02.581Z
AG1,SP29,4.60,4.60,4.00,2.30,4.60,2026-09-14T01:37:02.582Z
AG1,SP3,1.30,1.30,1.20,0.60,1.30,2026-09-14T01:37:02.584Z
AG1,SP31,4.90,4.90,4.20,2.40,4.90,2026-09-14T01:37:02.579Z
AG1,SP4,1.50,1.50,1.40,0.80,1.50,2026-09-14T01:37:02.633Z
AG1,SP5,1.70,1.70,1.60,0.90,1.70,2026-09-14T01:37:02.631Z
AG1,SP6,1.90,1.90,1.70,1.00,1.90,2026-09-14T01:37:02.618Z
AG1,SP7,2.00,2.00,1.80,1.00,2.00,2026-09-14T01:37:02.648Z
AG1,SP8,2.20,2.20,2.00,1.10,2.20,2026-09-14T01:37:02.907Z
AG1,SP9,2.40,2.40,2.10,1.20,2.40,2026-09-14T01:37:02.748Z
AG10,AG11,1.10,1.10,1.10,0.60,1.10,2026-09-14T01:37:02.746Z
AG10,AG12,1.40,1.40,1.30,0.70,1.40,2026-09-14T01:37:02.746Z
AG10,AG13,1.70,1.70,1.50,0.80,1.70,2026-09-14T01:37:02.912Z
AG10,AG14,2.00,2.00,1.80,1.00,2.00,2026-09-14T01:37:02.909Z
AG10,AG15,2.30,2.30,2.00,1.10,2.30,2026-09-14T01:37:02.787Z
AG10,AG16,2.50,2.50,2.20,1.20,2.50,2026-09-14T01:37:02.814Z
AG10,AG17,2.60,2.60,2.30,1.30,2.60,2026-09-14T01:37:02.919Z
AG10,AG18,2.90,2.90,2.60,1.50,2.90,2026-09-14T01:37:02.917Z
AG10,AG2,2.40,2.40,2.10,1.20,2.40,2026-09-14T01:37:02.918Z
AG10,AG3,2.20,2.20,2.00,1.10,2.20,2026-09-14T01:37:02.944Z
AG10,AG4,2.00,2.00,1.80,1.00,2.00,2026-09-14T01:37:02.961Z
AG10,AG5,2.00,2.00,1.80,1.00,2.00,2026-09-14T01:37:03.076Z
AG10,AG6,1.80,1.80,1.60,0.90,1.80,2026-09-14T01:37:03.077Z
AG10,AG7,1.60,1.60,1.40,0.80,1.60,2026-09-14T01:37:03.075Z
AG10,AG8,1.30,1.30,1.20,0.60,1.30,2026-09-14T01:37:03.090Z
AG10,AG9,1.10,1.10,1.00,0.50,1.10,2026-09-14T01:37:03.092Z
AG10,KG04,4.20,4.20,3.70,2.10,4.20,2026-09-14T01:37:03.091Z
AG10,KG05,4.40,4.40,3.80,2.10,4.40,2026-09-14T01:37:03.112Z
AG10,KG06,4.60,4.60,4.00,2.20,4.60,2026-09-14T01:37:03.115Z
AG10,KG07,4.30,4.30,3.70,2.10,4.30,2026-09-14T01:37:03.255Z
AG10,KG08,4.00,4.00,3.40,1.90,4.00,2026-09-14T01:37:03.254Z
AG10,KG09,4.10,4.10,3.60,2.00,4.10,2026-09-14T01:37:03.254Z
AG10,KG10,3.70,3.70,3.20,1.80,3.70,2026-09-14T01:37:03.255Z
AG10,KG12,3.40,3.40,3.00,1.60,3.40,2026-09-14T01:37:03.267Z
AG10,KG13,3.00,3.00,2.60,1.40,3.00,2026-09-14T01:37:03.264Z
AG10,KG14,2.40,2.40,2.10,1.10,2.40,2026-09-14T01:37:03.285Z
AG10,KG15,1.90,1.90,1.70,0.90,1.90,2026-09-14T01:37:03.289Z
AG10,KG16,1.50,1.50,1.40,0.70,1.50,2026-09-14T01:37:03.423Z
AG10,KG17,1.30,1.30,1.20,0.60,1.30,2026-09-14T01:37:03.422Z
AG10,KG18A,1.70,1.70,1.50,0.80,1.70,2026-09-14T01:37:03.437Z
AG10,KG20,1.60,1.60,1.50,0.90,1.60,2026-09-14T01:37:03.419Z
AG10,KG21,2.00,2.00,1.80,1.00,2.00,2026-09-14T01:37:03.430Z
AG10,KG22,1.70,1.70,1.50,0.80,1.70,2026-09-14T01:37:03.440Z
AG10,KG23,2.20,2.20,2.00,1.10,2.20,2026-09-14T01:37:03.458Z
AG10,KG24,2.50,2.50,2.20,1.20,2.50,2026-09-14T01:37:03.461Z
AG10,KG25,2.90,2.90,2.50,1.40,2.90,2026-09-14T01:37:03.594Z
AG10,KG26,3.40,3.40,2.90,1.60,3.40,2026-09-14T01:37:03.595Z
AG10,KG27,4.00,4.00,3.40,1.90,4.00,2026-09-14T01:37:03.590Z
AG10,KG28,3.90,3.90,3.40,1.90,3.90,2026-09-14T01:37:03.592Z
AG10,KG29,4.30,4.30,3.70,2.00,4.30,2026-09-14T01:37:03.596Z
AG10,KG30,4.30,4.30,3.80,2.10,4.30,2026-09-14T01:37:03.602Z
AG10,KG31,4.30,4.30,3.70,2.10,4.30,2026-09-14T01:37:03.618Z
AG10,KG33,4.50,4.50,4.00,2.20,4.50,2026-09-14T01:37:03.617Z
AG10,KG34,4.70,4.70,4.10,2.30,4.70,2026-09-14T01:37:03.771Z
AG10,KG35,4.10,4.10,3.50,1.90,4.10,2026-09-14T01:37:03.775Z
AG10,KJ1,4.50,4.50,3.80,2.20,4.50,2026-09-14T01:37:03.772Z
AG10,KJ10,2.60,2.60,2.30,1.30,2.60,2026-09-14T01:37:03.771Z
AG10,KJ11,2.30,2.30,2.00,1.10,2.30,2026-09-14T01:37:03.776Z
AG10,KJ12,2.00,2.00,1.70,1.00,2.00,2026-09-14T01:37:03.782Z
AG10,KJ13,1.60,1.60,1.40,0.80,1.60,2026-09-14T01:37:03.785Z
AG10,KJ14,1.50,1.50,1.40,0.70,1.50,2026-09-14T01:37:03.784Z
AG10,KJ15,2.00,2.00,1.80,0.90,2.00,2026-09-14T01:37:03.931Z
AG10,KJ16,2.30,2.30,2.10,1.10,2.30,2026-09-14T01:37:03.934Z
AG10,KJ17,2.70,2.70,2.40,1.30,2.70,2026-09-14T01:37:03.931Z
AG10,KJ18,2.70,2.70,2.40,1.30,2.70,2026-09-14T01:37:03.941Z
AG10,KJ19,2.90,2.90,2.60,1.40,2.90,2026-09-14T01:37:03.945Z
AG10,KJ2,4.30,4.30,3.70,2.00,4.30,2026-09-14T01:37:03.946Z
AG10,KJ20,3.70,3.70,3.20,1.70,3.70,2026-09-14T01:37:03.945Z
AG10,KJ21,3.80,3.80,3.30,1.90,3.80,2026-09-14T01:37:03.950Z
AG10,KJ22,3.80,3.80,3.40,1.80,3.80,2026-09-14T01:37:04.105Z
AG10,KJ23,4.10,4.10,3.60,2.00,4.10,2026-09-14T01:37:04.109Z
AG10,KJ24,4.40,4.40,3.80,2.10,4.40,2026-09-14T01:37:04.105Z
AG10,KJ25,4.20,4.20,3.60,2.00,4.20,2026-09-14T01:37:04.105Z
AG10,KJ26,4.30,4.30,3.80,2.10,4.30,2026-09-14T01:37:04.120Z
AG10,KJ27,4.60,4.60,4.00,2.20,4.60,2026-09-14T01:37:04.124Z
AG10,KJ28,4.50,4.50,3.80,2.20,4.50,2026-09-14T01:37:04.120Z
AG10,KJ29,4.40,4.40,3.80,2.10,4.40,2026-09-14T01:37:04.120Z
AG10,KJ3,4.20,4.20,3.60,2.10,4.20,2026-09-14T01:37:04.279Z
AG10,KJ30,4.60,4.60,4.00,2.20,4.60,2026-09-14T01:37:04.279Z
AG10,KJ31,4.90,4.90,4.20,2.30,4.90,2026-09-14T01:37:04.277Z
AG10,KJ32,4.40,4.40,3.70,2.10,4.40,2026-09-14T01:37:04.278Z
AG10,KJ33,4.30,4.30,3.70,2.00,4.30,2026-09-14T01:37:04.289Z
AG10,KJ34,4.40,4.40,3.80,2.10,4.40,2026-09-14T01:37:04.288Z
AG10,KJ35,4.60,4.60,4.00,2.20,4.60,2026-09-14T01:37:04.291Z
AG10,KJ36,4.60,4.60,4.00,2.30,4.60,2026-09-14T01:37:04.290Z
AG10,KJ37,4.10,4.10,3.60,2.00,4.10,2026-09-14T01:37:04.444Z
AG10,KJ4,4.00,4.00,3.40,1.90,4.00,2026-09-14T01:37:04.447Z
AG10,KJ5,3.80,3.80,3.20,1.80,3.80,2026-09-14T01:37:04.454Z
AG10,KJ6,3.50,3.50,3.00,1.70,3.50,2026-09-14T01:37:04.455Z
AG10,KJ7,3.20,3.20,2.80,1.60,3.20,2026-09-14T01:37:04.456Z
AG10,KJ8,3.00,3.00,2.60,1.50,3.00,2026-09-14T01:37:04.454Z
AG10,KJ9,2.70,2.70,2.40,1.40,2.70,2026-09-14T01:37:04.456Z
AG10,MR1,3.10,3.10,2.70,1.50,3.10,2026-09-14T01:37:04.453Z
AG10,MR10,2.80,2.80,2.40,1.30,2.80,2026-09-14T01:37:04.615Z
AG10,MR11,2.20,2.20,2.00,1.10,2.20,2026-09-14T01:37:04.618Z
AG10,MR2,2.80,2.80,2.40,1.30,2.80,2026-09-14T01:37:04.617Z
AG10,MR3,1.80,1.80,1.60,0.80,1.80,2026-09-14T01:37:04.610Z
AG10,MR4,1.10,1.10,1.00,0.50,1.10,2026-09-14T01:37:04.628Z
AG10,MR5,1.50,1.50,1.30,0.60,1.50,2026-09-14T01:37:04.627Z
AG10,MR6,1.80,1.80,1.60,0.80,1.80,2026-09-14T01:37:04.630Z
AG10,MR7,2.20,2.20,1.90,1.00,2.20,2026-09-14T01:37:04.630Z
AG10,MR8,2.70,2.70,2.40,1.30,2.70,2026-09-14T01:37:04.785Z
AG10,MR9,3.20,3.20,2.80,1.50,3.20,2026-09-14T01:37:04.791Z
AG10,PY01,4.20,4.20,3.70,2.10,4.20,2026-09-14T01:37:04.794Z
AG10,PY03,3.90,3.90,3.50,2.00,3.90,2026-09-14T01:37:04.794Z
AG10,PY04,4.60,4.60,4.10,2.30,4.60,2026-09-14T01:37:04.804Z
AG10,PY05,4.40,4.40,3.90,2.20,4.40,2026-09-14T01:37:04.801Z
AG10,PY06,4.20,4.20,3.70,2.10,4.20,2026-09-14T01:37:04.803Z
AG10,PY07,3.90,3.90,3.50,2.00,3.90,2026-09-14T01:37:04.801Z
AG10,PY08,4.40,4.40,3.90,2.20,4.40,2026-09-14T01:37:04.959Z
AG10,PY09,4.10,4.10,3.60,2.00,4.10,2026-09-14T01:37:04.959Z
AG10,PY10,3.90,3.90,3.50,2.00,3.90,2026-09-14T01:37:04.956Z
AG10,PY11,3.70,3.70,3.30,1.90,3.70,2026-09-14T01:37:04.958Z
AG10,PY12,3.90,3.90,3.40,1.90,3.90,2026-09-14T01:37:04.981Z
AG10,PY13,3.60,3.60,3.20,1.70,3.60,2026-09-14T01:37:04.981Z
AG10,PY14,3.30,3.30,2.90,1.60,3.30,2026-09-14T01:37:04.984Z
AG10,PY15,3.00,3.00,2.70,1.50,3.00,2026-09-14T01:37:04.984Z
AG10,PY16,2.60,2.60,2.40,1.30,2.60,2026-09-14T01:37:05.110Z
AG10,PY17,2.20,2.20,2.00,1.10,2.20,2026-09-14T01:37:05.112Z
AG10,PY18,2.40,2.40,2.20,1.20,2.40,2026-09-14T01:37:05.110Z
AG10,PY19,2.40,2.40,2.20,1.30,2.40,2026-09-14T01:37:05.133Z
AG10,PY20,2.30,2.30,2.10,1.20,2.30,2026-09-14T01:37:05.149Z
AG10,PY21,2.10,2.10,1.90,1.10,2.10,2026-09-14T01:37:05.147Z
AG10,PY22,1.90,1.90,1.80,1.00,1.90,2026-09-14T01:37:05.155Z
AG10,PY23,1.60,1.60,1.50,0.90,1.60,2026-09-14T01:37:05.153Z
AG10,PY24,1.10,1.10,1.10,0.60,1.10,2026-09-14T01:37:05.284Z
AG10,PY27,2.50,2.50,2.30,1.30,2.50,2026-09-14T01:37:05.286Z
AG10,PY28,2.90,2.90,2.60,1.50,2.90,2026-09-14T01:37:05.283Z
AG10,PY29,2.90,2.90,2.60,1.40,2.90,2026-09-14T01:37:05.290Z
AG10,PY31,3.60,3.60,3.20,1.80,3.60,2026-09-14T01:37:05.324Z
AG10,PY32,4.00,4.00,3.50,1.90,4.00,2026-09-14T01:37:05.313Z
AG10,PY33,4.20,4.20,3.70,2.00,4.20,2026-09-14T01:37:05.326Z
AG10,PY34,4.00,4.00,3.50,2.00,4.00,2026-09-14T01:37:05.333Z
AG10,PY36,4.10,4.10,3.60,2.00,4.10,2026-09-14T01:37:05.467Z
AG10,PY37,4.30,4.30,3.80,2.20,4.30,2026-09-14T01:37:05.464Z
AG10,PY38,4.70,4.70,4.10,2.30,4.70,2026-09-14T01:37:05.459Z
AG10,PY39,4.00,4.00,3.50,2.00,4.00,2026-09-14T01:37:05.467Z
AG10,PY40,4.20,4.20,3.70,2.10,4.20,2026-09-14T01:37:05.493Z
AG10,PY41,4.30,4.30,3.80,2.10,4.30,2026-09-14T01:37:05.492Z
AG10,SB1,9.30,9.30,7.90,4.50,9.30,2026-09-14T01:37:05.502Z
AG10,SB2,8.70,8.70,7.30,4.20,8.70,2026-09-14T01:37:05.498Z
AG10,SB3,8.00,8.00,6.80,3.90,8.00,2026-09-14T01:37:05.630Z
AG10,SB4,7.30,7.30,6.20,3.50,7.30,2026-09-14T01:37:05.635Z
AG10,SB5,6.60,6.60,5.60,3.20,6.60,2026-09-14T01:37:05.633Z
AG10,SB6,5.70,5.70,4.90,2.70,5.70,2026-09-14T01:37:05.637Z
AG10,SB7,4.90,4.90,4.20,2.30,4.90,2026-09-14T01:37:05.653Z
AG10,SP1,2.60,2.60,2.30,1.30,2.60,2026-09-14T01:37:05.655Z
AG10,SP10,0.80,0.80,0.80,0.40,0.80,2026-09-14T01:37:05.665Z
AG10,SP11,1.10,1.10,1.10,0.60,1.10,2026-09-14T01:37:05.664Z
AG10,SP12,1.70,1.70,1.50,0.80,1.70,2026-09-14T01:37:05.792Z
AG10,SP13,2.00,2.00,1.80,1.00,2.00,2026-09-14T01:37:05.794Z
AG10,SP14,2.40,2.40,2.10,1.20,2.40,2026-09-14T01:37:05.791Z
AG10,SP15,2.90,2.90,2.50,1.40,2.90,2026-09-14T01:37:05.814Z
AG10,SP16,2.90,2.90,2.60,1.40,2.90,2026-09-14T01:37:05.844Z
AG10,SP17,3.40,3.40,2.90,1.60,3.40,2026-09-14T01:37:05.843Z
AG10,SP18,3.50,3.50,3.10,1.70,3.50,2026-09-14T01:37:05.839Z
AG10,SP19,3.90,3.90,3.40,1.90,3.90,2026-09-14T01:37:05.840Z
AG10,SP2,2.40,2.40,2.10,1.20,2.40,2026-09-14T01:37:05.968Z
AG10,SP20,3.60,3.60,3.10,1.70,3.60,2026-09-14T01:37:05.969Z
AG10,SP21,3.80,3.80,3.30,1.90,3.80,2026-09-14T01:37:05.968Z
AG10,SP22,4.10,4.10,3.50,2.00,4.10,2026-09-14T01:37:05.978Z
AG10,SP24,3.80,3.80,3.40,1.90,3.80,2026-09-14T01:37:06.014Z
AG10,SP25,4.10,4.10,3.60,2.00,4.10,2026-09-14T01:37:06.015Z
AG10,SP26,4.30,4.30,3.70,2.10,4.30,2026-09-14T01:37:06.015Z
AG10,SP27,3.50,3.50,3.10,1.70,3.50,2026-09-14T01:37:06.023Z
AG10,SP28,3.70,3.70,3.20,1.80,3.70,2026-09-14T01:37:06.138Z
AG10,SP29,3.90,3.90,3.40,1.90,3.90,2026-09-14T01:37:06.144Z
AG10,SP3,2.20,2.20,2.00,1.10,2.20,2026-09-14T01:37:06.134Z
AG10,SP31,4.10,4.10,3.60,2.00,4.10,2026-09-14T01:37:06.154Z
AG10,SP4,2.00,2.00,1.80,1.00,2.00,2026-09-14T01:37:06.185Z
AG10,SP5,2.00,2.00,1.80,1.00,2.00,2026-09-14T01:37:06.183Z
AG10,SP6,1.80,1.80,1.60,0.90,1.80,2026-09-14T01:37:06.181Z
AG10,SP7,1.60,1.60,1.40,0.80,1.60,2026-09-14T01:37:06.182Z
AG10,SP8,1.30,1.30,1.20,0.60,1.30,2026-09-14T01:37:06.319Z
AG10,SP9,1.10,1.10,1.00,0.50,1.10,2026-09-14T01:37:06.312Z
AG11,AG12,1.10,1.10,1.00,0.50,1.10,2026-09-14T01:37:06.312Z
AG11,AG13,1.40,1.40,1.30,0.70,1.40,2026-09-14T01:37:06.321Z
AG11,AG14,1.90,1.90,1.70,0.90,1.90,2026-09-14T01:37:06.376Z
AG11,AG15,2.00,2.00,1.80,1.00,2.00,2026-09-14T01:37:06.351Z
AG11,AG16,2.20,2.20,2.00,1.10,2.20,2026-09-14T01:37:06.378Z
AG11,AG17,2.30,2.30,2.10,1.20,2.30,2026-09-14T01:37:06.372Z
AG11,AG18,2.70,2.70,2.30,1.30,2.70,2026-09-14T01:37:06.482Z
AG11,AG2,2.70,2.70,2.30,1.30,2.70,2026-09-14T01:37:06.482Z
AG11,AG3,2.50,2.50,2.20,1.20,2.50,2026-09-14T01:37:06.480Z
AG11,AG4,2.30,2.30,2.00,1.10,2.30,2026-09-14T01:37:06.485Z
AG11,AG5,2.10,2.10,1.90,1.00,2.10,2026-09-14T01:37:06.513Z
AG11,AG6,1.90,1.90,1.70,1.00,1.90,2026-09-14T01:37:06.521Z
AG11,AG7,1.90,1.90,1.70,0.90,1.90,2026-09-14T01:37:06.525Z
AG11,AG8,1.60,1.60,1.40,0.80,1.60,2026-09-14T01:37:06.523Z
AG11,AG9,1.40,1.40,1.30,0.70,1.40,2026-09-14T01:37:06.657Z
AG11,KG04,3.90,3.90,3.40,1.90,3.90,2026-09-14T01:37:06.660Z
AG11,KG05,4.30,4.30,3.70,2.10,4.30,2026-09-14T01:37:06.661Z
AG11,KG06,4.40,4.40,3.80,2.20,4.40,2026-09-14T01:37:06.659Z
AG11,KG07,4.50,4.50,3.90,2.20,4.50,2026-09-14T01:37:06.685Z
AG11,KG08,4.30,4.30,3.60,2.10,4.30,2026-09-14T01:37:06.685Z
AG11,KG09,4.20,4.20,3.60,2.10,4.20,2026-09-14T01:37:06.703Z
AG11,KG10,4.00,4.00,3.40,2.00,4.00,2026-09-14T01:37:06.696Z
AG11,KG12,3.70,3.70,3.20,1.80,3.70,2026-09-14T01:37:06.822Z
AG11,KG13,3.30,3.30,2.80,1.60,3.30,2026-09-14T01:37:06.821Z
AG11,KG14,2.70,2.70,2.30,1.30,2.70,2026-09-14T01:37:06.825Z
AG11,KG15,2.20,2.20,1.90,1.10,2.20,2026-09-14T01:37:06.821Z
AG11,KG16,1.80,1.80,1.60,0.90,1.80,2026-09-14T01:37:06.855Z
AG11,KG17,1.60,1.60,1.40,0.80,1.60,2026-09-14T01:37:06.854Z
AG11,KG18A,1.70,1.70,1.60,0.90,1.70,2026-09-14T01:37:06.872Z
AG11,KG20,1.30,1.30,1.20,0.70,1.30,2026-09-14T01:37:06.868Z
AG11,KG21,1.70,1.70,1.50,0.90,1.70,2026-09-14T01:37:07.002Z
AG11,KG22,1.40,1.40,1.30,0.70,1.40,2026-09-14T01:37:06.995Z
AG11,KG23,1.90,1.90,1.80,1.00,1.90,2026-09-14T01:37:06.996Z
AG11,KG24,2.20,2.20,2.00,1.10,2.20,2026-09-14T01:37:06.999Z
AG11,KG25,2.60,2.60,2.30,1.30,2.60,2026-09-14T01:37:07.024Z
AG11,KG26,3.00,3.00,2.60,1.50,3.00,2026-09-14T01:37:07.023Z
AG11,KG27,3.70,3.70,3.20,1.80,3.70,2026-09-14T01:37:07.029Z
AG11,KG28,3.60,3.60,3.20,1.80,3.60,2026-09-14T01:37:07.024Z
AG11,KG29,4.00,4.00,3.50,1.90,4.00,2026-09-14T01:37:07.163Z
AG11,KG30,4.00,4.00,3.50,2.00,4.00,2026-09-14T01:37:07.162Z
AG11,KG31,4.00,4.00,3.50,2.00,4.00,2026-09-14T01:37:07.163Z
AG11,KG33,4.20,4.20,3.70,2.10,4.20,2026-09-14T01:37:07.176Z
AG11,KG34,4.40,4.40,3.80,2.20,4.40,2026-09-14T01:37:07.189Z
AG11,KG35,4.30,4.30,3.70,2.10,4.30,2026-09-14T01:37:07.188Z
AG11,KJ1,4.80,4.80,4.10,2.30,4.80,2026-09-14T01:37:07.188Z
AG11,KJ10,2.90,2.90,2.60,1.40,2.90,2026-09-14T01:37:07.188Z
AG11,KJ11,2.60,2.60,2.30,1.20,2.60,2026-09-14T01:37:07.337Z
AG11,KJ12,2.30,2.30,2.00,1.10,2.30,2026-09-14T01:37:07.331Z
AG11,KJ13,1.90,1.90,1.70,0.90,1.90,2026-09-14T01:37:07.371Z
AG11,KJ14,1.80,1.80,1.60,0.90,1.80,2026-09-14T01:37:07.386Z
AG11,KJ15,2.30,2.30,2.00,1.10,2.30,2026-09-14T01:37:07.365Z
AG11,KJ16,2.60,2.60,2.30,1.30,2.60,2026-09-14T01:37:07.357Z
AG11,KJ17,3.00,3.00,2.60,1.50,3.00,2026-09-14T01:37:07.411Z
AG11,KJ18,3.00,3.00,2.60,1.50,3.00,2026-09-14T01:37:07.378Z
AG11,KJ19,3.20,3.20,2.80,1.60,3.20,2026-09-14T01:37:07.506Z
AG11,KJ2,4.60,4.60,3.90,2.20,4.60,2026-09-14T01:37:07.505Z
AG11,KJ20,4.00,4.00,3.40,1.90,4.00,2026-09-14T01:37:07.535Z
AG11,KJ21,4.10,4.10,3.60,2.00,4.10,2026-09-14T01:37:07.533Z
AG11,KJ22,4.10,4.10,3.60,2.00,4.10,2026-09-14T01:37:07.553Z
AG11,KJ23,4.40,4.40,3.80,2.20,4.40,2026-09-14T01:37:07.557Z
AG11,KJ24,4.70,4.70,4.00,2.30,4.70,2026-09-14T01:37:07.557Z
AG11,KJ25,4.50,4.50,3.80,2.20,4.50,2026-09-14T01:37:07.579Z
AG11,KJ26,4.60,4.60,4.00,2.30,4.60,2026-09-14T01:37:07.673Z
AG11,KJ27,4.90,4.90,4.20,2.40,4.90,2026-09-14T01:37:07.672Z
AG11,KJ28,4.80,4.80,4.10,2.30,4.80,2026-09-14T01:37:07.699Z
AG11,KJ29,4.70,4.70,4.00,2.30,4.70,2026-09-14T01:37:07.699Z
AG11,KJ3,4.50,4.50,3.90,2.20,4.50,2026-09-14T01:37:07.711Z
AG11,KJ30,4.90,4.90,4.20,2.40,4.90,2026-09-14T01:37:07.701Z
AG11,KJ31,5.20,5.20,4.40,2.50,5.20,2026-09-14T01:37:07.701Z
AG11,KJ32,4.70,4.70,4.00,2.20,4.70,2026-09-14T01:37:07.743Z
AG11,KJ33,4.60,4.60,3.90,2.20,4.60,2026-09-14T01:37:07.836Z
AG11,KJ34,4.70,4.70,4.00,2.30,4.70,2026-09-14T01:37:07.842Z
AG11,KJ35,4.90,4.90,4.20,2.40,4.90,2026-09-14T01:37:07.869Z
AG11,KJ36,4.50,4.50,3.90,2.30,4.50,2026-09-14T01:37:07.880Z
AG11,KJ37,4.00,4.00,3.50,2.00,4.00,2026-09-14T01:37:07.873Z
AG11,KJ4,4.30,4.30,3.70,2.00,4.30,2026-09-14T01:37:07.874Z
AG11,KJ5,4.10,4.10,3.50,1.90,4.10,2026-09-14T01:37:07.871Z
AG11,KJ6,3.80,3.80,3.30,1.80,3.80,2026-09-14T01:37:07.892Z
AG11,KJ7,3.60,3.60,3.20,1.70,3.60,2026-09-14T01:37:07.992Z
AG11,KJ8,3.30,3.30,2.90,1.60,3.30,2026-09-14T01:37:08.023Z
AG11,KJ9,3.00,3.00,2.70,1.50,3.00,2026-09-14T01:37:08.038Z
AG11,MR1,3.40,3.40,3.00,1.70,3.40,2026-09-14T01:37:08.046Z
AG11,MR10,3.10,3.10,2.70,1.50,3.10,2026-09-14T01:37:08.040Z
AG11,MR11,2.50,2.50,2.20,1.20,2.50,2026-09-14T01:37:08.038Z
AG11,MR2,3.10,3.10,2.70,1.50,3.10,2026-09-14T01:37:08.038Z
AG11,MR3,2.10,2.10,1.90,1.00,2.10,2026-09-14T01:37:08.041Z
AG11,MR4,1.40,1.40,1.30,0.70,1.40,2026-09-14T01:37:08.171Z
AG11,MR5,1.80,1.80,1.60,0.80,1.80,2026-09-14T01:37:08.198Z
AG11,MR6,2.10,2.10,1.90,1.00,2.10,2026-09-14T01:37:08.211Z
AG11,MR7,2.50,2.50,2.20,1.20,2.50,2026-09-14T01:37:08.215Z
AG11,MR8,3.00,3.00,2.70,1.50,3.00,2026-09-14T01:37:08.211Z
AG11,MR9,3.50,3.50,3.10,1.70,3.50,2026-09-14T01:37:08.216Z
AG11,PY01,3.90,3.90,3.40,1.90,3.90,2026-09-14T01:37:08.216Z
AG11,PY03,3.60,3.60,3.20,1.80,3.60,2026-09-14T01:37:08.215Z
AG11,PY04,4.30,4.30,3.80,2.10,4.30,2026-09-14T01:37:08.343Z
AG11,PY05,4.10,4.10,3.60,2.00,4.10,2026-09-14T01:37:08.366Z
AG11,PY06,3.90,3.90,3.40,1.90,3.90,2026-09-14T01:37:08.384Z
AG11,PY07,3.60,3.60,3.20,1.80,3.60,2026-09-14T01:37:08.385Z
AG11,PY08,4.10,4.10,3.60,2.00,4.10,2026-09-14T01:37:08.391Z
AG11,PY09,3.80,3.80,3.30,1.80,3.80,2026-09-14T01:37:08.390Z
AG11,PY10,3.60,3.60,3.20,1.80,3.60,2026-09-14T01:37:08.393Z
AG11,PY11,3.40,3.40,3.00,1.70,3.40,2026-09-14T01:37:08.387Z
AG11,PY12,3.70,3.70,3.20,1.80,3.70,2026-09-14T01:37:08.512Z
AG11,PY13,3.40,3.40,3.00,1.70,3.40,2026-09-14T01:37:08.527Z
AG11,PY14,3.20,3.20,2.80,1.50,3.20,2026-09-14T01:37:08.539Z
AG11,PY15,3.00,3.00,2.70,1.50,3.00,2026-09-14T01:37:08.542Z
AG11,PY16,2.90,2.90,2.60,1.40,2.90,2026-09-14T01:37:08.546Z
AG11,PY17,2.50,2.50,2.20,1.20,2.50,2026-09-14T01:37:08.544Z
AG11,PY18,2.50,2.50,2.20,1.20,2.50,2026-09-14T01:37:08.546Z
AG11,PY19,2.10,2.10,1.90,1.10,2.10,2026-09-14T01:37:08.545Z
AG11,PY20,2.00,2.00,1.80,1.00,2.00,2026-09-14T01:37:08.691Z
AG11,PY21,1.80,1.80,1.60,0.90,1.80,2026-09-14T01:37:08.751Z
AG11,PY22,1.60,1.60,1.50,0.80,1.60,2026-09-14T01:37:08.726Z
AG11,PY23,1.30,1.30,1.20,0.70,1.30,2026-09-14T01:37:08.726Z
AG11,PY24,0.80,0.80,0.80,0.40,0.80,2026-09-14T01:37:08.731Z
AG11,PY27,2.20,2.20,2.00,1.10,2.20,2026-09-14T01:37:08.725Z
AG11,PY28,2.60,2.60,2.30,1.30,2.60,2026-09-14T01:37:08.726Z
AG11,PY29,3.00,3.00,2.60,1.50,3.00,2026-09-14T01:37:08.728Z
AG11,PY31,3.30,3.30,2.90,1.60,3.30,2026-09-14T01:37:09.104Z
AG11,PY32,3.70,3.70,3.20,1.80,3.70,2026-09-14T01:37:08.896Z
AG11,PY33,3.90,3.90,3.40,1.90,3.90,2026-09-14T01:37:08.899Z
AG11,PY34,3.70,3.70,3.20,1.80,3.70,2026-09-14T01:37:08.897Z
AG11,PY36,3.80,3.80,3.30,1.80,3.80,2026-09-14T01:37:08.908Z
AG11,PY37,4.00,4.00,3.50,2.00,4.00,2026-09-14T01:37:08.894Z
AG11,PY38,4.40,4.40,3.80,2.10,4.40,2026-09-14T01:37:08.896Z
AG11,PY39,3.70,3.70,3.20,1.80,3.70,2026-09-14T01:37:08.906Z
AG11,PY40,3.90,3.90,3.40,1.90,3.90,2026-09-14T01:37:09.075Z
AG11,PY41,4.00,4.00,3.50,1.90,4.00,2026-09-14T01:37:09.071Z
AG11,SB1,9.60,9.60,8.10,4.70,9.60,2026-09-14T01:37:09.063Z
AG11,SB2,9.00,9.00,7.50,4.40,9.00,2026-09-14T01:37:09.075Z
AG11,SB3,8.30,8.30,7.00,4.10,8.30,2026-09-14T01:37:09.068Z
AG11,SB4,7.60,7.60,6.40,3.70,7.60,2026-09-14T01:37:09.068Z
AG11,SB5,6.90,6.90,5.80,3.40,6.90,2026-09-14T01:37:09.057Z
AG11,SB6,6.00,6.00,5.10,2.90,6.00,2026-09-14T01:37:09.226Z
AG11,SB7,5.20,5.20,4.40,2.50,5.20,2026-09-14T01:37:09.229Z
AG11,SP1,2.90,2.90,2.50,1.40,2.90,2026-09-14T01:37:09.250Z
AG11,SP10,1.10,1.10,1.10,0.60,1.10,2026-09-14T01:37:09.243Z
AG11,SP11,0.80,0.80,0.80,0.40,0.80,2026-09-14T01:37:09.245Z
AG11,SP12,1.40,1.40,1.30,0.70,1.40,2026-09-14T01:37:09.249Z
AG11,SP13,1.80,1.80,1.60,0.90,1.80,2026-09-14T01:37:09.242Z
AG11,SP14,2.10,2.10,1.90,1.10,2.10,2026-09-14T01:37:09.298Z
AG11,SP15,2.60,2.60,2.30,1.30,2.60,2026-09-14T01:37:09.399Z
AG11,SP16,3.00,3.00,2.60,1.50,3.00,2026-09-14T01:37:09.401Z
AG11,SP17,3.10,3.10,2.80,1.50,3.10,2026-09-14T01:37:09.415Z
AG11,SP18,3.30,3.30,2.90,1.60,3.30,2026-09-14T01:37:09.417Z
AG11,SP19,3.70,3.70,3.20,1.80,3.70,2026-09-14T01:37:09.416Z
AG11,SP2,2.70,2.70,2.30,1.30,2.70,2026-09-14T01:37:09.411Z
AG11,SP20,3.90,3.90,3.40,1.90,3.90,2026-09-14T01:37:09.414Z
AG11,SP21,3.60,3.60,3.20,1.80,3.60,2026-09-14T01:37:09.451Z
AG11,SP22,3.90,3.90,3.40,1.90,3.90,2026-09-14T01:37:09.575Z
AG11,SP24,3.70,3.70,3.20,1.80,3.70,2026-09-14T01:37:09.576Z
AG11,SP25,4.00,4.00,3.40,1.90,4.00,2026-09-14T01:37:09.592Z
AG11,SP26,4.10,4.10,3.60,2.00,4.10,2026-09-14T01:37:09.604Z
AG11,SP27,4.20,4.20,3.70,2.10,4.20,2026-09-14T01:37:09.585Z
AG11,SP28,3.60,3.60,3.10,1.70,3.60,2026-09-14T01:37:09.588Z
AG11,SP29,3.70,3.70,3.30,1.80,3.70,2026-09-14T01:37:09.586Z
AG11,SP3,2.50,2.50,2.20,1.20,2.50,2026-09-14T01:37:09.610Z
AG11,SP31,4.00,4.00,3.50,2.00,4.00,2026-09-14T01:37:09.740Z
AG11,SP4,2.30,2.30,2.00,1.10,2.30,2026-09-14T01:37:09.737Z
AG11,SP5,2.10,2.10,1.90,1.00,2.10,2026-09-14T01:37:09.761Z
AG11,SP6,1.90,1.90,1.70,1.00,1.90,2026-09-14T01:37:09.754Z
AG11,SP7,1.90,1.90,1.70,0.90,1.90,2026-09-14T01:37:09.760Z
AG11,SP8,1.60,1.60,1.40,0.80,1.60,2026-09-14T01:37:09.767Z
AG11,SP9,1.40,1.40,1.30,0.70,1.40,2026-09-14T01:37:09.770Z
AG12,AG13,1.10,1.10,1.10,0.60,1.10,2026-09-14T01:37:09.783Z
AG12,AG14,1.60,1.60,1.50,0.80,1.60,2026-09-14T01:37:09.933Z
AG12,AG15,1.90,1.90,1.70,0.90,1.90,2026-09-14T01:37:09.913Z
AG12,AG16,2.00,2.00,1.80,1.00,2.00,2026-09-14T01:37:09.923Z
AG12,AG17,2.10,2.10,1.90,1.10,2.10,2026-09-14T01:37:09.925Z
AG12,AG18,2.40,2.40,2.20,1.20,2.40,2026-09-14T01:37:09.933Z
AG12,AG2,2.90,2.90,2.50,1.40,2.90,2026-09-14T01:37:09.933Z
AG12,AG3,2.70,2.70,2.40,1.40,2.70,2026-09-14T01:37:09.941Z
AG12,AG4,2.50,2.50,2.20,1.20,2.50,2026-09-14T01:37:09.939Z
AG12,AG5,2.30,2.30,2.10,1.20,2.30,2026-09-14T01:37:10.080Z
AG12,AG6,2.10,2.10,1.90,1.10,2.10,2026-09-14T01:37:10.082Z
AG12,AG7,2.00,2.00,1.80,1.00,2.00,2026-09-14T01:37:10.099Z
AG12,AG8,1.80,1.80,1.70,0.90,1.80,2026-09-14T01:37:10.100Z
AG12,AG9,1.60,1.60,1.50,0.80,1.60,2026-09-14T01:37:10.102Z
AG12,KG04,4.10,4.10,3.60,2.00,4.10,2026-09-14T01:37:10.101Z
AG12,KG05,4.00,4.00,3.50,2.00,4.00,2026-09-14T01:37:10.129Z
AG12,KG06,4.50,4.50,3.90,2.20,4.50,2026-09-14T01:37:10.113Z
AG12,KG07,4.20,4.20,3.70,2.10,4.20,2026-09-14T01:37:10.257Z
AG12,KG08,4.00,4.00,3.50,2.00,4.00,2026-09-14T01:37:10.255Z
AG12,KG09,4.30,4.30,3.80,2.20,4.30,2026-09-14T01:37:10.271Z
AG12,KG10,4.00,4.00,3.50,2.00,4.00,2026-09-14T01:37:10.276Z
AG12,KG12,3.70,3.70,3.30,1.90,3.70,2026-09-14T01:37:10.275Z
AG12,KG13,3.60,3.60,3.20,1.70,3.60,2026-09-14T01:37:10.275Z
AG12,KG14,2.90,2.90,2.60,1.40,2.90,2026-09-14T01:37:10.283Z
AG12,KG15,2.40,2.40,2.20,1.20,2.40,2026-09-14T01:37:10.300Z
AG12,KG16,2.00,2.00,1.90,1.00,2.00,2026-09-14T01:37:10.420Z
AG12,KG17,1.80,1.80,1.70,0.90,1.80,2026-09-14T01:37:10.426Z
AG12,KG18A,2.00,2.00,1.80,1.00,2.00,2026-09-14T01:37:10.443Z
AG12,KG20,1.60,1.60,1.40,0.80,1.60,2026-09-14T01:37:10.456Z
AG12,KG21,1.40,1.40,1.40,0.80,1.40,2026-09-14T01:37:10.452Z
AG12,KG22,1.10,1.10,1.10,0.60,1.10,2026-09-14T01:37:10.441Z
AG12,KG23,1.60,1.60,1.60,0.90,1.60,2026-09-14T01:37:10.447Z
AG12,KG24,1.90,1.90,1.80,1.00,1.90,2026-09-14T01:37:10.464Z
AG12,KG25,2.30,2.30,2.10,1.20,2.30,2026-09-14T01:37:10.851Z
AG12,KG26,2.70,2.70,2.40,1.40,2.70,2026-09-14T01:37:10.593Z
AG12,KG27,3.40,3.40,3.00,1.70,3.40,2026-09-14T01:37:10.606Z
AG12,KG28,3.30,3.30,3.00,1.70,3.30,2026-09-14T01:37:10.614Z
AG12,KG29,3.70,3.70,3.30,1.80,3.70,2026-09-14T01:37:10.610Z
AG12,KG30,3.90,3.90,3.40,1.90,3.90,2026-09-14T01:37:10.620Z
AG12,KG31,3.70,3.70,3.30,1.90,3.70,2026-09-14T01:37:10.618Z
AG12,KG33,4.30,4.30,3.80,2.20,4.30,2026-09-14T01:37:10.634Z
AG12,KG34,4.50,4.50,3.90,2.30,4.50,2026-09-14T01:37:10.761Z
AG12,KG35,4.00,4.00,3.60,2.00,4.00,2026-09-14T01:37:10.780Z
AG12,KJ1,4.90,4.90,4.20,2.40,4.90,2026-09-14T01:37:10.782Z
AG12,KJ10,3.00,3.00,2.70,1.50,3.00,2026-09-14T01:37:10.782Z
AG12,KJ11,2.70,2.70,2.40,1.30,2.70,2026-09-14T01:37:10.782Z
AG12,KJ12,2.40,2.40,2.10,1.20,2.40,2026-09-14T01:37:10.794Z
AG12,KJ13,2.00,2.00,1.80,1.00,2.00,2026-09-14T01:37:10.790Z
AG12,KJ14,2.00,2.00,1.90,1.00,2.00,2026-09-14T01:37:10.943Z
AG12,KJ15,2.50,2.50,2.30,1.20,2.50,2026-09-14T01:37:10.957Z
AG12,KJ16,2.80,2.80,2.60,1.40,2.80,2026-09-14T01:37:10.957Z
AG12,KJ17,3.20,3.20,2.90,1.60,3.20,2026-09-14T01:37:10.965Z
AG12,KJ18,3.20,3.20,2.90,1.60,3.20,2026-09-14T01:37:10.958Z
AG12,KJ19,3.50,3.50,3.20,1.70,3.50,2026-09-14T01:37:10.957Z
AG12,KJ2,4.80,4.80,4.20,2.30,4.80,2026-09-14T01:37:10.965Z
AG12,KJ20,4.20,4.20,3.70,2.00,4.20,2026-09-14T01:37:11.004Z
AG12,KJ21,4.20,4.20,3.70,2.10,4.20,2026-09-14T01:37:11.100Z
AG12,KJ22,4.30,4.30,3.90,2.10,4.30,2026-09-14T01:37:11.120Z
AG12,KJ23,4.60,4.60,4.10,2.30,4.60,2026-09-14T01:37:11.122Z
AG12,KJ24,4.90,4.90,4.30,2.40,4.90,2026-09-14T01:37:11.120Z
AG12,KJ25,4.70,4.70,4.10,2.30,4.70,2026-09-14T01:37:11.126Z
AG12,KJ26,4.80,4.80,4.30,2.40,4.80,2026-09-14T01:37:11.133Z
AG12,KJ27,5.10,5.10,4.50,2.50,5.10,2026-09-14T01:37:11.133Z
AG12,KJ28,4.90,4.90,4.20,2.40,4.90,2026-09-14T01:37:11.164Z
AG12,KJ29,4.90,4.90,4.30,2.40,4.90,2026-09-14T01:37:11.259Z
AG12,KJ3,4.60,4.60,4.00,2.30,4.60,2026-09-14T01:37:11.286Z
AG12,KJ30,5.10,5.10,4.50,2.50,5.10,2026-09-14T01:37:11.285Z
AG12,KJ31,5.40,5.40,4.70,2.60,5.40,2026-09-14T01:37:11.290Z
AG12,KJ32,4.80,4.80,4.10,2.30,4.80,2026-09-14T01:37:11.293Z
AG12,KJ33,4.80,4.80,4.20,2.30,4.80,2026-09-14T01:37:11.300Z
AG12,KJ34,4.90,4.90,4.30,2.40,4.90,2026-09-14T01:37:11.302Z
AG12,KJ35,4.90,4.90,4.20,2.40,4.90,2026-09-14T01:37:11.329Z
AG12,KJ36,4.40,4.40,3.80,2.20,4.40,2026-09-14T01:37:11.431Z
AG12,KJ37,3.90,3.90,3.40,1.90,3.90,2026-09-14T01:37:11.454Z
AG12,KJ4,4.40,4.40,3.80,2.10,4.40,2026-09-14T01:37:11.440Z
AG12,KJ5,4.20,4.20,3.60,2.00,4.20,2026-09-14T01:37:11.706Z
AG12,KJ6,3.90,3.90,3.40,1.90,3.90,2026-09-14T01:37:11.462Z
AG12,KJ7,3.70,3.70,3.30,1.80,3.70,2026-09-14T01:37:11.465Z
AG12,KJ8,3.50,3.50,3.10,1.70,3.50,2026-09-14T01:37:11.467Z
AG12,KJ9,3.10,3.10,2.80,1.60,3.10,2026-09-14T01:37:11.487Z
AG12,MR1,3.60,3.60,3.20,1.80,3.60,2026-09-14T01:37:11.602Z
AG12,MR10,3.30,3.30,2.90,1.60,3.30,2026-09-14T01:37:11.603Z
AG12,MR11,2.70,2.70,2.40,1.40,2.70,2026-09-14T01:37:11.612Z
AG12,MR2,3.30,3.30,2.90,1.60,3.30,2026-09-14T01:37:11.616Z
AG12,MR3,2.30,2.30,2.10,1.10,2.30,2026-09-14T01:37:11.614Z
AG12,MR4,1.60,1.60,1.50,0.80,1.60,2026-09-14T01:37:11.631Z
AG12,MR5,2.00,2.00,1.80,0.90,2.00,2026-09-14T01:37:11.656Z
AG12,MR6,2.30,2.30,2.10,1.10,2.30,2026-09-14T01:37:11.758Z
AG12,MR7,2.70,2.70,2.40,1.30,2.70,2026-09-14T01:37:11.752Z
AG12,MR8,3.20,3.20,2.90,1.60,3.20,2026-09-14T01:37:11.768Z
AG12,MR9,3.70,3.70,3.30,1.80,3.70,2026-09-14T01:37:11.773Z
AG12,PY01,4.10,4.10,3.60,2.00,4.10,2026-09-14T01:37:11.782Z
AG12,PY03,3.90,3.90,3.40,1.90,3.90,2026-09-14T01:37:11.788Z
AG12,PY04,4.60,4.60,4.00,2.20,4.60,2026-09-14T01:37:11.800Z
AG12,PY05,4.40,4.40,3.80,2.10,4.40,2026-09-14T01:37:11.892Z
AG12,PY06,4.20,4.20,3.60,2.00,4.20,2026-09-14T01:37:11.913Z
AG12,PY07,3.90,3.90,3.40,1.90,3.90,2026-09-14T01:37:11.948Z
AG12,PY08,4.40,4.40,3.80,2.10,4.40,2026-09-14T01:37:11.949Z
AG12,PY09,4.10,4.10,3.50,1.90,4.10,2026-09-14T01:37:11.942Z
AG12,PY10,3.90,3.90,3.40,1.90,3.90,2026-09-14T01:37:11.952Z
AG12,PY11,3.70,3.70,3.20,1.80,3.70,2026-09-14T01:37:11.946Z
AG12,PY12,4.00,4.00,3.40,1.90,4.00,2026-09-14T01:37:11.972Z
AG12,PY13,3.70,3.70,3.20,1.80,3.70,2026-09-14T01:37:12.064Z
AG12,PY14,3.50,3.50,3.00,1.60,3.50,2026-09-14T01:37:12.079Z
AG12,PY15,3.30,3.30,2.90,1.60,3.30,2026-09-14T01:37:12.118Z
AG12,PY16,3.10,3.10,2.80,1.60,3.10,2026-09-14T01:37:12.109Z
AG12,PY17,2.70,2.70,2.40,1.40,2.70,2026-09-14T01:37:12.112Z
AG12,PY18,2.80,2.80,2.40,1.30,2.80,2026-09-14T01:37:12.109Z
AG12,PY19,2.40,2.40,2.10,1.20,2.40,2026-09-14T01:37:12.119Z
AG12,PY20,2.30,2.30,2.00,1.10,2.30,2026-09-14T01:37:12.122Z
AG12,PY21,2.10,2.10,1.80,1.00,2.10,2026-09-14T01:37:12.237Z
AG12,PY22,1.90,1.90,1.70,0.90,1.90,2026-09-14T01:37:12.255Z
AG12,PY23,1.60,1.60,1.40,0.80,1.60,2026-09-14T01:37:12.295Z
AG12,PY24,1.10,1.10,1.00,0.50,1.10,2026-09-14T01:37:12.295Z
AG12,PY27,2.50,2.50,2.20,1.20,2.50,2026-09-14T01:37:12.304Z
AG12,PY28,2.90,2.90,2.50,1.40,2.90,2026-09-14T01:37:12.295Z
AG12,PY29,2.80,2.80,2.40,1.40,2.80,2026-09-14T01:37:12.305Z
AG12,PY31,3.60,3.60,3.10,1.70,3.60,2026-09-14T01:37:12.295Z
AG12,PY32,4.00,4.00,3.40,1.90,4.00,2026-09-14T01:37:12.400Z
AG12,PY33,4.20,4.20,3.60,2.00,4.20,2026-09-14T01:37:12.431Z
AG12,PY34,4.00,4.00,3.40,1.90,4.00,2026-09-14T01:37:12.455Z
AG12,PY36,4.10,4.10,3.50,1.90,4.10,2026-09-14T01:37:12.464Z
AG12,PY37,4.30,4.30,3.70,2.10,4.30,2026-09-14T01:37:12.474Z
AG12,PY38,4.70,4.70,4.00,2.20,4.70,2026-09-14T01:37:12.473Z
AG12,PY39,4.00,4.00,3.40,1.90,4.00,2026-09-14T01:37:12.471Z
AG12,PY40,4.20,4.20,3.60,2.00,4.20,2026-09-14T01:37:13.484Z
AG12,PY41,4.30,4.30,3.70,2.00,4.30,2026-09-14T01:37:12.578Z
AG12,SB1,9.80,9.80,8.40,4.80,9.80,2026-09-14T01:37:12.593Z
AG12,SB2,9.20,9.20,7.80,4.50,9.20,2026-09-14T01:37:12.632Z
AG12,SB3,8.50,8.50,7.30,4.20,8.50,2026-09-14T01:37:12.672Z
AG12,SB4,7.80,7.80,6.70,3.80,7.80,2026-09-14T01:37:12.640Z
AG12,SB5,7.10,7.10,6.10,3.50,7.10,2026-09-14T01:37:12.666Z
AG12,SB6,6.20,6.20,5.40,3.00,6.20,2026-09-14T01:37:12.636Z
AG12,SB7,5.40,5.40,4.70,2.60,5.40,2026-09-14T01:37:12.750Z
AG12,SP1,3.10,3.10,2.70,1.60,3.10,2026-09-14T01:37:12.760Z
AG12,SP10,1.40,1.40,1.30,0.70,1.40,2026-09-14T01:37:12.799Z
AG12,SP11,1.10,1.10,1.00,0.50,1.10,2026-09-14T01:37:12.793Z
AG12,SP12,1.10,1.10,1.10,0.60,1.10,2026-09-14T01:37:12.800Z
AG12,SP13,1.60,1.60,1.40,0.80,1.60,2026-09-14T01:37:12.841Z
AG12,SP14,1.90,1.90,1.70,1.00,1.90,2026-09-14T01:37:12.844Z
AG12,SP15,2.40,2.40,2.10,1.20,2.40,2026-09-14T01:37:12.922Z
AG12,SP16,2.80,2.80,2.40,1.40,2.80,2026-09-14T01:37:12.936Z
AG12,SP17,3.00,3.00,2.60,1.40,3.00,2026-09-14T01:37:12.973Z
AG12,SP18,3.10,3.10,2.80,1.50,3.10,2026-09-14T01:37:12.975Z
AG12,SP19,3.50,3.50,3.10,1.70,3.50,2026-09-14T01:37:12.976Z
AG12,SP2,2.90,2.90,2.50,1.40,2.90,2026-09-14T01:37:13.020Z
AG12,SP20,3.70,3.70,3.20,1.80,3.70,2026-09-14T01:37:13.019Z
AG12,SP21,3.50,3.50,3.00,1.70,3.50,2026-09-14T01:37:13.122Z
AG12,SP22,3.70,3.70,3.30,1.80,3.70,2026-09-14T01:37:13.125Z
AG12,SP24,4.20,4.20,3.70,2.10,4.20,2026-09-14T01:37:13.155Z
AG12,SP25,3.80,3.80,3.30,1.90,3.80,2026-09-14T01:37:13.138Z
AG12,SP26,4.00,4.00,3.50,2.00,4.00,2026-09-14T01:37:13.157Z
AG12,SP27,4.10,4.10,3.60,2.00,4.10,2026-09-14T01:37:13.170Z
AG12,SP28,4.30,4.30,3.80,2.10,4.30,2026-09-14T01:37:13.172Z
AG12,SP29,3.60,3.60,3.20,1.80,3.60,2026-09-14T01:37:13.307Z
AG12,SP3,2.70,2.70,2.40,1.40,2.70,2026-09-14T01:37:13.307Z
AG12,SP31,3.90,3.90,3.40,1.90,3.90,2026-09-14T01:37:13.316Z
AG12,SP4,2.50,2.50,2.20,1.20,2.50,2026-09-14T01:37:13.317Z
AG12,SP5,2.30,2.30,2.10,1.20,2.30,2026-09-14T01:37:13.325Z
AG12,SP6,2.10,2.10,1.90,1.10,2.10,2026-09-14T01:37:13.337Z
AG12,SP7,2.00,2.00,1.80,1.00,2.00,2026-09-14T01:37:13.353Z
AG12,SP8,1.80,1.80,1.70,0.90,1.80,2026-09-14T01:37:13.484Z
AG12,SP9,1.60,1.60,1.50,0.80,1.60,2026-09-14T01:37:13.487Z
AG13,AG14,1.30,1.30,1.20,0.60,1.30,2026-09-14T01:37:13.485Z
AG13,AG15,1.60,1.60,1.40,0.80,1.60,2026-09-14T01:37:13.478Z
AG13,AG16,1.80,1.80,1.60,0.90,1.80,2026-09-14T01:37:13.485Z
AG13,AG17,1.90,1.90,1.80,1.00,1.90,2026-09-14T01:37:13.508Z
AG13,AG18,2.10,2.10,1.90,1.10,2.10,2026-09-14T01:37:13.519Z
AG13,AG2,3.10,3.10,2.80,1.50,3.10,2026-09-14T01:37:13.652Z
AG13,AG3,2.90,2.90,2.60,1.40,2.90,2026-09-14T01:37:13.662Z
AG13,AG4,2.80,2.80,2.40,1.40,2.80,2026-09-14T01:37:13.660Z
AG13,AG5,2.60,2.60,2.30,1.30,2.60,2026-09-14T01:37:13.656Z
AG13,AG6,2.40,2.40,2.20,1.20,2.40,2026-09-14T01:37:13.659Z
AG13,AG7,2.20,2.20,2.00,1.10,2.20,2026-09-14T01:37:13.660Z
AG13,AG8,2.00,2.00,1.80,1.00,2.00,2026-09-14T01:37:13.662Z
AG13,AG9,2.00,2.00,1.80,1.00,2.00,2026-09-14T01:37:13.684Z
AG13,KG04,3.80,3.80,3.30,1.90,3.80,2026-09-14T01:37:13.816Z
AG13,KG05,3.70,3.70,3.20,1.80,3.70,2026-09-14T01:37:13.829Z
AG13,KG06,4.20,4.20,3.60,2.00,4.20,2026-09-14T01:37:13.846Z
AG13,KG07,3.90,3.90,3.40,1.90,3.90,2026-09-14T01:37:13.840Z
AG13,KG08,3.70,3.70,3.20,1.80,3.70,2026-09-14T01:37:13.832Z
AG13,KG09,4.00,4.00,3.50,2.00,4.00,2026-09-14T01:37:13.831Z
AG13,KG10,3.70,3.70,3.20,1.80,3.70,2026-09-14T01:37:13.840Z
AG13,KG12,3.40,3.40,3.00,1.70,3.40,2026-09-14T01:37:13.850Z
AG13,KG13,3.30,3.30,2.90,1.60,3.30,2026-09-14T01:37:13.992Z
AG13,KG14,3.00,3.00,2.60,1.50,3.00,2026-09-14T01:37:14.007Z
AG13,KG15,2.60,2.60,2.30,1.30,2.60,2026-09-14T01:37:14.009Z
AG13,KG16,2.20,2.20,2.00,1.10,2.20,2026-09-14T01:37:14.009Z
AG13,KG17,2.00,2.00,1.80,1.00,2.00,2026-09-14T01:37:14.005Z
AG13,KG18A,1.90,1.90,1.70,1.00,1.90,2026-09-14T01:37:14.006Z
AG13,KG20,1.50,1.50,1.40,0.70,1.50,2026-09-14T01:37:14.023Z
AG13,KG21,1.10,1.10,1.10,0.60,1.10,2026-09-14T01:37:14.023Z
AG13,KG22,0.80,0.80,0.80,0.40,0.80,2026-09-14T01:37:14.156Z
AG13,KG23,1.30,1.30,1.30,0.70,1.30,2026-09-14T01:37:14.177Z
AG13,KG24,1.60,1.60,1.50,0.80,1.60,2026-09-14T01:37:14.174Z
AG13,KG25,2.00,2.00,1.80,1.00,2.00,2026-09-14T01:37:14.173Z
AG13,KG26,2.40,2.40,2.10,1.20,2.40,2026-09-14T01:37:14.177Z
AG13,KG27,3.00,3.00,2.60,1.50,3.00,2026-09-14T01:37:14.175Z
AG13,KG28,3.00,3.00,2.70,1.50,3.00,2026-09-14T01:37:14.188Z
AG13,KG29,3.40,3.40,3.00,1.60,3.40,2026-09-14T01:37:14.188Z
AG13,KG30,3.60,3.60,3.10,1.70,3.60,2026-09-14T01:37:14.333Z
AG13,KG31,3.40,3.40,3.00,1.70,3.40,2026-09-14T01:37:14.335Z
AG13,KG33,4.00,4.00,3.50,2.00,4.00,2026-09-14T01:37:14.332Z
AG13,KG34,4.20,4.20,3.60,2.10,4.20,2026-09-14T01:37:14.328Z
AG13,KG35,3.70,3.70,3.30,1.80,3.70,2026-09-14T01:37:14.332Z
AG13,KJ1,5.10,5.10,4.40,2.50,5.10,2026-09-14T01:37:14.339Z
AG13,KJ10,3.20,3.20,2.90,1.60,3.20,2026-09-14T01:37:14.363Z
AG13,KJ11,2.90,2.90,2.60,1.40,2.90,2026-09-14T01:37:14.363Z
AG13,KJ12,2.60,2.60,2.30,1.30,2.60,2026-09-14T01:37:14.489Z
AG13,KJ13,2.20,2.20,2.00,1.10,2.20,2026-09-14T01:37:14.487Z
AG13,KJ14,2.20,2.20,2.00,1.10,2.20,2026-09-14T01:37:14.490Z
AG13,KJ15,2.70,2.70,2.40,1.30,2.70,2026-09-14T01:37:14.489Z
AG13,KJ16,3.00,3.00,2.70,1.50,3.00,2026-09-14T01:37:14.489Z
AG13,KJ17,3.50,3.50,3.10,1.70,3.50,2026-09-14T01:37:14.502Z
AG13,KJ18,3.50,3.50,3.10,1.70,3.50,2026-09-14T01:37:14.525Z
AG13,KJ19,3.70,3.70,3.30,1.80,3.70,2026-09-14T01:37:14.526Z
AG13,KJ2,5.00,5.00,4.30,2.40,5.00,2026-09-14T01:37:14.668Z
AG13,KJ20,4.40,4.40,3.80,2.10,4.40,2026-09-14T01:37:14.657Z
AG13,KJ21,4.40,4.40,3.90,2.20,4.40,2026-09-14T01:37:14.659Z
AG13,KJ22,4.50,4.50,4.00,2.20,4.50,2026-09-14T01:37:14.660Z
AG13,KJ23,4.80,4.80,4.20,2.40,4.80,2026-09-14T01:37:14.676Z
AG13,KJ24,5.10,5.10,4.40,2.50,5.10,2026-09-14T01:37:14.676Z
AG13,KJ25,4.90,4.90,4.20,2.40,4.90,2026-09-14T01:37:14.684Z
AG13,KJ26,5.00,5.00,4.40,2.50,5.00,2026-09-14T01:37:14.684Z
AG13,KJ27,5.30,5.30,4.60,2.60,5.30,2026-09-14T01:37:14.840Z
AG13,KJ28,5.10,5.10,4.40,2.50,5.10,2026-09-14T01:37:14.840Z
AG13,KJ29,5.10,5.10,4.40,2.50,5.10,2026-09-14T01:37:14.839Z
AG13,KJ3,4.80,4.80,4.20,2.40,4.80,2026-09-14T01:37:14.837Z
AG13,KJ30,5.30,5.30,4.60,2.60,5.30,2026-09-14T01:37:14.842Z
AG13,KJ31,5.60,5.60,4.80,2.70,5.60,2026-09-14T01:37:14.842Z
AG13,KJ32,5.00,5.00,4.30,2.40,5.00,2026-09-14T01:37:14.837Z
AG13,KJ33,5.00,5.00,4.30,2.40,5.00,2026-09-14T01:37:14.851Z
AG13,KJ34,5.10,5.10,4.40,2.50,5.10,2026-09-14T01:37:15.006Z
AG13,KJ35,5.10,5.10,4.30,2.50,5.10,2026-09-14T01:37:15.007Z
AG13,KJ36,4.60,4.60,3.90,2.30,4.60,2026-09-14T01:37:15.007Z
AG13,KJ37,4.10,4.10,3.50,2.00,4.10,2026-09-14T01:37:15.005Z
AG13,KJ4,4.60,4.60,4.00,2.20,4.60,2026-09-14T01:37:15.006Z
AG13,KJ5,4.40,4.40,3.80,2.10,4.40,2026-09-14T01:37:15.015Z
AG13,KJ6,4.10,4.10,3.60,2.00,4.10,2026-09-14T01:37:15.016Z
AG13,KJ7,3.90,3.90,3.50,1.90,3.90,2026-09-14T01:37:15.014Z
AG13,KJ8,3.70,3.70,3.30,1.80,3.70,2026-09-14T01:37:15.185Z
AG13,KJ9,3.40,3.40,3.10,1.70,3.40,2026-09-14T01:37:15.181Z
AG13,MR1,4.00,4.00,3.50,2.00,4.00,2026-09-14T01:37:15.180Z
AG13,MR10,3.70,3.70,3.20,1.70,3.70,2026-09-14T01:37:15.178Z
AG13,MR11,2.90,2.90,2.60,1.40,2.90,2026-09-14T01:37:15.184Z
AG13,MR2,3.70,3.70,3.20,1.80,3.70,2026-09-14T01:37:15.199Z
AG13,MR3,2.70,2.70,2.40,1.30,2.70,2026-09-14T01:37:15.191Z
AG13,MR4,2.00,2.00,1.80,1.00,2.00,2026-09-14T01:37:15.192Z
AG13,MR5,2.40,2.40,2.10,1.10,2.40,2026-09-14T01:37:15.340Z
AG13,MR6,2.70,2.70,2.40,1.30,2.70,2026-09-14T01:37:15.354Z
AG13,MR7,3.10,3.10,2.70,1.50,3.10,2026-09-14T01:37:15.360Z
AG13,MR8,3.60,3.60,3.20,1.80,3.60,2026-09-14T01:37:15.355Z
AG13,MR9,4.10,4.10,3.60,2.00,4.10,2026-09-14T01:37:15.366Z
AG13,PY01,3.80,3.80,3.30,1.90,3.80,2026-09-14T01:37:15.358Z
AG13,PY03,4.20,4.20,3.70,2.10,4.20,2026-09-14T01:37:15.363Z
AG13,PY04,4.80,4.80,4.20,2.30,4.80,2026-09-14T01:37:15.369Z
AG13,PY05,4.60,4.60,4.00,2.20,4.60,2026-09-14T01:37:15.522Z
AG13,PY06,4.50,4.50,3.90,2.20,4.50,2026-09-14T01:37:15.534Z
AG13,PY07,4.20,4.20,3.70,2.10,4.20,2026-09-14T01:37:15.534Z
AG13,PY08,4.50,4.50,3.90,2.10,4.50,2026-09-14T01:37:15.541Z
AG13,PY09,4.20,4.20,3.60,2.00,4.20,2026-09-14T01:37:15.541Z
AG13,PY10,4.20,4.20,3.70,2.10,4.20,2026-09-14T01:37:15.536Z
AG13,PY11,4.00,4.00,3.50,2.00,4.00,2026-09-14T01:37:15.539Z
AG13,PY12,4.00,4.00,3.50,1.90,4.00,2026-09-14T01:37:15.545Z
AG13,PY13,3.80,3.80,3.30,1.80,3.80,2026-09-14T01:37:15.695Z
AG13,PY14,3.80,3.80,3.30,1.80,3.80,2026-09-14T01:37:15.684Z
AG13,PY15,3.60,3.60,3.20,1.80,3.60,2026-09-14T01:37:15.680Z
AG13,PY16,3.30,3.30,2.90,1.60,3.30,2026-09-14T01:37:15.687Z
AG13,PY17,2.90,2.90,2.60,1.40,2.90,2026-09-14T01:37:15.686Z
AG13,PY18,2.70,2.70,2.40,1.30,2.70,2026-09-14T01:37:15.701Z
AG13,PY19,2.50,2.50,2.20,1.20,2.50,2026-09-14T01:37:15.694Z
AG13,PY20,2.10,2.10,1.90,1.00,2.10,2026-09-14T01:37:15.717Z
AG13,PY21,2.00,2.00,1.80,0.90,2.00,2026-09-14T01:37:15.861Z
AG13,PY22,1.80,1.80,1.60,0.80,1.80,2026-09-14T01:37:15.883Z
AG13,PY23,1.50,1.50,1.40,0.70,1.50,2026-09-14T01:37:15.857Z
AG13,PY24,1.40,1.40,1.30,0.70,1.40,2026-09-14T01:37:15.866Z
AG13,PY27,2.80,2.80,2.50,1.40,2.80,2026-09-14T01:37:15.886Z
AG13,PY28,3.20,3.20,2.80,1.60,3.20,2026-09-14T01:37:15.880Z
AG13,PY29,3.00,3.00,2.70,1.50,3.00,2026-09-14T01:37:15.887Z
AG13,PY31,3.90,3.90,3.40,1.90,3.90,2026-09-14T01:37:15.895Z
AG13,PY32,4.20,4.20,3.70,2.00,4.20,2026-09-14T01:37:16.038Z
AG13,PY33,4.40,4.40,3.80,2.10,4.40,2026-09-14T01:37:16.026Z
AG13,PY34,4.30,4.30,3.70,2.10,4.30,2026-09-14T01:37:16.045Z
AG13,PY36,4.40,4.40,3.80,2.10,4.40,2026-09-14T01:37:16.052Z
AG13,PY37,4.60,4.60,4.00,2.30,4.60,2026-09-14T01:37:16.065Z
AG13,PY38,4.40,4.40,3.80,2.10,4.40,2026-09-14T01:37:16.060Z
AG13,PY39,4.30,4.30,3.70,2.10,4.30,2026-09-14T01:37:16.064Z
AG13,PY40,4.50,4.50,3.90,2.20,4.50,2026-09-14T01:37:16.057Z
AG13,PY41,4.60,4.60,4.00,2.20,4.60,2026-09-14T01:37:16.193Z
AG13,SB1,10.00,10.00,8.50,4.90,10.00,2026-09-14T01:37:16.225Z
AG13,SB2,9.40,9.40,7.90,4.60,9.40,2026-09-14T01:37:16.213Z
AG13,SB3,8.70,8.70,7.40,4.30,8.70,2026-09-14T01:37:16.236Z
AG13,SB4,8.00,8.00,6.80,3.90,8.00,2026-09-14T01:37:16.244Z
AG13,SB5,7.30,7.30,6.20,3.60,7.30,2026-09-14T01:37:16.241Z
AG13,SB6,6.40,6.40,5.50,3.10,6.40,2026-09-14T01:37:16.239Z
AG13,SB7,5.60,5.60,4.80,2.70,5.60,2026-09-14T01:37:16.237Z
AG13,SP1,3.00,3.00,2.70,1.50,3.00,2026-09-14T01:37:16.370Z
AG13,SP10,1.70,1.70,1.50,0.80,1.70,2026-09-14T01:37:16.398Z
AG13,SP11,1.40,1.40,1.30,0.70,1.40,2026-09-14T01:37:16.398Z
AG13,SP12,1.40,1.40,1.30,0.70,1.40,2026-09-14T01:37:16.398Z
AG13,SP13,1.90,1.90,1.70,0.90,1.90,2026-09-14T01:37:16.399Z
AG13,SP14,2.20,2.20,2.00,1.10,2.20,2026-09-14T01:37:16.408Z
AG13,SP15,2.70,2.70,2.40,1.30,2.70,2026-09-14T01:37:16.414Z
AG13,SP16,3.00,3.00,2.70,1.50,3.00,2026-09-14T01:37:16.412Z
AG13,SP17,3.20,3.20,2.80,1.50,3.20,2026-09-14T01:37:16.538Z
AG13,SP18,3.40,3.40,3.00,1.60,3.40,2026-09-14T01:37:16.584Z
AG13,SP19,3.80,3.80,3.30,1.80,3.80,2026-09-14T01:37:16.578Z
AG13,SP2,3.10,3.10,2.80,1.50,3.10,2026-09-14T01:37:16.578Z
AG13,SP20,3.40,3.40,3.00,1.70,3.40,2026-09-14T01:37:16.585Z
AG13,SP21,3.70,3.70,3.20,1.80,3.70,2026-09-14T01:37:16.581Z
AG13,SP22,3.90,3.90,3.40,1.90,3.90,2026-09-14T01:37:16.582Z
AG13,SP24,3.70,3.70,3.30,1.80,3.70,2026-09-14T01:37:16.581Z
AG13,SP25,4.00,4.00,3.50,1.90,4.00,2026-09-14T01:37:16.714Z
AG13,SP26,4.20,4.20,3.60,2.00,4.20,2026-09-14T01:37:16.734Z
AG13,SP27,4.30,4.30,3.70,2.10,4.30,2026-09-14T01:37:16.736Z
AG13,SP28,3.60,3.60,3.10,1.70,3.60,2026-09-14T01:37:16.756Z
AG13,SP29,3.80,3.80,3.30,1.80,3.80,2026-09-14T01:37:16.763Z
AG13,SP3,2.90,2.90,2.60,1.40,2.90,2026-09-14T01:37:16.761Z
AG13,SP31,4.10,4.10,3.50,2.00,4.10,2026-09-14T01:37:16.757Z
AG13,SP4,2.80,2.80,2.40,1.40,2.80,2026-09-14T01:37:16.763Z
AG13,SP5,2.60,2.60,2.30,1.30,2.60,2026-09-14T01:37:16.877Z
AG13,SP6,2.40,2.40,2.20,1.20,2.40,2026-09-14T01:37:16.910Z
AG13,SP7,2.20,2.20,2.00,1.10,2.20,2026-09-14T01:37:16.917Z
AG13,SP8,2.00,2.00,1.80,1.00,2.00,2026-09-14T01:37:16.920Z
AG13,SP9,2.00,2.00,1.80,1.00,2.00,2026-09-14T01:37:16.922Z
AG14,AG15,1.10,1.10,1.10,0.60,1.10,2026-09-14T01:37:16.925Z
AG14,AG16,1.30,1.30,1.30,0.70,1.30,2026-09-14T01:37:16.924Z
AG14,AG17,1.50,1.50,1.40,0.70,1.50,2026-09-14T01:37:16.923Z
AG14,AG18,1.90,1.90,1.70,0.90,1.90,2026-09-14T01:37:17.047Z
AG14,AG2,3.20,3.20,2.80,1.50,3.20,2026-09-14T01:37:17.081Z
AG14,AG3,3.00,3.00,2.70,1.50,3.00,2026-09-14T01:37:17.088Z
AG14,AG4,3.20,3.20,2.80,1.60,3.20,2026-09-14T01:37:17.085Z
AG14,AG5,3.00,3.00,2.60,1.50,3.00,2026-09-14T01:37:17.087Z
AG14,AG6,2.80,2.80,2.50,1.40,2.80,2026-09-14T01:37:17.085Z
AG14,AG7,2.70,2.70,2.30,1.30,2.70,2026-09-14T01:37:17.087Z
AG14,AG8,2.40,2.40,2.10,1.20,2.40,2026-09-14T01:37:17.093Z
AG14,AG9,2.20,2.20,2.00,1.10,2.20,2026-09-14T01:37:17.214Z
AG14,KG04,4.30,4.30,3.70,2.10,4.30,2026-09-14T01:37:17.237Z
AG14,KG05,4.20,4.20,3.60,2.00,4.20,2026-09-14T01:37:17.243Z
AG14,KG06,4.70,4.70,4.00,2.20,4.70,2026-09-14T01:37:17.240Z
AG14,KG07,4.40,4.40,3.80,2.10,4.40,2026-09-14T01:37:17.234Z
AG14,KG08,4.20,4.20,3.60,2.00,4.20,2026-09-14T01:37:17.243Z
AG14,KG09,4.50,4.50,3.90,2.20,4.50,2026-09-14T01:37:17.248Z
AG14,KG10,4.20,4.20,3.60,2.00,4.20,2026-09-14T01:37:17.256Z
AG14,KG12,3.90,3.90,3.40,1.90,3.90,2026-09-14T01:37:17.358Z
AG14,KG13,3.80,3.80,3.30,1.80,3.80,2026-09-14T01:37:17.407Z
AG14,KG14,3.60,3.60,3.10,1.70,3.60,2026-09-14T01:37:17.414Z
AG14,KG15,3.00,3.00,2.60,1.50,3.00,2026-09-14T01:37:17.401Z
AG14,KG16,2.60,2.60,2.30,1.30,2.60,2026-09-14T01:37:17.406Z
AG14,KG17,2.40,2.40,2.10,1.20,2.40,2026-09-14T01:37:17.412Z
AG14,KG18A,2.40,2.40,2.10,1.20,2.40,2026-09-14T01:37:17.415Z
AG14,KG20,2.00,2.00,1.80,0.90,2.00,2026-09-14T01:37:17.413Z
AG14,KG21,1.60,1.60,1.50,0.80,1.60,2026-09-14T01:37:17.525Z
AG14,KG22,1.30,1.30,1.20,0.60,1.30,2026-09-14T01:37:17.582Z
AG14,KG23,1.80,1.80,1.70,0.90,1.80,2026-09-14T01:37:17.585Z
AG14,KG24,2.10,2.10,1.90,1.00,2.10,2026-09-14T01:37:17.585Z
AG14,KG25,2.50,2.50,2.20,1.20,2.50,2026-09-14T01:37:17.582Z
AG14,KG26,2.90,2.90,2.50,1.40,2.90,2026-09-14T01:37:17.580Z
AG14,KG27,3.60,3.60,3.10,1.70,3.60,2026-09-14T01:37:17.581Z
AG14,KG28,3.50,3.50,3.10,1.70,3.50,2026-09-14T01:37:17.584Z
AG14,KG29,3.90,3.90,3.40,1.80,3.90,2026-09-14T01:37:17.690Z
AG14,KG30,4.10,4.10,3.50,1.90,4.10,2026-09-14T01:37:17.751Z
AG14,KG31,3.90,3.90,3.40,1.90,3.90,2026-09-14T01:37:17.763Z
AG14,KG33,4.50,4.50,3.90,2.20,4.50,2026-09-14T01:37:17.763Z
AG14,KG34,4.70,4.70,4.00,2.30,4.70,2026-09-14T01:37:17.762Z
AG14,KG35,4.20,4.20,3.70,2.00,4.20,2026-09-14T01:37:17.766Z
AG14,KJ1,5.60,5.60,4.70,2.70,5.60,2026-09-14T01:37:17.758Z
AG14,KJ10,3.80,3.80,3.30,1.80,3.80,2026-09-14T01:37:17.759Z
AG14,KJ11,3.50,3.50,3.00,1.60,3.50,2026-09-14T01:37:17.869Z
AG14,KJ12,3.10,3.10,2.60,1.50,3.10,2026-09-14T01:37:17.926Z
AG14,KJ13,2.70,2.70,2.30,1.30,2.70,2026-09-14T01:37:17.917Z
AG14,KJ14,2.60,2.60,2.30,1.30,2.60,2026-09-14T01:37:17.920Z
AG14,KJ15,3.10,3.10,2.70,1.50,3.10,2026-09-14T01:37:17.920Z
AG14,KJ16,3.50,3.50,3.10,1.70,3.50,2026-09-14T01:37:17.918Z
AG14,KJ17,3.90,3.90,3.40,1.90,3.90,2026-09-14T01:37:17.918Z
AG14,KJ18,3.90,3.90,3.40,1.90,3.90,2026-09-14T01:37:17.926Z
AG14,KJ19,4.10,4.10,3.60,2.00,4.10,2026-09-14T01:37:18.033Z
AG14,KJ2,5.40,5.40,4.60,2.60,5.40,2026-09-14T01:37:18.083Z
AG14,KJ20,4.80,4.80,4.10,2.30,4.80,2026-09-14T01:37:18.084Z
AG14,KJ21,4.90,4.90,4.20,2.40,4.90,2026-09-14T01:37:18.085Z
AG14,KJ22,4.90,4.90,4.30,2.40,4.90,2026-09-14T01:37:18.079Z
AG14,KJ23,5.20,5.20,4.50,2.60,5.20,2026-09-14T01:37:18.088Z
AG14,KJ24,5.50,5.50,4.70,2.70,5.50,2026-09-14T01:37:18.094Z
AG14,KJ25,5.30,5.30,4.50,2.60,5.30,2026-09-14T01:37:18.083Z
AG14,KJ26,5.40,5.40,4.70,2.70,5.40,2026-09-14T01:37:18.200Z
AG14,KJ27,5.70,5.70,4.90,2.80,5.70,2026-09-14T01:37:18.233Z
AG14,KJ28,5.60,5.60,4.70,2.70,5.60,2026-09-14T01:37:18.228Z
AG14,KJ29,5.50,5.50,4.70,2.70,5.50,2026-09-14T01:37:18.231Z
AG14,KJ3,5.30,5.30,4.50,2.60,5.30,2026-09-14T01:37:18.229Z
AG14,KJ30,5.70,5.70,4.90,2.80,5.70,2026-09-14T01:37:18.248Z
AG14,KJ31,6.00,6.00,5.10,2.90,6.00,2026-09-14T01:37:18.246Z
AG14,KJ32,5.50,5.50,4.60,2.60,5.50,2026-09-14T01:37:18.244Z
AG14,KJ33,5.40,5.40,4.60,2.60,5.40,2026-09-14T01:37:18.377Z
AG14,KJ34,5.50,5.50,4.70,2.70,5.50,2026-09-14T01:37:18.402Z
AG14,KJ35,5.20,5.20,4.50,2.60,5.20,2026-09-14T01:37:18.403Z
AG14,KJ36,4.70,4.70,4.10,2.40,4.70,2026-09-14T01:37:18.404Z
AG14,KJ37,4.20,4.20,3.70,2.10,4.20,2026-09-14T01:37:18.405Z
AG14,KJ4,5.10,5.10,4.30,2.40,5.10,2026-09-14T01:37:18.418Z
AG14,KJ5,4.90,4.90,4.10,2.30,4.90,2026-09-14T01:37:18.419Z
AG14,KJ6,4.60,4.60,3.90,2.20,4.60,2026-09-14T01:37:18.418Z
AG14,KJ7,4.40,4.40,3.80,2.10,4.40,2026-09-14T01:37:18.541Z
AG14,KJ8,4.20,4.20,3.60,2.00,4.20,2026-09-14T01:37:18.576Z
AG14,KJ9,3.90,3.90,3.40,1.90,3.90,2026-09-14T01:37:18.571Z
AG14,MR1,4.20,4.20,3.70,2.10,4.20,2026-09-14T01:37:18.570Z
AG14,MR10,3.70,3.70,3.30,1.80,3.70,2026-09-14T01:37:18.580Z
AG14,MR11,3.00,3.00,2.70,1.50,3.00,2026-09-14T01:37:18.585Z
AG14,MR2,3.90,3.90,3.40,1.90,3.90,2026-09-14T01:37:18.584Z
AG14,MR3,2.90,2.90,2.60,1.40,2.90,2026-09-14T01:37:18.582Z
AG14,MR4,2.20,2.20,2.00,1.10,2.20,2026-09-14T01:37:18.712Z
AG14,MR5,2.60,2.60,2.30,1.20,2.60,2026-09-14T01:37:18.750Z
AG14,MR6,2.90,2.90,2.60,1.40,2.90,2026-09-14T01:37:18.743Z
AG14,MR7,3.30,3.30,2.90,1.60,3.30,2026-09-14T01:37:18.746Z
AG14,MR8,3.80,3.80,3.40,1.90,3.80,2026-09-14T01:37:18.748Z
AG14,MR9,4.30,4.30,3.80,2.10,4.30,2026-09-14T01:37:18.744Z
AG14,PY01,4.30,4.30,3.70,2.10,4.30,2026-09-14T01:37:18.755Z
AG14,PY03,4.70,4.70,4.10,2.30,4.70,2026-09-14T01:37:18.755Z
AG14,PY04,5.30,5.30,4.60,2.50,5.30,2026-09-14T01:37:18.882Z
AG14,PY05,5.10,5.10,4.40,2.40,5.10,2026-09-14T01:37:18.972Z
AG14,PY06,5.00,5.00,4.30,2.40,5.00,2026-09-14T01:37:18.924Z
AG14,PY07,4.70,4.70,4.10,2.30,4.70,2026-09-14T01:37:18.927Z
AG14,PY08,5.00,5.00,4.30,2.30,5.00,2026-09-14T01:37:18.931Z
AG14,PY09,4.70,4.70,4.00,2.20,4.70,2026-09-14T01:37:18.926Z
AG14,PY10,4.70,4.70,4.10,2.30,4.70,2026-09-14T01:37:18.931Z
AG14,PY11,4.50,4.50,3.90,2.20,4.50,2026-09-14T01:37:18.930Z
AG14,PY12,4.50,4.50,3.90,2.10,4.50,2026-09-14T01:37:19.055Z
AG14,PY13,4.30,4.30,3.70,2.00,4.30,2026-09-14T01:37:19.082Z
AG14,PY14,4.10,4.10,3.60,2.00,4.10,2026-09-14T01:37:19.087Z
AG14,PY15,3.80,3.80,3.40,1.90,3.80,2026-09-14T01:37:19.101Z
AG14,PY16,3.40,3.40,3.10,1.70,3.40,2026-09-14T01:37:19.102Z
AG14,PY17,3.00,3.00,2.70,1.50,3.00,2026-09-14T01:37:19.102Z
AG14,PY18,3.20,3.20,2.80,1.50,3.20,2026-09-14T01:37:19.104Z
AG14,PY19,3.00,3.00,2.60,1.40,3.00,2026-09-14T01:37:19.124Z
AG14,PY20,2.60,2.60,2.30,1.20,2.60,2026-09-14T01:37:19.225Z
AG14,PY21,2.50,2.50,2.20,1.10,2.50,2026-09-14T01:37:19.260Z
AG14,PY22,2.30,2.30,2.00,1.00,2.30,2026-09-14T01:37:19.259Z
AG14,PY23,2.00,2.00,1.80,0.90,2.00,2026-09-14T01:37:19.275Z
AG14,PY24,1.90,1.90,1.70,0.90,1.90,2026-09-14T01:37:19.281Z
AG14,PY27,3.30,3.30,2.90,1.60,3.30,2026-09-14T01:37:19.285Z
AG14,PY28,3.70,3.70,3.20,1.80,3.70,2026-09-14T01:37:19.282Z
AG14,PY29,3.10,3.10,2.70,1.50,3.10,2026-09-14T01:37:19.284Z
AG14,PY31,3.90,3.90,3.30,1.90,3.90,2026-09-14T01:37:19.393Z
AG14,PY32,4.20,4.20,3.60,2.00,4.20,2026-09-14T01:37:19.452Z
AG14,PY33,4.40,4.40,3.80,2.10,4.40,2026-09-14T01:37:19.425Z
AG14,PY34,4.80,4.80,4.10,2.30,4.80,2026-09-14T01:37:19.440Z
AG14,PY36,4.90,4.90,4.20,2.30,4.90,2026-09-14T01:37:19.444Z
AG14,PY37,5.10,5.10,4.40,2.50,5.10,2026-09-14T01:37:19.441Z
AG14,PY38,4.90,4.90,4.20,2.30,4.90,2026-09-14T01:37:19.442Z
AG14,PY39,4.80,4.80,4.10,2.30,4.80,2026-09-14T01:37:19.438Z
AG14,PY40,5.00,5.00,4.30,2.40,5.00,2026-09-14T01:37:19.564Z
AG14,PY41,5.10,5.10,4.40,2.40,5.10,2026-09-14T01:37:19.592Z
AG14,SB1,10.40,10.40,8.80,5.10,10.40,2026-09-14T01:37:19.607Z
AG14,SB2,9.80,9.80,8.20,4.80,9.80,2026-09-14T01:37:19.611Z
AG14,SB3,9.10,9.10,7.70,4.50,9.10,2026-09-14T01:37:19.608Z
AG14,SB4,8.40,8.40,7.10,4.10,8.40,2026-09-14T01:37:19.613Z
AG14,SB5,7.70,7.70,6.50,3.80,7.70,2026-09-14T01:37:19.617Z
AG14,SB6,6.80,6.80,5.80,3.30,6.80,2026-09-14T01:37:19.614Z
AG14,SB7,6.00,6.00,5.10,2.90,6.00,2026-09-14T01:37:19.739Z
AG14,SP1,3.40,3.40,3.00,1.60,3.40,2026-09-14T01:37:19.767Z
AG14,SP10,2.00,2.00,1.80,1.00,2.00,2026-09-14T01:37:19.766Z
AG14,SP11,1.90,1.90,1.70,0.90,1.90,2026-09-14T01:37:19.783Z
AG14,SP12,1.90,1.90,1.70,1.00,1.90,2026-09-14T01:37:19.789Z
AG14,SP13,2.20,2.20,1.90,1.10,2.20,2026-09-14T01:37:19.784Z
AG14,SP14,2.60,2.60,2.30,1.30,2.60,2026-09-14T01:37:19.789Z
AG14,SP15,3.10,3.10,2.70,1.50,3.10,2026-09-14T01:37:19.788Z
AG14,SP16,3.10,3.10,2.70,1.50,3.10,2026-09-14T01:37:19.905Z
AG14,SP17,3.50,3.50,3.10,1.70,3.50,2026-09-14T01:37:19.937Z
AG14,SP18,3.70,3.70,3.20,1.80,3.70,2026-09-14T01:37:19.938Z
AG14,SP19,3.60,3.60,3.10,1.70,3.60,2026-09-14T01:37:19.953Z
AG14,SP2,3.20,3.20,2.80,1.50,3.20,2026-09-14T01:37:19.955Z
AG14,SP20,3.70,3.70,3.30,1.80,3.70,2026-09-14T01:37:19.957Z
AG14,SP21,3.90,3.90,3.40,1.90,3.90,2026-09-14T01:37:19.957Z
AG14,SP22,4.20,4.20,3.70,2.10,4.20,2026-09-14T01:37:19.956Z
AG14,SP24,4.00,4.00,3.40,1.90,4.00,2026-09-14T01:37:20.080Z
AG14,SP25,4.20,4.20,3.70,2.10,4.20,2026-09-14T01:37:20.118Z
AG14,SP26,3.50,3.50,3.10,1.70,3.50,2026-09-14T01:37:20.109Z
AG14,SP27,3.60,3.60,3.10,1.70,3.60,2026-09-14T01:37:20.131Z
AG14,SP28,3.80,3.80,3.30,1.80,3.80,2026-09-14T01:37:20.154Z
AG14,SP29,3.90,3.90,3.40,1.90,3.90,2026-09-14T01:37:20.155Z
AG14,SP3,3.00,3.00,2.70,1.50,3.00,2026-09-14T01:37:20.123Z
AG14,SP31,4.20,4.20,3.70,2.10,4.20,2026-09-14T01:37:20.151Z
AG14,SP4,3.20,3.20,2.80,1.60,3.20,2026-09-14T01:37:20.257Z
AG14,SP5,3.00,3.00,2.60,1.50,3.00,2026-09-14T01:37:20.289Z
AG14,SP6,2.80,2.80,2.50,1.40,2.80,2026-09-14T01:37:20.285Z
AG14,SP7,2.70,2.70,2.30,1.30,2.70,2026-09-14T01:37:20.301Z
AG14,SP8,2.40,2.40,2.10,1.20,2.40,2026-09-14T01:37:20.303Z
AG14,SP9,2.20,2.20,2.00,1.10,2.20,2026-09-14T01:37:20.302Z
AG15,AG16,1.00,1.00,1.00,0.50,1.00,2026-09-14T01:37:20.310Z
AG15,AG17,1.20,1.20,1.10,0.60,1.20,2026-09-14T01:37:20.312Z
AG15,AG18,1.60,1.60,1.40,0.80,1.60,2026-09-14T01:37:20.429Z
AG15,AG2,3.40,3.40,3.00,1.60,3.40,2026-09-14T01:37:20.458Z
AG15,AG3,3.30,3.30,2.90,1.60,3.30,2026-09-14T01:37:20.457Z
AG15,AG4,3.10,3.10,2.70,1.50,3.10,2026-09-14T01:37:20.464Z
AG15,AG5,2.90,2.90,2.60,1.40,2.90,2026-09-14T01:37:20.480Z
AG15,AG6,3.10,3.10,2.70,1.50,3.10,2026-09-14T01:37:20.466Z
AG15,AG7,2.90,2.90,2.60,1.50,2.90,2026-09-14T01:37:20.470Z
AG15,AG8,2.70,2.70,2.40,1.30,2.70,2026-09-14T01:37:20.484Z
AG15,AG9,2.50,2.50,2.20,1.30,2.50,2026-09-14T01:37:20.587Z
AG15,KG04,4.60,4.60,3.90,2.30,4.60,2026-09-14T01:37:20.623Z
AG15,KG05,4.50,4.50,3.80,2.20,4.50,2026-09-14T01:37:20.622Z
AG15,KG06,5.00,5.00,4.20,2.40,5.00,2026-09-14T01:37:20.636Z
AG15,KG07,4.70,4.70,4.00,2.30,4.70,2026-09-14T01:37:20.632Z
AG15,KG08,4.50,4.50,3.80,2.20,4.50,2026-09-14T01:37:20.637Z
AG15,KG09,4.80,4.80,4.10,2.40,4.80,2026-09-14T01:37:20.639Z
AG15,KG10,4.50,4.50,3.80,2.20,4.50,2026-09-14T01:37:20.643Z
AG15,KG12,4.20,4.20,3.60,2.10,4.20,2026-09-14T01:37:20.764Z
AG15,KG13,4.10,4.10,3.50,2.00,4.10,2026-09-14T01:37:20.807Z
AG15,KG14,3.90,3.90,3.30,1.80,3.90,2026-09-14T01:37:20.797Z
AG15,KG15,3.30,3.30,2.90,1.60,3.30,2026-09-14T01:37:20.796Z
AG15,KG16,2.90,2.90,2.60,1.40,2.90,2026-09-14T01:37:20.811Z
AG15,KG17,2.70,2.70,2.40,1.30,2.70,2026-09-14T01:37:20.807Z
AG15,KG18A,2.70,2.70,2.30,1.40,2.70,2026-09-14T01:37:20.813Z
AG15,KG20,2.30,2.30,2.00,1.10,2.30,2026-09-14T01:37:20.811Z
AG15,KG21,1.90,1.90,1.70,1.00,1.90,2026-09-14T01:37:20.931Z
AG15,KG22,1.60,1.60,1.40,0.80,1.60,2026-09-14T01:37:20.959Z
AG15,KG23,2.10,2.10,1.90,1.10,2.10,2026-09-14T01:37:20.961Z
AG15,KG24,2.40,2.40,2.10,1.20,2.40,2026-09-14T01:37:20.978Z
AG15,KG25,2.80,2.80,2.40,1.40,2.80,2026-09-14T01:37:20.986Z
AG15,KG26,3.20,3.20,2.70,1.60,3.20,2026-09-14T01:37:20.981Z
AG15,KG27,3.90,3.90,3.30,1.90,3.90,2026-09-14T01:37:20.979Z
AG15,KG28,3.80,3.80,3.30,1.90,3.80,2026-09-14T01:37:20.989Z
AG15,KG29,4.20,4.20,3.60,2.00,4.20,2026-09-14T01:37:21.096Z
AG15,KG30,4.40,4.40,3.70,2.10,4.40,2026-09-14T01:37:21.145Z
AG15,KG31,4.20,4.20,3.60,2.10,4.20,2026-09-14T01:37:21.150Z
AG15,KG33,4.80,4.80,4.10,2.40,4.80,2026-09-14T01:37:21.140Z
AG15,KG34,5.00,5.00,4.20,2.50,5.00,2026-09-14T01:37:21.148Z
AG15,KG35,4.50,4.50,3.90,2.20,4.50,2026-09-14T01:37:21.149Z
AG15,KJ1,5.80,5.80,5.00,2.90,5.80,2026-09-14T01:37:21.148Z
AG15,KJ10,4.00,4.00,3.60,2.00,4.00,2026-09-14T01:37:21.153Z
AG15,KJ11,3.70,3.70,3.30,1.80,3.70,2026-09-14T01:37:21.260Z
AG15,KJ12,3.40,3.40,3.00,1.70,3.40,2026-09-14T01:37:21.288Z
AG15,KJ13,2.90,2.90,2.60,1.50,2.90,2026-09-14T01:37:21.297Z
AG15,KJ14,2.90,2.90,2.60,1.40,2.90,2026-09-14T01:37:21.306Z
AG15,KJ15,3.50,3.50,3.10,1.60,3.50,2026-09-14T01:37:21.306Z
AG15,KJ16,3.80,3.80,3.40,1.80,3.80,2026-09-14T01:37:21.306Z
AG15,KJ17,4.20,4.20,3.70,2.00,4.20,2026-09-14T01:37:21.306Z
AG15,KJ18,4.20,4.20,3.70,2.00,4.20,2026-09-14T01:37:21.324Z
AG15,KJ19,4.40,4.40,3.90,2.10,4.40,2026-09-14T01:37:21.414Z
AG15,KJ2,5.70,5.70,4.90,2.70,5.70,2026-09-14T01:37:21.454Z
AG15,KJ20,5.10,5.10,4.40,2.40,5.10,2026-09-14T01:37:21.459Z
AG15,KJ21,5.10,5.10,4.50,2.60,5.10,2026-09-14T01:37:21.465Z
AG15,KJ22,5.20,5.20,4.60,2.50,5.20,2026-09-14T01:37:21.459Z
AG15,KJ23,5.50,5.50,4.80,2.70,5.50,2026-09-14T01:37:21.464Z
AG15,KJ24,5.80,5.80,5.00,2.80,5.80,2026-09-14T01:37:21.464Z
AG15,KJ25,5.60,5.60,4.80,2.70,5.60,2026-09-14T01:37:21.488Z
AG15,KJ26,5.70,5.70,5.00,2.80,5.70,2026-09-14T01:37:21.581Z
AG15,KJ27,6.00,6.00,5.20,2.90,6.00,2026-09-14T01:37:21.620Z
AG15,KJ28,5.80,5.80,5.00,2.90,5.80,2026-09-14T01:37:21.637Z
AG15,KJ29,5.80,5.80,5.00,2.80,5.80,2026-09-14T01:37:21.639Z
AG15,KJ3,5.50,5.50,4.80,2.80,5.50,2026-09-14T01:37:21.631Z
AG15,KJ30,6.00,6.00,5.20,2.90,6.00,2026-09-14T01:37:21.631Z
AG15,KJ31,6.30,6.30,5.40,3.00,6.30,2026-09-14T01:37:21.639Z
AG15,KJ32,5.70,5.70,4.90,2.80,5.70,2026-09-14T01:37:21.667Z
AG15,KJ33,5.70,5.70,4.90,2.70,5.70,2026-09-14T01:37:21.742Z
AG15,KJ34,5.60,5.60,4.90,2.80,5.60,2026-09-14T01:37:21.834Z
AG15,KJ35,5.30,5.30,4.60,2.60,5.30,2026-09-14T01:37:21.812Z
AG15,KJ36,4.80,4.80,4.20,2.40,4.80,2026-09-14T01:37:21.848Z
AG15,KJ37,4.30,4.30,3.80,2.10,4.30,2026-09-14T01:37:21.812Z
AG15,KJ4,5.30,5.30,4.60,2.60,5.30,2026-09-14T01:37:21.817Z
AG15,KJ5,5.10,5.10,4.40,2.50,5.10,2026-09-14T01:37:21.812Z
AG15,KJ6,4.80,4.80,4.20,2.40,4.80,2026-09-14T01:37:21.848Z
AG15,KJ7,4.60,4.60,4.10,2.30,4.60,2026-09-14T01:37:21.897Z
AG15,KJ8,4.40,4.40,3.90,2.20,4.40,2026-09-14T01:37:21.978Z
AG15,KJ9,4.10,4.10,3.70,2.10,4.10,2026-09-14T01:37:21.976Z
AG15,MR1,4.50,4.50,3.90,2.30,4.50,2026-09-14T01:37:21.972Z
AG15,MR10,4.00,4.00,3.50,1.90,4.00,2026-09-14T01:37:21.987Z
AG15,MR11,3.30,3.30,2.90,1.60,3.30,2026-09-14T01:37:22.009Z
AG15,MR2,4.20,4.20,3.60,2.10,4.20,2026-09-14T01:37:22.008Z
AG15,MR3,3.20,3.20,2.80,1.60,3.20,2026-09-14T01:37:22.016Z
AG15,MR4,2.50,2.50,2.20,1.30,2.50,2026-09-14T01:37:22.050Z
AG15,MR5,2.90,2.90,2.50,1.40,2.90,2026-09-14T01:37:22.147Z
AG15,MR6,3.20,3.20,2.80,1.60,3.20,2026-09-14T01:37:22.146Z
AG15,MR7,3.60,3.60,3.10,1.80,3.60,2026-09-14T01:37:22.143Z
AG15,MR8,4.10,4.10,3.60,2.10,4.10,2026-09-14T01:37:22.165Z
AG15,MR9,4.60,4.60,4.00,2.30,4.60,2026-09-14T01:37:22.186Z
AG15,PY01,4.60,4.60,3.90,2.30,4.60,2026-09-14T01:37:22.178Z
AG15,PY03,4.80,4.80,4.20,2.40,4.80,2026-09-14T01:37:22.182Z
AG15,PY04,5.50,5.50,4.80,2.70,5.50,2026-09-14T01:37:22.211Z
AG15,PY05,5.30,5.30,4.60,2.60,5.30,2026-09-14T01:37:22.309Z
AG15,PY06,5.10,5.10,4.40,2.50,5.10,2026-09-14T01:37:22.313Z
AG15,PY07,4.80,4.80,4.20,2.40,4.80,2026-09-14T01:37:22.314Z
AG15,PY08,5.30,5.30,4.50,2.50,5.30,2026-09-14T01:37:22.328Z
AG15,PY09,5.00,5.00,4.20,2.40,5.00,2026-09-14T01:37:22.338Z
AG15,PY10,4.80,4.80,4.20,2.40,4.80,2026-09-14T01:37:22.340Z
AG15,PY11,4.60,4.60,4.00,2.30,4.60,2026-09-14T01:37:22.358Z
AG15,PY12,4.80,4.80,4.10,2.30,4.80,2026-09-14T01:37:22.357Z
AG15,PY13,4.60,4.60,3.90,2.20,4.60,2026-09-14T01:37:22.489Z
AG15,PY14,4.40,4.40,3.80,2.10,4.40,2026-09-14T01:37:22.491Z
AG15,PY15,4.10,4.10,3.60,2.00,4.10,2026-09-14T01:37:22.502Z
AG15,PY16,3.70,3.70,3.30,1.80,3.70,2026-09-14T01:37:22.535Z
AG15,PY17,3.30,3.30,2.90,1.60,3.30,2026-09-14T01:37:22.502Z
AG15,PY18,3.50,3.50,3.10,1.70,3.50,2026-09-14T01:37:22.500Z
AG15,PY19,3.30,3.30,2.80,1.60,3.30,2026-09-14T01:37:22.534Z
AG15,PY20,2.90,2.90,2.50,1.40,2.90,2026-09-14T01:37:22.536Z
AG15,PY21,2.80,2.80,2.40,1.30,2.80,2026-09-14T01:37:22.673Z
AG15,PY22,2.60,2.60,2.20,1.20,2.60,2026-09-14T01:37:22.676Z
AG15,PY23,2.30,2.30,2.00,1.10,2.30,2026-09-14T01:37:22.674Z
AG15,PY24,2.00,2.00,1.80,1.00,2.00,2026-09-14T01:37:22.674Z
AG15,PY27,3.50,3.50,3.10,1.70,3.50,2026-09-14T01:37:22.676Z
AG15,PY28,3.90,3.90,3.40,1.90,3.90,2026-09-14T01:37:22.720Z
AG15,PY29,3.30,3.30,2.90,1.60,3.30,2026-09-14T01:37:22.719Z
AG15,PY31,4.10,4.10,3.50,2.00,4.10,2026-09-14T01:37:22.720Z
AG15,PY32,4.40,4.40,3.80,2.10,4.40,2026-09-14T01:37:22.845Z
AG15,PY33,4.60,4.60,4.00,2.20,4.60,2026-09-14T01:37:22.854Z
AG15,PY34,4.90,4.90,4.20,2.40,4.90,2026-09-14T01:37:22.854Z
AG15,PY36,5.00,5.00,4.30,2.40,5.00,2026-09-14T01:37:22.860Z
AG15,PY37,5.20,5.20,4.50,2.60,5.20,2026-09-14T01:37:22.855Z
AG15,PY38,5.20,5.20,4.40,2.50,5.20,2026-09-14T01:37:22.911Z
AG15,PY39,4.90,4.90,4.20,2.40,4.90,2026-09-14T01:37:22.913Z
AG15,PY40,5.10,5.10,4.40,2.50,5.10,2026-09-14T01:37:22.913Z
AG15,PY41,5.20,5.20,4.50,2.50,5.20,2026-09-14T01:37:23.012Z
AG15,SB1,10.70,10.70,9.10,5.20,10.70,2026-09-14T01:37:23.036Z
AG15,SB2,10.10,10.10,8.50,4.90,10.10,2026-09-14T01:37:23.031Z
AG15,SB3,9.40,9.40,8.00,4.60,9.40,2026-09-14T01:37:23.030Z
AG15,SB4,8.70,8.70,7.40,4.20,8.70,2026-09-14T01:37:23.028Z
AG15,SB5,8.00,8.00,6.80,3.90,8.00,2026-09-14T01:37:23.067Z
AG15,SB6,7.10,7.10,6.10,3.40,7.10,2026-09-14T01:37:23.068Z
AG15,SB7,6.30,6.30,5.40,3.00,6.30,2026-09-14T01:37:23.069Z
AG15,SP1,3.60,3.60,3.10,1.70,3.60,2026-09-14T01:37:23.181Z
AG15,SP10,2.30,2.30,2.00,1.10,2.30,2026-09-14T01:37:23.197Z
AG15,SP11,2.00,2.00,1.80,1.00,2.00,2026-09-14T01:37:23.195Z
AG15,SP12,2.00,2.00,1.80,1.00,2.00,2026-09-14T01:37:23.196Z
AG15,SP13,2.40,2.40,2.20,1.20,2.40,2026-09-14T01:37:23.199Z
AG15,SP14,2.90,2.90,2.50,1.40,2.90,2026-09-14T01:37:23.246Z
AG15,SP15,3.00,3.00,2.60,1.40,3.00,2026-09-14T01:37:23.244Z
AG15,SP16,3.30,3.30,2.90,1.60,3.30,2026-09-14T01:37:23.241Z
AG15,SP17,3.70,3.70,3.30,1.80,3.70,2026-09-14T01:37:23.346Z
AG15,SP18,3.90,3.90,3.40,1.90,3.90,2026-09-14T01:37:23.366Z
AG15,SP19,3.70,3.70,3.30,1.80,3.70,2026-09-14T01:37:23.363Z
AG15,SP2,3.40,3.40,3.00,1.60,3.40,2026-09-14T01:37:23.362Z
AG15,SP20,3.90,3.90,3.40,1.90,3.90,2026-09-14T01:37:23.362Z
AG15,SP21,4.10,4.10,3.60,2.00,4.10,2026-09-14T01:37:23.389Z
AG15,SP22,3.70,3.70,3.20,1.80,3.70,2026-09-14T01:37:23.388Z
AG15,SP24,4.10,4.10,3.60,2.00,4.10,2026-09-14T01:37:23.396Z
AG15,SP25,4.40,4.40,3.80,2.10,4.40,2026-09-14T01:37:23.523Z
AG15,SP26,3.60,3.60,3.20,1.80,3.60,2026-09-14T01:37:23.538Z
AG15,SP27,3.70,3.70,3.20,1.80,3.70,2026-09-14T01:37:23.539Z
AG15,SP28,3.90,3.90,3.40,1.90,3.90,2026-09-14T01:37:23.540Z
AG15,SP29,4.00,4.00,3.50,2.00,4.00,2026-09-14T01:37:23.542Z
AG15,SP3,3.30,3.30,2.90,1.60,3.30,2026-09-14T01:37:23.558Z
AG15,SP31,4.30,4.30,3.80,2.10,4.30,2026-09-14T01:37:23.557Z
AG15,SP4,3.10,3.10,2.70,1.50,3.10,2026-09-14T01:37:23.558Z
AG15,SP5,2.90,2.90,2.60,1.40,2.90,2026-09-14T01:37:23.700Z
AG15,SP6,3.10,3.10,2.70,1.50,3.10,2026-09-14T01:37:23.704Z
AG15,SP7,2.90,2.90,2.60,1.50,2.90,2026-09-14T01:37:23.705Z
AG15,SP8,2.70,2.70,2.40,1.30,2.70,2026-09-14T01:37:23.703Z
AG15,SP9,2.50,2.50,2.20,1.30,2.50,2026-09-14T01:37:23.711Z
AG16,AG17,0.90,0.90,0.90,0.50,0.90,2026-09-14T01:37:23.722Z
AG16,AG18,1.30,1.30,1.20,0.70,1.30,2026-09-14T01:37:23.718Z
AG16,AG2,3.60,3.60,3.10,1.70,3.60,2026-09-14T01:37:23.720Z
AG16,AG3,3.40,3.40,3.00,1.70,3.40,2026-09-14T01:37:23.873Z
AG16,AG4,3.20,3.20,2.90,1.60,3.20,2026-09-14T01:37:23.876Z
AG16,AG5,3.10,3.10,2.70,1.50,3.10,2026-09-14T01:37:23.876Z
AG16,AG6,2.90,2.90,2.60,1.40,2.90,2026-09-14T01:37:23.881Z
AG16,AG7,3.10,3.10,2.70,1.60,3.10,2026-09-14T01:37:23.882Z
AG16,AG8,2.90,2.90,2.50,1.40,2.90,2026-09-14T01:37:23.890Z
AG16,AG9,2.70,2.70,2.40,1.40,2.70,2026-09-14T01:37:23.890Z
AG16,KG04,4.80,4.80,4.10,2.40,4.80,2026-09-14T01:37:23.890Z
AG16,KG05,4.70,4.70,4.00,2.30,4.70,2026-09-14T01:37:24.046Z
AG16,KG06,5.20,5.20,4.40,2.50,5.20,2026-09-14T01:37:24.042Z
AG16,KG07,4.90,4.90,4.20,2.40,4.90,2026-09-14T01:37:24.051Z
AG16,KG08,4.70,4.70,4.00,2.30,4.70,2026-09-14T01:37:24.050Z
AG16,KG09,5.00,5.00,4.30,2.50,5.00,2026-09-14T01:37:24.047Z
AG16,KG10,4.70,4.70,4.00,2.30,4.70,2026-09-14T01:37:24.057Z
AG16,KG12,4.40,4.40,3.80,2.20,4.40,2026-09-14T01:37:24.067Z
AG16,KG13,4.30,4.30,3.70,2.10,4.30,2026-09-14T01:37:24.057Z
AG16,KG14,4.10,4.10,3.50,1.90,4.10,2026-09-14T01:37:24.227Z
AG16,KG15,3.60,3.60,3.10,1.70,3.60,2026-09-14T01:37:24.215Z
AG16,KG16,3.10,3.10,2.70,1.50,3.10,2026-09-14T01:37:24.227Z
AG16,KG17,2.90,2.90,2.50,1.40,2.90,2026-09-14T01:37:24.222Z
AG16,KG18A,2.90,2.90,2.50,1.50,2.90,2026-09-14T01:37:24.245Z
AG16,KG20,2.50,2.50,2.20,1.20,2.50,2026-09-14T01:37:24.219Z
AG16,KG21,2.10,2.10,1.90,1.10,2.10,2026-09-14T01:37:24.218Z
AG16,KG22,1.80,1.80,1.60,0.90,1.80,2026-09-14T01:37:24.214Z
AG16,KG23,2.30,2.30,2.10,1.20,2.30,2026-09-14T01:37:24.394Z
AG16,KG24,2.60,2.60,2.30,1.30,2.60,2026-09-14T01:37:24.387Z
AG16,KG25,3.00,3.00,2.60,1.50,3.00,2026-09-14T01:37:24.410Z
AG16,KG26,3.50,3.50,3.00,1.70,3.50,2026-09-14T01:37:24.409Z
AG16,KG27,4.10,4.10,3.50,2.00,4.10,2026-09-14T01:37:24.410Z
AG16,KG28,4.00,4.00,3.50,2.00,4.00,2026-09-14T01:37:24.412Z
AG16,KG29,4.40,4.40,3.80,2.10,4.40,2026-09-14T01:37:24.396Z
AG16,KG30,4.60,4.60,3.90,2.20,4.60,2026-09-14T01:37:24.414Z
AG16,KG31,4.40,4.40,3.80,2.20,4.40,2026-09-14T01:37:24.554Z
AG16,KG33,5.00,5.00,4.30,2.50,5.00,2026-09-14T01:37:24.568Z
AG16,KG34,5.20,5.20,4.40,2.60,5.20,2026-09-14T01:37:24.555Z
AG16,KG35,4.70,4.70,4.10,2.30,4.70,2026-09-14T01:37:24.569Z
AG16,KJ1,6.00,6.00,5.10,3.00,6.00,2026-09-14T01:37:24.577Z
AG16,KJ10,4.20,4.20,3.70,2.10,4.20,2026-09-14T01:37:24.576Z
AG16,KJ11,3.90,3.90,3.40,1.90,3.90,2026-09-14T01:37:24.577Z
AG16,KJ12,3.60,3.60,3.10,1.80,3.60,2026-09-14T01:37:24.587Z
AG16,KJ13,3.10,3.10,2.70,1.60,3.10,2026-09-14T01:37:24.729Z
AG16,KJ14,3.10,3.10,2.70,1.50,3.10,2026-09-14T01:37:24.746Z
AG16,KJ15,3.70,3.70,3.20,1.70,3.70,2026-09-14T01:37:24.753Z
AG16,KJ16,4.00,4.00,3.50,1.90,4.00,2026-09-14T01:37:24.748Z
AG16,KJ17,4.40,4.40,3.80,2.10,4.40,2026-09-14T01:37:24.762Z
AG16,KJ18,4.40,4.40,3.80,2.10,4.40,2026-09-14T01:37:24.742Z
AG16,KJ19,4.60,4.60,4.00,2.20,4.60,2026-09-14T01:37:24.755Z
AG16,KJ2,5.90,5.90,5.00,2.80,5.90,2026-09-14T01:37:24.763Z
AG16,KJ20,5.30,5.30,4.50,2.50,5.30,2026-09-14T01:37:24.902Z
AG16,KJ21,5.30,5.30,4.60,2.70,5.30,2026-09-14T01:37:24.915Z
AG16,KJ22,5.40,5.40,4.70,2.60,5.40,2026-09-14T01:37:24.914Z
AG16,KJ23,5.70,5.70,4.90,2.80,5.70,2026-09-14T01:37:24.915Z
AG16,KJ24,6.00,6.00,5.10,2.90,6.00,2026-09-14T01:37:24.919Z
AG16,KJ25,5.80,5.80,4.90,2.80,5.80,2026-09-14T01:37:24.954Z
AG16,KJ26,5.90,5.90,5.10,2.90,5.90,2026-09-14T01:37:24.947Z
AG16,KJ27,6.20,6.20,5.30,3.00,6.20,2026-09-14T01:37:24.929Z
AG16,KJ28,6.00,6.00,5.10,3.00,6.00,2026-09-14T01:37:25.081Z
AG16,KJ29,6.00,6.00,5.10,2.90,6.00,2026-09-14T01:37:25.147Z
AG16,KJ3,5.70,5.70,4.90,2.90,5.70,2026-09-14T01:37:25.148Z
AG16,KJ30,6.20,6.20,5.30,3.00,6.20,2026-09-14T01:37:25.144Z
AG16,KJ31,6.50,6.50,5.50,3.10,6.50,2026-09-14T01:37:25.150Z
AG16,KJ32,5.90,5.90,5.00,2.90,5.90,2026-09-14T01:37:25.097Z
AG16,KJ33,5.90,5.90,5.00,2.80,5.90,2026-09-14T01:37:25.154Z
AG16,KJ34,5.70,5.70,4.90,2.90,5.70,2026-09-14T01:37:25.153Z
AG16,KJ35,5.40,5.40,4.60,2.70,5.40,2026-09-14T01:37:25.256Z
AG16,KJ36,4.90,4.90,4.20,2.50,4.90,2026-09-14T01:37:25.282Z
AG16,KJ37,4.40,4.40,3.80,2.20,4.40,2026-09-14T01:37:25.308Z
AG16,KJ4,5.50,5.50,4.70,2.70,5.50,2026-09-14T01:37:25.308Z
AG16,KJ5,5.30,5.30,4.50,2.60,5.30,2026-09-14T01:37:25.531Z
AG16,KJ6,5.00,5.00,4.30,2.50,5.00,2026-09-14T01:37:25.305Z
AG16,KJ7,4.80,4.80,4.20,2.40,4.80,2026-09-14T01:37:25.315Z
AG16,KJ8,4.60,4.60,4.00,2.30,4.60,2026-09-14T01:37:25.311Z
AG16,KJ9,4.30,4.30,3.80,2.20,4.30,2026-09-14T01:37:25.449Z
AG16,MR1,4.70,4.70,4.10,2.40,4.70,2026-09-14T01:37:25.468Z
AG16,MR10,4.10,4.10,3.60,2.00,4.10,2026-09-14T01:37:25.485Z
AG16,MR11,3.40,3.40,3.00,1.70,3.40,2026-09-14T01:37:25.489Z
AG16,MR2,4.40,4.40,3.80,2.20,4.40,2026-09-14T01:37:25.484Z
AG16,MR3,3.40,3.40,3.00,1.70,3.40,2026-09-14T01:37:25.481Z
AG16,MR4,2.70,2.70,2.40,1.40,2.70,2026-09-14T01:37:25.488Z
AG16,MR5,3.10,3.10,2.70,1.50,3.10,2026-09-14T01:37:25.614Z
AG16,MR6,3.40,3.40,3.00,1.70,3.40,2026-09-14T01:37:25.629Z
AG16,MR7,3.80,3.80,3.30,1.90,3.80,2026-09-14T01:37:25.645Z
AG16,MR8,4.30,4.30,3.80,2.20,4.30,2026-09-14T01:37:25.649Z
AG16,MR9,4.70,4.70,4.10,2.40,4.70,2026-09-14T01:37:25.656Z
AG16,PY01,4.80,4.80,4.10,2.40,4.80,2026-09-14T01:37:25.656Z
AG16,PY03,5.00,5.00,4.40,2.50,5.00,2026-09-14T01:37:25.658Z
AG16,PY04,5.70,5.70,5.00,2.80,5.70,2026-09-14T01:37:25.688Z
AG16,PY05,5.50,5.50,4.80,2.70,5.50,2026-09-14T01:37:25.782Z
AG16,PY06,5.30,5.30,4.60,2.60,5.30,2026-09-14T01:37:25.806Z
AG16,PY07,5.00,5.00,4.40,2.50,5.00,2026-09-14T01:37:25.826Z
AG16,PY08,5.50,5.50,4.70,2.60,5.50,2026-09-14T01:37:25.825Z
AG16,PY09,5.20,5.20,4.40,2.50,5.20,2026-09-14T01:37:25.827Z
AG16,PY10,5.00,5.00,4.40,2.50,5.00,2026-09-14T01:37:25.816Z
AG16,PY11,4.80,4.80,4.20,2.40,4.80,2026-09-14T01:37:25.834Z
AG16,PY12,5.00,5.00,4.30,2.40,5.00,2026-09-14T01:37:25.848Z
AG16,PY13,4.70,4.70,4.10,2.30,4.70,2026-09-14T01:37:25.968Z
AG16,PY14,4.50,4.50,3.90,2.20,4.50,2026-09-14T01:37:25.977Z
AG16,PY15,4.20,4.20,3.70,2.10,4.20,2026-09-14T01:37:26.007Z
AG16,PY16,3.80,3.80,3.40,1.90,3.80,2026-09-14T01:37:25.996Z
AG16,PY17,3.40,3.40,3.00,1.70,3.40,2026-09-14T01:37:26.008Z
AG16,PY18,3.60,3.60,3.20,1.80,3.60,2026-09-14T01:37:25.995Z
AG16,PY19,3.50,3.50,3.00,1.70,3.50,2026-09-14T01:37:26.013Z
AG16,PY20,3.10,3.10,2.70,1.50,3.10,2026-09-14T01:37:26.018Z
AG16,PY21,3.00,3.00,2.60,1.40,3.00,2026-09-14T01:37:26.141Z
AG16,PY22,2.80,2.80,2.40,1.30,2.80,2026-09-14T01:37:26.149Z
AG16,PY23,2.50,2.50,2.20,1.20,2.50,2026-09-14T01:37:26.153Z
AG16,PY24,2.20,2.20,2.00,1.10,2.20,2026-09-14T01:37:26.163Z
AG16,PY27,3.70,3.70,3.30,1.80,3.70,2026-09-14T01:37:26.178Z
AG16,PY28,4.10,4.10,3.50,2.00,4.10,2026-09-14T01:37:26.180Z
AG16,PY29,3.50,3.50,3.00,1.70,3.50,2026-09-14T01:37:26.177Z
AG16,PY31,4.30,4.30,3.60,2.10,4.30,2026-09-14T01:37:26.182Z
AG16,PY32,4.60,4.60,3.90,2.20,4.60,2026-09-14T01:37:26.322Z
AG16,PY33,4.80,4.80,4.10,2.30,4.80,2026-09-14T01:37:26.323Z
AG16,PY34,5.10,5.10,4.40,2.50,5.10,2026-09-14T01:37:26.318Z
AG16,PY36,5.20,5.20,4.50,2.50,5.20,2026-09-14T01:37:26.321Z
AG16,PY37,5.40,5.40,4.70,2.70,5.40,2026-09-14T01:37:26.351Z
AG16,PY38,5.40,5.40,4.60,2.60,5.40,2026-09-14T01:37:26.346Z
AG16,PY39,5.10,5.10,4.40,2.50,5.10,2026-09-14T01:37:26.349Z
AG16,PY40,5.30,5.30,4.60,2.60,5.30,2026-09-14T01:37:26.351Z
AG16,PY41,5.40,5.40,4.70,2.60,5.40,2026-09-14T01:37:26.491Z
AG16,SB1,10.90,10.90,9.20,5.30,10.90,2026-09-14T01:37:26.494Z
AG16,SB2,10.30,10.30,8.60,5.00,10.30,2026-09-14T01:37:26.490Z
AG16,SB3,9.60,9.60,8.10,4.70,9.60,2026-09-14T01:37:26.495Z
AG16,SB4,8.90,8.90,7.50,4.30,8.90,2026-09-14T01:37:26.521Z
AG16,SB5,8.20,8.20,6.90,4.00,8.20,2026-09-14T01:37:26.524Z
AG16,SB6,7.30,7.30,6.20,3.50,7.30,2026-09-14T01:37:26.521Z
AG16,SB7,6.50,6.50,5.50,3.10,6.50,2026-09-14T01:37:26.524Z
AG16,SP1,3.80,3.80,3.30,1.80,3.80,2026-09-14T01:37:26.666Z
AG16,SP10,2.50,2.50,2.20,1.20,2.50,2026-09-14T01:37:26.663Z
AG16,SP11,2.20,2.20,2.00,1.10,2.20,2026-09-14T01:37:26.662Z
AG16,SP12,2.20,2.20,2.00,1.10,2.20,2026-09-14T01:37:26.665Z
AG16,SP13,2.60,2.60,2.30,1.30,2.60,2026-09-14T01:37:26.692Z
AG16,SP14,3.10,3.10,2.70,1.50,3.10,2026-09-14T01:37:26.692Z
AG16,SP15,3.20,3.20,2.80,1.50,3.20,2026-09-14T01:37:26.695Z
AG16,SP16,3.50,3.50,3.00,1.70,3.50,2026-09-14T01:37:26.693Z
AG16,SP17,3.90,3.90,3.40,1.90,3.90,2026-09-14T01:37:26.827Z
AG16,SP18,3.60,3.60,3.10,1.70,3.60,2026-09-14T01:37:26.836Z
AG16,SP19,3.90,3.90,3.40,1.90,3.90,2026-09-14T01:37:26.837Z
AG16,SP2,3.60,3.60,3.10,1.70,3.60,2026-09-14T01:37:26.832Z
AG16,SP20,4.00,4.00,3.50,2.00,4.00,2026-09-14T01:37:26.865Z
AG16,SP21,4.30,4.30,3.70,2.10,4.30,2026-09-14T01:37:26.862Z
AG16,SP22,3.80,3.80,3.30,1.90,3.80,2026-09-14T01:37:26.881Z
AG16,SP24,4.20,4.20,3.70,2.10,4.20,2026-09-14T01:37:26.868Z
AG16,SP25,3.60,3.60,3.10,1.70,3.60,2026-09-14T01:37:27.013Z
AG16,SP26,3.70,3.70,3.20,1.80,3.70,2026-09-14T01:37:27.015Z
AG16,SP27,3.80,3.80,3.30,1.80,3.80,2026-09-14T01:37:27.016Z
AG16,SP28,3.90,3.90,3.40,1.90,3.90,2026-09-14T01:37:27.014Z
AG16,SP29,4.10,4.10,3.60,2.00,4.10,2026-09-14T01:37:27.033Z
AG16,SP3,3.40,3.40,3.00,1.70,3.40,2026-09-14T01:37:27.033Z
AG16,SP31,4.40,4.40,3.80,2.20,4.40,2026-09-14T01:37:27.035Z
AG16,SP4,3.20,3.20,2.90,1.60,3.20,2026-09-14T01:37:27.041Z
AG16,SP5,3.10,3.10,2.70,1.50,3.10,2026-09-14T01:37:27.192Z
AG16,SP6,2.90,2.90,2.60,1.40,2.90,2026-09-14T01:37:27.196Z
AG16,SP7,3.10,3.10,2.70,1.60,3.10,2026-09-14T01:37:27.190Z
AG16,SP8,2.90,2.90,2.50,1.40,2.90,2026-09-14T01:37:27.433Z
AG16,SP9,2.70,2.70,2.40,1.40,2.70,2026-09-14T01:37:27.211Z
AG17,AG18,1.20,1.20,1.10,0.60,1.20,2026-09-14T01:37:27.211Z
AG17,AG2,3.70,3.70,3.20,1.80,3.70,2026-09-14T01:37:27.205Z
AG17,AG3,3.50,3.50,3.10,1.70,3.50,2026-09-14T01:37:27.205Z
AG17,AG4,3.30,3.30,2.90,1.60,3.30,2026-09-14T01:37:27.357Z
AG17,AG5,3.20,3.20,2.80,1.60,3.20,2026-09-14T01:37:27.361Z
AG17,AG6,3.00,3.00,2.70,1.50,3.00,2026-09-14T01:37:27.357Z
AG17,AG7,2.90,2.90,2.60,1.40,2.90,2026-09-14T01:37:27.375Z
AG17,AG8,3.00,3.00,2.60,1.50,3.00,2026-09-14T01:37:27.374Z
AG17,AG9,2.80,2.80,2.50,1.40,2.80,2026-09-14T01:37:27.373Z
AG17,KG04,4.90,4.90,4.30,2.50,4.90,2026-09-14T01:37:27.373Z
AG17,KG05,4.80,4.80,4.20,2.40,4.80,2026-09-14T01:37:27.534Z
AG17,KG06,5.30,5.30,4.60,2.60,5.30,2026-09-14T01:37:27.528Z
AG17,KG07,5.00,5.00,4.40,2.50,5.00,2026-09-14T01:37:27.530Z
AG17,KG08,4.80,4.80,4.20,2.40,4.80,2026-09-14T01:37:27.547Z
AG17,KG09,5.10,5.10,4.50,2.60,5.10,2026-09-14T01:37:27.547Z
AG17,KG10,4.80,4.80,4.20,2.40,4.80,2026-09-14T01:37:27.546Z
AG17,KG12,4.50,4.50,4.00,2.30,4.50,2026-09-14T01:37:27.551Z
AG17,KG13,4.40,4.40,3.90,2.20,4.40,2026-09-14T01:37:27.586Z
AG17,KG14,4.10,4.10,3.60,2.00,4.10,2026-09-14T01:37:27.686Z
AG17,KG15,3.60,3.60,3.20,1.80,3.60,2026-09-14T01:37:27.692Z
AG17,KG16,3.20,3.20,2.90,1.60,3.20,2026-09-14T01:37:27.693Z
AG17,KG17,3.00,3.00,2.60,1.50,3.00,2026-09-14T01:37:27.709Z
AG17,KG18A,3.00,3.00,2.70,1.60,3.00,2026-09-14T01:37:27.717Z
AG17,KG20,2.60,2.60,2.40,1.30,2.60,2026-09-14T01:37:27.717Z
AG17,KG21,2.20,2.20,2.10,1.20,2.20,2026-09-14T01:37:27.717Z
AG17,KG22,1.90,1.90,1.80,1.00,1.90,2026-09-14T01:37:27.724Z
AG17,KG23,2.40,2.40,2.30,1.30,2.40,2026-09-14T01:37:27.855Z
AG17,KG24,2.70,2.70,2.50,1.40,2.70,2026-09-14T01:37:27.856Z
AG17,KG25,3.10,3.10,2.80,1.60,3.10,2026-09-14T01:37:27.856Z
AG17,KG26,3.60,3.60,3.20,1.80,3.60,2026-09-14T01:37:27.869Z
AG17,KG27,4.20,4.20,3.70,2.10,4.20,2026-09-14T01:37:27.883Z
AG17,KG28,4.10,4.10,3.70,2.10,4.10,2026-09-14T01:37:27.885Z
AG17,KG29,4.50,4.50,4.00,2.20,4.50,2026-09-14T01:37:27.882Z
AG17,KG30,4.70,4.70,4.10,2.30,4.70,2026-09-14T01:37:27.895Z
AG17,KG31,4.50,4.50,4.00,2.30,4.50,2026-09-14T01:37:28.049Z
AG17,KG33,5.10,5.10,4.50,2.60,5.10,2026-09-14T01:37:28.063Z
AG17,KG34,5.30,5.30,4.60,2.70,5.30,2026-09-14T01:37:28.048Z
AG17,KG35,4.80,4.80,4.30,2.40,4.80,2026-09-14T01:37:28.049Z
AG17,KJ1,5.70,5.70,4.90,2.80,5.70,2026-09-14T01:37:28.115Z
AG17,KJ10,3.90,3.90,3.50,1.90,3.90,2026-09-14T01:37:28.109Z
AG17,KJ11,3.60,3.60,3.20,1.70,3.60,2026-09-14T01:37:28.109Z
AG17,KJ12,3.30,3.30,2.90,1.60,3.30,2026-09-14T01:37:28.115Z
AG17,KJ13,2.90,2.90,2.60,1.40,2.90,2026-09-14T01:37:28.209Z
AG17,KJ14,3.20,3.20,2.90,1.60,3.20,2026-09-14T01:37:28.217Z
AG17,KJ15,3.70,3.70,3.30,1.80,3.70,2026-09-14T01:37:28.212Z
AG17,KJ16,4.00,4.00,3.50,2.00,4.00,2026-09-14T01:37:28.223Z
AG17,KJ17,4.20,4.20,3.70,2.10,4.20,2026-09-14T01:37:28.258Z
AG17,KJ18,4.40,4.40,3.90,2.20,4.40,2026-09-14T01:37:28.258Z
AG17,KJ19,4.60,4.60,4.00,2.30,4.60,2026-09-14T01:37:28.265Z
AG17,KJ2,5.90,5.90,5.10,2.90,5.90,2026-09-14T01:37:28.264Z
AG17,KJ20,5.30,5.30,4.60,2.60,5.30,2026-09-14T01:37:28.384Z
AG17,KJ21,5.00,5.00,4.40,2.50,5.00,2026-09-14T01:37:28.388Z
AG17,KJ22,5.40,5.40,4.70,2.60,5.40,2026-09-14T01:37:28.387Z
AG17,KJ23,5.70,5.70,4.90,2.80,5.70,2026-09-14T01:37:28.399Z
AG17,KJ24,5.90,5.90,5.10,2.90,5.90,2026-09-14T01:37:28.426Z
AG17,KJ25,5.70,5.70,4.90,2.80,5.70,2026-09-14T01:37:28.435Z
AG17,KJ26,5.80,5.80,5.00,2.90,5.80,2026-09-14T01:37:28.426Z
AG17,KJ27,6.10,6.10,5.30,3.00,6.10,2026-09-14T01:37:28.432Z
AG17,KJ28,5.70,5.70,4.90,2.80,5.70,2026-09-14T01:37:28.568Z
AG17,KJ29,5.90,5.90,5.10,2.90,5.90,2026-09-14T01:37:28.561Z
AG17,KJ3,5.40,5.40,4.70,2.70,5.40,2026-09-14T01:37:28.581Z
AG17,KJ30,6.00,6.00,5.20,3.00,6.00,2026-09-14T01:37:28.566Z
AG17,KJ31,6.30,6.30,5.40,3.10,6.30,2026-09-14T01:37:28.594Z
AG17,KJ32,5.60,5.60,4.80,2.70,5.60,2026-09-14T01:37:28.627Z
AG17,KJ33,5.70,5.70,4.90,2.80,5.70,2026-09-14T01:37:28.632Z
AG17,KJ34,5.80,5.80,5.00,2.90,5.80,2026-09-14T01:37:28.633Z
AG17,KJ35,5.50,5.50,4.70,2.70,5.50,2026-09-14T01:37:28.726Z
AG17,KJ36,5.00,5.00,4.30,2.50,5.00,2026-09-14T01:37:28.742Z
AG17,KJ37,4.50,4.50,3.90,2.20,4.50,2026-09-14T01:37:28.746Z
AG17,KJ4,5.20,5.20,4.50,2.50,5.20,2026-09-14T01:37:28.755Z
AG17,KJ5,5.00,5.00,4.30,2.40,5.00,2026-09-14T01:37:28.752Z
AG17,KJ6,4.70,4.70,4.10,2.30,4.70,2026-09-14T01:37:28.791Z
AG17,KJ7,4.50,4.50,4.00,2.20,4.50,2026-09-14T01:37:28.791Z
AG17,KJ8,4.30,4.30,3.80,2.10,4.30,2026-09-14T01:37:28.797Z
AG17,KJ9,4.00,4.00,3.60,2.00,4.00,2026-09-14T01:37:28.892Z
AG17,MR1,4.80,4.80,4.20,2.40,4.80,2026-09-14T01:37:28.915Z
AG17,MR10,4.20,4.20,3.70,2.00,4.20,2026-09-14T01:37:28.916Z
AG17,MR11,3.50,3.50,3.10,1.70,3.50,2026-09-14T01:37:28.929Z
AG17,MR2,4.50,4.50,3.90,2.20,4.50,2026-09-14T01:37:28.905Z
AG17,MR3,3.50,3.50,3.10,1.70,3.50,2026-09-14T01:37:28.937Z
AG17,MR4,2.80,2.80,2.50,1.40,2.80,2026-09-14T01:37:28.936Z
AG17,MR5,3.20,3.20,2.80,1.50,3.20,2026-09-14T01:37:28.945Z
AG17,MR6,3.50,3.50,3.10,1.70,3.50,2026-09-14T01:37:29.076Z
AG17,MR7,3.90,3.90,3.40,1.90,3.90,2026-09-14T01:37:29.081Z
AG17,MR8,4.40,4.40,3.90,2.20,4.40,2026-09-14T01:37:29.088Z
AG17,MR9,4.80,4.80,4.20,2.40,4.80,2026-09-14T01:37:29.086Z
AG17,PY01,4.90,4.90,4.30,2.50,4.90,2026-09-14T01:37:29.110Z
AG17,PY03,5.10,5.10,4.50,2.60,5.10,2026-09-14T01:37:29.107Z
AG17,PY04,5.80,5.80,5.10,2.90,5.80,2026-09-14T01:37:29.097Z
AG17,PY05,5.60,5.60,4.90,2.80,5.60,2026-09-14T01:37:29.114Z
AG17,PY06,5.40,5.40,4.70,2.70,5.40,2026-09-14T01:37:29.242Z
AG17,PY07,5.10,5.10,4.50,2.60,5.10,2026-09-14T01:37:29.242Z
AG17,PY08,5.60,5.60,4.90,2.70,5.60,2026-09-14T01:37:29.237Z
AG17,PY09,5.30,5.30,4.60,2.60,5.30,2026-09-14T01:37:29.240Z
AG17,PY10,5.10,5.10,4.50,2.60,5.10,2026-09-14T01:37:29.270Z
AG17,PY11,4.90,4.90,4.30,2.50,4.90,2026-09-14T01:37:29.267Z
AG17,PY12,5.10,5.10,4.40,2.50,5.10,2026-09-14T01:37:29.280Z
AG17,PY13,4.80,4.80,4.20,2.30,4.80,2026-09-14T01:37:29.283Z
AG17,PY14,4.60,4.60,4.00,2.20,4.60,2026-09-14T01:37:29.409Z
AG17,PY15,4.30,4.30,3.80,2.10,4.30,2026-09-14T01:37:29.411Z
AG17,PY16,3.90,3.90,3.50,1.90,3.90,2026-09-14T01:37:29.410Z
AG17,PY17,3.50,3.50,3.10,1.70,3.50,2026-09-14T01:37:29.412Z
AG17,PY18,3.70,3.70,3.30,1.80,3.70,2026-09-14T01:37:29.437Z
AG17,PY19,3.70,3.70,3.30,1.80,3.70,2026-09-14T01:37:29.436Z
AG17,PY20,3.20,3.20,2.90,1.60,3.20,2026-09-14T01:37:29.454Z
AG17,PY21,3.10,3.10,2.80,1.50,3.10,2026-09-14T01:37:29.455Z
AG17,PY22,2.90,2.90,2.60,1.40,2.90,2026-09-14T01:37:29.593Z
AG17,PY23,2.60,2.60,2.40,1.30,2.60,2026-09-14T01:37:29.587Z
AG17,PY24,2.30,2.30,2.10,1.20,2.30,2026-09-14T01:37:29.583Z
AG17,PY27,3.80,3.80,3.40,1.90,3.80,2026-09-14T01:37:29.586Z
AG17,PY28,4.20,4.20,3.60,2.00,4.20,2026-09-14T01:37:29.607Z
AG17,PY29,3.60,3.60,3.10,1.70,3.60,2026-09-14T01:37:29.590Z
AG17,PY31,4.40,4.40,3.70,2.10,4.40,2026-09-14T01:37:29.629Z
AG17,PY32,4.70,4.70,4.00,2.20,4.70,2026-09-14T01:37:29.633Z
AG17,PY33,4.90,4.90,4.20,2.30,4.90,2026-09-14T01:37:29.735Z
AG17,PY34,5.20,5.20,4.50,2.60,5.20,2026-09-14T01:37:29.737Z
AG17,PY36,5.30,5.30,4.60,2.60,5.30,2026-09-14T01:37:29.739Z
AG17,PY37,5.50,5.50,4.80,2.80,5.50,2026-09-14T01:37:29.738Z
AG17,PY38,5.50,5.50,4.80,2.70,5.50,2026-09-14T01:37:29.784Z
AG17,PY39,5.20,5.20,4.50,2.60,5.20,2026-09-14T01:37:29.783Z
AG17,PY40,5.40,5.40,4.70,2.70,5.40,2026-09-14T01:37:29.784Z
AG17,PY41,5.50,5.50,4.80,2.70,5.50,2026-09-14T01:37:29.781Z
AG17,SB1,10.70,10.70,9.10,5.30,10.70,2026-09-14T01:37:29.906Z
AG17,SB2,10.10,10.10,8.50,5.00,10.10,2026-09-14T01:37:29.915Z
AG17,SB3,9.40,9.40,8.00,4.70,9.40,2026-09-14T01:37:29.912Z
AG17,SB4,8.70,8.70,7.40,4.30,8.70,2026-09-14T01:37:29.915Z
AG17,SB5,8.00,8.00,6.80,4.00,8.00,2026-09-14T01:37:29.948Z
AG17,SB6,7.10,7.10,6.10,3.50,7.10,2026-09-14T01:37:29.957Z
AG17,SB7,6.30,6.30,5.40,3.10,6.30,2026-09-14T01:37:29.940Z
AG17,SP1,3.90,3.90,3.40,1.90,3.90,2026-09-14T01:37:29.957Z
AG17,SP10,2.60,2.60,2.30,1.30,2.60,2026-09-14T01:37:30.087Z
AG17,SP11,2.30,2.30,2.10,1.20,2.30,2026-09-14T01:37:30.086Z
AG17,SP12,2.40,2.40,2.10,1.20,2.40,2026-09-14T01:37:30.098Z
AG17,SP13,2.80,2.80,2.40,1.40,2.80,2026-09-14T01:37:30.080Z
AG17,SP14,2.90,2.90,2.50,1.40,2.90,2026-09-14T01:37:30.115Z
AG17,SP15,3.30,3.30,2.90,1.60,3.30,2026-09-14T01:37:30.115Z
AG17,SP16,3.60,3.60,3.10,1.70,3.60,2026-09-14T01:37:30.114Z
AG17,SP17,3.50,3.50,3.10,1.70,3.50,2026-09-14T01:37:30.115Z
AG17,SP18,3.60,3.60,3.20,1.80,3.60,2026-09-14T01:37:30.245Z
AG17,SP19,4.00,4.00,3.50,1.90,4.00,2026-09-14T01:37:30.261Z
AG17,SP2,3.70,3.70,3.20,1.80,3.70,2026-09-14T01:37:30.280Z
AG17,SP20,4.10,4.10,3.60,2.00,4.10,2026-09-14T01:37:30.278Z
AG17,SP21,3.70,3.70,3.20,1.80,3.70,2026-09-14T01:37:30.281Z
AG17,SP22,3.90,3.90,3.40,1.90,3.90,2026-09-14T01:37:30.280Z
AG17,SP24,4.30,4.30,3.70,2.10,4.30,2026-09-14T01:37:30.281Z
AG17,SP25,3.60,3.60,3.20,1.80,3.60,2026-09-14T01:37:30.272Z
AG17,SP26,3.80,3.80,3.30,1.80,3.80,2026-09-14T01:37:30.417Z
AG17,SP27,3.80,3.80,3.30,1.90,3.80,2026-09-14T01:37:30.435Z
AG17,SP28,4.00,4.00,3.50,2.00,4.00,2026-09-14T01:37:30.435Z
AG17,SP29,4.20,4.20,3.60,2.00,4.20,2026-09-14T01:37:30.457Z
AG17,SP3,3.50,3.50,3.10,1.70,3.50,2026-09-14T01:37:30.451Z
AG17,SP31,4.50,4.50,3.90,2.20,4.50,2026-09-14T01:37:30.450Z
AG17,SP4,3.30,3.30,2.90,1.60,3.30,2026-09-14T01:37:30.454Z
AG17,SP5,3.20,3.20,2.80,1.60,3.20,2026-09-14T01:37:30.454Z
AG17,SP6,3.00,3.00,2.70,1.50,3.00,2026-09-14T01:37:30.585Z
AG17,SP7,2.90,2.90,2.60,1.40,2.90,2026-09-14T01:37:30.615Z
AG17,SP8,3.00,3.00,2.60,1.50,3.00,2026-09-14T01:37:30.610Z
AG17,SP9,2.80,2.80,2.50,1.40,2.80,2026-09-14T01:37:30.628Z
AG18,AG2,3.40,3.40,3.00,1.70,3.40,2026-09-14T01:37:30.624Z
AG18,AG3,3.80,3.80,3.30,1.90,3.80,2026-09-14T01:37:30.620Z
AG18,AG4,3.60,3.60,3.20,1.80,3.60,2026-09-14T01:37:30.628Z
AG18,AG5,3.50,3.50,3.00,1.70,3.50,2026-09-14T01:37:30.624Z
AG18,AG6,3.30,3.30,2.90,1.60,3.30,2026-09-14T01:37:30.748Z
AG18,AG7,3.20,3.20,2.80,1.50,3.20,2026-09-14T01:37:30.775Z
AG18,AG8,3.00,3.00,2.60,1.40,3.00,2026-09-14T01:37:30.783Z
AG18,AG9,3.20,3.20,2.80,1.60,3.20,2026-09-14T01:37:30.794Z
AG18,KG04,5.10,5.10,4.40,2.60,5.10,2026-09-14T01:37:30.798Z
AG18,KG05,5.00,5.00,4.30,2.50,5.00,2026-09-14T01:37:30.788Z
AG18,KG06,5.50,5.50,4.70,2.70,5.50,2026-09-14T01:37:30.814Z
AG18,KG07,5.20,5.20,4.50,2.60,5.20,2026-09-14T01:37:30.791Z
AG18,KG08,5.00,5.00,4.30,2.50,5.00,2026-09-14T01:37:30.918Z
AG18,KG09,5.30,5.30,4.60,2.70,5.30,2026-09-14T01:37:30.951Z
AG18,KG10,5.00,5.00,4.30,2.50,5.00,2026-09-14T01:37:30.950Z
AG18,KG12,4.70,4.70,4.10,2.40,4.70,2026-09-14T01:37:30.955Z
AG18,KG13,4.60,4.60,4.00,2.20,4.60,2026-09-14T01:37:30.951Z
AG18,KG14,4.10,4.10,3.50,1.90,4.10,2026-09-14T01:37:30.974Z
AG18,KG15,3.60,3.60,3.10,1.70,3.60,2026-09-14T01:37:30.963Z
AG18,KG16,3.20,3.20,2.80,1.50,3.20,2026-09-14T01:37:30.973Z
AG18,KG17,3.00,3.00,2.60,1.40,3.00,2026-09-14T01:37:31.092Z
AG18,KG18A,3.20,3.20,2.80,1.60,3.20,2026-09-14T01:37:31.118Z
AG18,KG20,2.80,2.80,2.50,1.40,2.80,2026-09-14T01:37:31.126Z
AG18,KG21,2.40,2.40,2.20,1.30,2.40,2026-09-14T01:37:31.123Z
AG18,KG22,2.10,2.10,1.90,1.10,2.10,2026-09-14T01:37:31.117Z
AG18,KG23,2.60,2.60,2.40,1.40,2.60,2026-09-14T01:37:31.144Z
AG18,KG24,2.90,2.90,2.60,1.50,2.90,2026-09-14T01:37:31.139Z
AG18,KG25,3.40,3.40,3.00,1.70,3.40,2026-09-14T01:37:31.140Z
AG18,KG26,3.80,3.80,3.30,1.90,3.80,2026-09-14T01:37:31.254Z
AG18,KG27,4.40,4.40,3.80,2.20,4.40,2026-09-14T01:37:31.292Z
AG18,KG28,4.30,4.30,3.80,2.20,4.30,2026-09-14T01:37:31.290Z
AG18,KG29,4.70,4.70,4.10,2.30,4.70,2026-09-14T01:37:31.292Z
AG18,KG30,4.90,4.90,4.20,2.40,4.90,2026-09-14T01:37:31.289Z
AG18,KG31,4.70,4.70,4.10,2.40,4.70,2026-09-14T01:37:31.293Z
AG18,KG33,5.30,5.30,4.60,2.70,5.30,2026-09-14T01:37:31.296Z
AG18,KG34,5.50,5.50,4.70,2.80,5.50,2026-09-14T01:37:31.297Z
AG18,KG35,5.00,5.00,4.40,2.50,5.00,2026-09-14T01:37:31.410Z
AG18,KJ1,6.00,6.00,5.10,2.90,6.00,2026-09-14T01:37:31.471Z
AG18,KJ10,4.20,4.20,3.70,2.00,4.20,2026-09-14T01:37:31.467Z
AG18,KJ11,3.90,3.90,3.40,1.80,3.90,2026-09-14T01:37:31.466Z
AG18,KJ12,3.60,3.60,3.10,1.70,3.60,2026-09-14T01:37:31.456Z
AG18,KJ13,3.20,3.20,2.80,1.50,3.20,2026-09-14T01:37:31.467Z
AG18,KJ14,3.20,3.20,2.80,1.50,3.20,2026-09-14T01:37:31.467Z
AG18,KJ15,3.70,3.70,3.20,1.70,3.70,2026-09-14T01:37:31.471Z
AG18,KJ16,4.00,4.00,3.50,1.90,4.00,2026-09-14T01:37:31.593Z
AG18,KJ17,4.40,4.40,3.80,2.10,4.40,2026-09-14T01:37:31.619Z
AG18,KJ18,4.40,4.40,3.80,2.10,4.40,2026-09-14T01:37:31.644Z
AG18,KJ19,4.60,4.60,4.00,2.20,4.60,2026-09-14T01:37:31.676Z
AG18,KJ2,5.90,5.90,5.00,2.80,5.90,2026-09-14T01:37:31.676Z
AG18,KJ20,5.30,5.30,4.50,2.50,5.30,2026-09-14T01:37:31.666Z
AG18,KJ21,5.30,5.30,4.60,2.60,5.30,2026-09-14T01:37:31.657Z
AG18,KJ22,5.40,5.40,4.70,2.60,5.40,2026-09-14T01:37:31.639Z
AG18,KJ23,5.70,5.70,4.90,2.80,5.70,2026-09-14T01:37:31.809Z
AG18,KJ24,6.00,6.00,5.10,2.90,6.00,2026-09-14T01:37:31.812Z
AG18,KJ25,5.80,5.80,4.90,2.80,5.80,2026-09-14T01:37:31.813Z
AG18,KJ26,5.90,5.90,5.10,2.90,5.90,2026-09-14T01:37:31.818Z
AG18,KJ27,6.20,6.20,5.30,3.00,6.20,2026-09-14T01:37:31.820Z
AG18,KJ28,6.00,6.00,5.10,2.90,6.00,2026-09-14T01:37:31.830Z
AG18,KJ29,6.00,6.00,5.10,2.90,6.00,2026-09-14T01:37:31.853Z
AG18,KJ3,5.70,5.70,4.90,2.80,5.70,2026-09-14T01:37:31.861Z
AG18,KJ30,6.20,6.20,5.30,3.00,6.20,2026-09-14T01:37:31.978Z
AG18,KJ31,6.50,6.50,5.50,3.10,6.50,2026-09-14T01:37:31.975Z
AG18,KJ32,5.90,5.90,5.00,2.80,5.90,2026-09-14T01:37:31.977Z
AG18,KJ33,5.90,5.90,5.00,2.80,5.90,2026-09-14T01:37:31.990Z
AG18,KJ34,5.90,5.90,5.10,2.90,5.90,2026-09-14T01:37:31.985Z
AG18,KJ35,5.60,5.60,4.80,2.80,5.60,2026-09-14T01:37:32.024Z
AG18,KJ36,5.10,5.10,4.40,2.60,5.10,2026-09-14T01:37:32.015Z
AG18,KJ37,4.60,4.60,4.00,2.30,4.60,2026-09-14T01:37:32.024Z
AG18,KJ4,5.50,5.50,4.70,2.60,5.50,2026-09-14T01:37:32.147Z
AG18,KJ5,5.30,5.30,4.50,2.50,5.30,2026-09-14T01:37:32.158Z
AG18,KJ6,5.00,5.00,4.30,2.40,5.00,2026-09-14T01:37:32.147Z
AG18,KJ7,4.80,4.80,4.20,2.30,4.80,2026-09-14T01:37:32.169Z
AG18,KJ8,4.60,4.60,4.00,2.20,4.60,2026-09-14T01:37:32.174Z
AG18,KJ9,4.30,4.30,3.80,2.10,4.30,2026-09-14T01:37:32.193Z
AG18,MR1,5.20,5.20,4.50,2.60,5.20,2026-09-14T01:37:32.218Z
AG18,MR10,4.50,4.50,3.90,2.20,4.50,2026-09-14T01:37:32.220Z
AG18,MR11,3.80,3.80,3.30,1.90,3.80,2026-09-14T01:37:32.321Z
AG18,MR2,4.90,4.90,4.20,2.40,4.90,2026-09-14T01:37:32.322Z
AG18,MR3,3.90,3.90,3.40,1.90,3.90,2026-09-14T01:37:32.325Z
AG18,MR4,3.20,3.20,2.80,1.60,3.20,2026-09-14T01:37:32.326Z
AG18,MR5,3.60,3.60,3.10,1.70,3.60,2026-09-14T01:37:32.341Z
AG18,MR6,3.90,3.90,3.40,1.90,3.90,2026-09-14T01:37:32.364Z
AG18,MR7,4.30,4.30,3.70,2.10,4.30,2026-09-14T01:37:32.369Z
AG18,MR8,4.80,4.80,4.20,2.40,4.80,2026-09-14T01:37:32.368Z
AG18,MR9,5.10,5.10,4.40,2.60,5.10,2026-09-14T01:37:32.488Z
AG18,PY01,5.10,5.10,4.40,2.60,5.10,2026-09-14T01:37:32.485Z
AG18,PY03,5.50,5.50,4.70,2.70,5.50,2026-09-14T01:37:32.498Z
AG18,PY04,6.10,6.10,5.30,3.00,6.10,2026-09-14T01:37:32.498Z
AG18,PY05,5.90,5.90,5.10,2.90,5.90,2026-09-14T01:37:32.500Z
AG18,PY06,5.80,5.80,4.90,2.80,5.80,2026-09-14T01:37:32.533Z
AG18,PY07,5.50,5.50,4.70,2.70,5.50,2026-09-14T01:37:32.531Z
AG18,PY08,5.80,5.80,5.00,2.80,5.80,2026-09-14T01:37:32.529Z
AG18,PY09,5.50,5.50,4.70,2.70,5.50,2026-09-14T01:37:32.660Z
AG18,PY10,5.50,5.50,4.70,2.70,5.50,2026-09-14T01:37:32.660Z
AG18,PY11,5.30,5.30,4.50,2.60,5.30,2026-09-14T01:37:32.659Z
AG18,PY12,5.30,5.30,4.60,2.60,5.30,2026-09-14T01:37:32.662Z
AG18,PY13,5.10,5.10,4.40,2.50,5.10,2026-09-14T01:37:32.670Z
AG18,PY14,4.90,4.90,4.20,2.40,4.90,2026-09-14T01:37:32.671Z
AG18,PY15,4.60,4.60,4.00,2.30,4.60,2026-09-14T01:37:32.672Z
AG18,PY16,4.20,4.20,3.70,2.10,4.20,2026-09-14T01:37:32.689Z
AG18,PY17,3.80,3.80,3.30,1.90,3.80,2026-09-14T01:37:32.825Z
AG18,PY18,4.00,4.00,3.50,2.00,4.00,2026-09-14T01:37:32.831Z
AG18,PY19,3.90,3.90,3.40,1.90,3.90,2026-09-14T01:37:32.832Z
AG18,PY20,3.50,3.50,3.10,1.70,3.50,2026-09-14T01:37:32.833Z
AG18,PY21,3.30,3.30,2.90,1.60,3.30,2026-09-14T01:37:32.833Z
AG18,PY22,3.10,3.10,2.70,1.50,3.10,2026-09-14T01:37:32.833Z
AG18,PY23,2.80,2.80,2.50,1.40,2.80,2026-09-14T01:37:32.838Z
AG18,PY24,2.70,2.70,2.30,1.30,2.70,2026-09-14T01:37:32.893Z
AG18,PY27,4.20,4.20,3.60,2.00,4.20,2026-09-14T01:37:32.998Z
AG18,PY28,4.40,4.40,3.80,2.20,4.40,2026-09-14T01:37:33.001Z
AG18,PY29,3.80,3.80,3.30,1.90,3.80,2026-09-14T01:37:33.007Z
AG18,PY31,4.60,4.60,3.90,2.30,4.60,2026-09-14T01:37:33.007Z
AG18,PY32,4.90,4.90,4.20,2.40,4.90,2026-09-14T01:37:33.000Z
AG18,PY33,5.10,5.10,4.40,2.50,5.10,2026-09-14T01:37:32.995Z
AG18,PY34,5.60,5.60,4.70,2.70,5.60,2026-09-14T01:37:33.004Z
AG18,PY36,5.70,5.70,4.80,2.70,5.70,2026-09-14T01:37:33.041Z
AG18,PY37,5.90,5.90,5.00,2.90,5.90,2026-09-14T01:37:33.180Z
AG18,PY38,5.70,5.70,4.90,2.80,5.70,2026-09-14T01:37:33.169Z
AG18,PY39,5.60,5.60,4.70,2.70,5.60,2026-09-14T01:37:33.168Z
AG18,PY40,5.80,5.80,4.90,2.80,5.80,2026-09-14T01:37:33.166Z
AG18,PY41,5.90,5.90,5.00,2.80,5.90,2026-09-14T01:37:33.193Z
AG18,SB1,10.90,10.90,9.20,5.30,10.90,2026-09-14T01:37:33.168Z
AG18,SB2,10.30,10.30,8.60,5.00,10.30,2026-09-14T01:37:33.197Z
AG18,SB3,9.60,9.60,8.10,4.70,9.60,2026-09-14T01:37:33.255Z
AG18,SB4,8.90,8.90,7.50,4.30,8.90,2026-09-14T01:37:33.336Z
AG18,SB5,8.20,8.20,6.90,4.00,8.20,2026-09-14T01:37:33.336Z
AG18,SB6,7.30,7.30,6.20,3.50,7.30,2026-09-14T01:37:33.336Z
AG18,SB7,6.50,6.50,5.50,3.10,6.50,2026-09-14T01:37:33.336Z
AG18,SP1,3.60,3.60,3.10,1.70,3.60,2026-09-14T01:37:33.345Z
AG18,SP10,2.90,2.90,2.60,1.50,2.90,2026-09-14T01:37:33.835Z
AG18,SP11,2.70,2.70,2.30,1.30,2.70,2026-09-14T01:37:33.835Z
AG18,SP12,2.70,2.70,2.40,1.30,2.70,2026-09-14T01:37:33.422Z
AG18,SP13,3.10,3.10,2.70,1.50,3.10,2026-09-14T01:37:33.527Z
AG18,SP14,3.10,3.10,2.80,1.50,3.10,2026-09-14T01:37:33.512Z
AG18,SP15,3.50,3.50,3.10,1.70,3.50,2026-09-14T01:37:33.506Z
AG18,SP16,3.80,3.80,3.30,1.90,3.80,2026-09-14T01:37:33.849Z
AG18,SP17,3.70,3.70,3.30,1.80,3.70,2026-09-14T01:37:33.512Z
AG18,SP18,3.90,3.90,3.40,1.90,3.90,2026-09-14T01:37:33.571Z
AG18,SP19,4.20,4.20,3.60,2.00,4.20,2026-09-14T01:37:33.671Z
AG18,SP2,3.40,3.40,3.00,1.70,3.40,2026-09-14T01:37:33.674Z
AG18,SP20,3.70,3.70,3.20,1.80,3.70,2026-09-14T01:37:33.672Z
AG18,SP21,3.80,3.80,3.40,1.90,3.80,2026-09-14T01:37:33.684Z
AG18,SP22,4.10,4.10,3.50,2.00,4.10,2026-09-14T01:37:33.711Z
AG18,SP24,3.60,3.60,3.10,1.70,3.60,2026-09-14T01:37:33.852Z
AG18,SP25,3.80,3.80,3.30,1.80,3.80,2026-09-14T01:37:33.854Z
AG18,SP26,3.90,3.90,3.40,1.90,3.90,2026-09-14T01:37:33.854Z
AG18,SP27,4.00,4.00,3.50,1.90,4.00,2026-09-14T01:37:33.852Z
AG18,SP28,4.10,4.10,3.60,2.00,4.10,2026-09-14T01:37:33.889Z
AG18,SP29,4.30,4.30,3.70,2.10,4.30,2026-09-14T01:37:33.986Z
AG18,SP3,3.80,3.80,3.30,1.90,3.80,2026-09-14T01:37:34.001Z
AG18,SP31,4.60,4.60,4.00,2.30,4.60,2026-09-14T01:37:34.005Z
AG18,SP4,3.60,3.60,3.20,1.80,3.60,2026-09-14T01:37:34.005Z
AG18,SP5,3.50,3.50,3.00,1.70,3.50,2026-09-14T01:37:34.008Z
AG18,SP6,3.30,3.30,2.90,1.60,3.30,2026-09-14T01:37:34.001Z
AG18,SP7,3.20,3.20,2.80,1.50,3.20,2026-09-14T01:37:34.009Z
AG18,SP8,3.00,3.00,2.60,1.40,3.00,2026-09-14T01:37:34.041Z
AG18,SP9,3.20,3.20,2.80,1.60,3.20,2026-09-14T01:37:34.161Z
AG2,AG3,1.00,1.00,1.00,0.50,1.00,2026-09-14T01:37:34.163Z
AG2,AG4,1.30,1.30,1.20,0.60,1.30,2026-09-14T01:37:34.161Z
AG2,AG5,1.50,1.50,1.30,0.70,1.50,2026-09-14T01:37:34.181Z
AG2,AG6,1.70,1.70,1.50,0.80,1.70,2026-09-14T01:37:34.175Z
AG2,AG7,1.90,1.90,1.70,0.90,1.90,2026-09-14T01:37:34.181Z
AG2,AG8,2.00,2.00,1.80,1.00,2.00,2026-09-14T01:37:34.181Z
AG2,AG9,2.10,2.10,1.90,1.10,2.10,2026-09-14T01:37:34.201Z
AG2,KG04,4.10,4.10,3.60,2.00,4.10,2026-09-14T01:37:34.342Z
AG2,KG05,4.50,4.50,3.90,2.20,4.50,2026-09-14T01:37:34.343Z
AG2,KG06,5.20,5.20,4.50,2.50,5.20,2026-09-14T01:37:34.342Z
AG2,KG07,5.00,5.00,4.30,2.50,5.00,2026-09-14T01:37:34.353Z
AG2,KG08,4.70,4.70,4.00,2.30,4.70,2026-09-14T01:37:34.357Z
AG2,KG09,4.80,4.80,4.20,2.40,4.80,2026-09-14T01:37:34.350Z
AG2,KG10,4.40,4.40,3.80,2.20,4.40,2026-09-14T01:37:34.357Z
AG2,KG12,4.10,4.10,3.60,2.00,4.10,2026-09-14T01:37:34.393Z
AG2,KG13,3.80,3.80,3.30,1.80,3.80,2026-09-14T01:37:34.509Z
AG2,KG14,3.10,3.10,2.70,1.50,3.10,2026-09-14T01:37:34.510Z
AG2,KG15,2.60,2.60,2.30,1.30,2.60,2026-09-14T01:37:34.509Z
AG2,KG16,2.20,2.20,2.00,1.10,2.20,2026-09-14T01:37:34.539Z
AG2,KG17,2.00,2.00,1.80,1.00,2.00,2026-09-14T01:37:34.536Z
AG2,KG18A,2.40,2.40,2.10,1.20,2.40,2026-09-14T01:37:34.537Z
AG2,KG20,2.40,2.40,2.20,1.20,2.40,2026-09-14T01:37:34.537Z
AG2,KG21,2.80,2.80,2.50,1.40,2.80,2026-09-14T01:37:34.561Z
AG2,KG22,3.10,3.10,2.80,1.50,3.10,2026-09-14T01:37:34.674Z
AG2,KG23,3.70,3.70,3.30,1.80,3.70,2026-09-14T01:37:34.675Z
AG2,KG24,3.80,3.80,3.40,1.90,3.80,2026-09-14T01:37:34.675Z
AG2,KG25,4.10,4.10,3.60,2.00,4.10,2026-09-14T01:37:34.700Z
AG2,KG26,4.50,4.50,3.90,2.20,4.50,2026-09-14T01:37:34.704Z
AG2,KG27,4.80,4.80,4.20,2.30,4.80,2026-09-14T01:37:34.700Z
AG2,KG28,4.80,4.80,4.10,2.30,4.80,2026-09-14T01:37:34.701Z
AG2,KG29,5.00,5.00,4.40,2.50,5.00,2026-09-14T01:37:34.715Z
AG2,KG30,5.10,5.10,4.50,2.50,5.10,2026-09-14T01:37:34.858Z
AG2,KG31,5.10,5.10,4.50,2.50,5.10,2026-09-14T01:37:34.848Z
AG2,KG33,5.30,5.30,4.60,2.60,5.30,2026-09-14T01:37:34.850Z
AG2,KG34,5.40,5.40,4.70,2.70,5.40,2026-09-14T01:37:34.862Z
AG2,KG35,4.80,4.80,4.10,2.30,4.80,2026-09-14T01:37:34.862Z
AG2,KJ1,4.80,4.80,4.10,2.30,4.80,2026-09-14T01:37:34.884Z
AG2,KJ10,2.90,2.90,2.60,1.40,2.90,2026-09-14T01:37:34.892Z
AG2,KJ11,2.60,2.60,2.30,1.20,2.60,2026-09-14T01:37:34.896Z
AG2,KJ12,2.30,2.30,2.00,1.10,2.30,2026-09-14T01:37:35.020Z
AG2,KJ13,1.90,1.90,1.70,0.90,1.90,2026-09-14T01:37:35.019Z
AG2,KJ14,2.20,2.20,2.00,1.10,2.20,2026-09-14T01:37:35.031Z
AG2,KJ15,2.70,2.70,2.40,1.30,2.70,2026-09-14T01:37:35.026Z
AG2,KJ16,3.00,3.00,2.60,1.50,3.00,2026-09-14T01:37:35.032Z
AG2,KJ17,3.20,3.20,2.80,1.60,3.20,2026-09-14T01:37:35.047Z
AG2,KJ18,3.50,3.50,3.10,1.70,3.50,2026-09-14T01:37:35.056Z
AG2,KJ19,3.70,3.70,3.20,1.80,3.70,2026-09-14T01:37:35.335Z
AG2,KJ2,5.00,5.00,4.30,2.40,5.00,2026-09-14T01:37:35.189Z
AG2,KJ20,4.40,4.40,3.80,2.10,4.40,2026-09-14T01:37:35.190Z
AG2,KJ21,4.10,4.10,3.60,2.00,4.10,2026-09-14T01:37:35.200Z
AG2,KJ22,4.50,4.50,3.90,2.10,4.50,2026-09-14T01:37:35.201Z
AG2,KJ23,4.80,4.80,4.10,2.30,4.80,2026-09-14T01:37:35.202Z
AG2,KJ24,5.00,5.00,4.30,2.40,5.00,2026-09-14T01:37:35.213Z
AG2,KJ25,4.80,4.80,4.10,2.30,4.80,2026-09-14T01:37:35.216Z
AG2,KJ26,4.90,4.90,4.20,2.40,4.90,2026-09-14T01:37:35.374Z
AG2,KJ27,5.20,5.20,4.50,2.50,5.20,2026-09-14T01:37:35.368Z
AG2,KJ28,4.80,4.80,4.10,2.30,4.80,2026-09-14T01:37:35.380Z
AG2,KJ29,5.00,5.00,4.30,2.40,5.00,2026-09-14T01:37:35.374Z
AG2,KJ3,4.50,4.50,3.90,2.20,4.50,2026-09-14T01:37:35.376Z
AG2,KJ30,5.10,5.10,4.40,2.50,5.10,2026-09-14T01:37:35.388Z
AG2,KJ31,5.40,5.40,4.60,2.60,5.40,2026-09-14T01:37:35.386Z
AG2,KJ32,4.70,4.70,4.00,2.20,4.70,2026-09-14T01:37:35.506Z
AG2,KJ33,4.80,4.80,4.10,2.30,4.80,2026-09-14T01:37:35.543Z
AG2,KJ34,4.90,4.90,4.20,2.40,4.90,2026-09-14T01:37:35.547Z
AG2,KJ35,5.10,5.10,4.40,2.50,5.10,2026-09-14T01:37:35.543Z
AG2,KJ36,5.30,5.30,4.50,2.50,5.30,2026-09-14T01:37:35.544Z
AG2,KJ37,4.80,4.80,4.10,2.40,4.80,2026-09-14T01:37:35.551Z
AG2,KJ4,4.30,4.30,3.70,2.00,4.30,2026-09-14T01:37:35.548Z
AG2,KJ5,4.10,4.10,3.50,1.90,4.10,2026-09-14T01:37:35.548Z
AG2,KJ6,3.80,3.80,3.30,1.80,3.80,2026-09-14T01:37:35.674Z
AG2,KJ7,3.60,3.60,3.20,1.70,3.60,2026-09-14T01:37:35.711Z
AG2,KJ8,3.30,3.30,2.90,1.60,3.30,2026-09-14T01:37:35.710Z
AG2,KJ9,3.00,3.00,2.70,1.50,3.00,2026-09-14T01:37:35.711Z
AG2,MR1,4.10,4.10,3.60,2.10,4.10,2026-09-14T01:37:35.711Z
AG2,MR10,1.80,1.80,1.70,0.80,1.80,2026-09-14T01:37:35.707Z
AG2,MR11,1.00,1.00,1.00,0.50,1.00,2026-09-14T01:37:35.713Z
AG2,MR2,3.80,3.80,3.30,1.90,3.80,2026-09-14T01:37:35.719Z
AG2,MR3,2.80,2.80,2.50,1.40,2.80,2026-09-14T01:37:35.848Z
AG2,MR4,2.10,2.10,1.90,1.10,2.10,2026-09-14T01:37:35.892Z
AG2,MR5,2.50,2.50,2.20,1.20,2.50,2026-09-14T01:37:35.887Z
AG2,MR6,2.70,2.70,2.40,1.30,2.70,2026-09-14T01:37:35.879Z
AG2,MR7,3.20,3.20,2.80,1.60,3.20,2026-09-14T01:37:35.881Z
AG2,MR8,2.70,2.70,2.50,1.30,2.70,2026-09-14T01:37:35.886Z
AG2,MR9,2.40,2.40,2.20,1.20,2.40,2026-09-14T01:37:35.881Z
AG2,PY01,4.10,4.10,3.60,2.00,4.10,2026-09-14T01:37:35.886Z
AG2,PY03,4.40,4.40,3.80,2.10,4.40,2026-09-14T01:37:36.021Z
AG2,PY04,4.10,4.10,3.60,2.00,4.10,2026-09-14T01:37:36.059Z
AG2,PY05,3.90,3.90,3.40,1.90,3.90,2026-09-14T01:37:36.065Z
AG2,PY06,4.00,4.00,3.50,2.00,4.00,2026-09-14T01:37:36.052Z
AG2,PY07,3.70,3.70,3.30,1.80,3.70,2026-09-14T01:37:36.052Z
AG2,PY08,3.40,3.40,3.00,1.70,3.40,2026-09-14T01:37:36.059Z
AG2,PY09,3.50,3.50,3.10,1.70,3.50,2026-09-14T01:37:36.066Z
AG2,PY10,3.10,3.10,2.80,1.60,3.10,2026-09-14T01:37:36.067Z
AG2,PY11,2.90,2.90,2.60,1.40,2.90,2026-09-14T01:37:36.198Z
AG2,PY12,2.60,2.60,2.30,1.30,2.60,2026-09-14T01:37:36.227Z
AG2,PY13,2.30,2.30,2.10,1.10,2.30,2026-09-14T01:37:36.227Z
AG2,PY14,2.10,2.10,1.90,1.00,2.10,2026-09-14T01:37:36.226Z
AG2,PY15,1.80,1.80,1.70,0.90,1.80,2026-09-14T01:37:36.228Z
AG2,PY16,1.40,1.40,1.40,0.70,1.40,2026-09-14T01:37:36.239Z
AG2,PY17,1.00,1.00,1.00,0.50,1.00,2026-09-14T01:37:36.238Z
AG2,PY18,1.20,1.20,1.20,0.60,1.20,2026-09-14T01:37:36.233Z
AG2,PY19,1.60,1.60,1.50,0.80,1.60,2026-09-14T01:37:36.371Z
AG2,PY20,1.90,1.90,1.80,1.00,1.90,2026-09-14T01:37:36.395Z
AG2,PY21,2.10,2.10,1.90,1.10,2.10,2026-09-14T01:37:36.405Z
AG2,PY22,2.20,2.20,2.00,1.10,2.20,2026-09-14T01:37:36.402Z
AG2,PY23,2.40,2.40,2.20,1.20,2.40,2026-09-14T01:37:36.405Z
AG2,PY24,2.70,2.70,2.30,1.30,2.70,2026-09-14T01:37:36.407Z
AG2,PY27,3.80,3.80,3.30,1.80,3.80,2026-09-14T01:37:36.405Z
AG2,PY28,4.10,4.10,3.60,2.00,4.10,2026-09-14T01:37:36.415Z
AG2,PY29,3.70,3.70,3.20,1.80,3.70,2026-09-14T01:37:36.536Z
AG2,PY31,4.40,4.40,3.80,2.20,4.40,2026-09-14T01:37:36.573Z
AG2,PY32,4.00,4.00,3.50,1.90,4.00,2026-09-14T01:37:36.571Z
AG2,PY33,4.10,4.10,3.60,2.00,4.10,2026-09-14T01:37:36.570Z
AG2,PY34,4.30,4.30,3.80,2.10,4.30,2026-09-14T01:37:36.569Z
AG2,PY36,4.00,4.00,3.50,2.00,4.00,2026-09-14T01:37:36.569Z
AG2,PY37,4.20,4.20,3.70,2.10,4.20,2026-09-14T01:37:36.572Z
AG2,PY38,4.50,4.50,3.90,2.20,4.50,2026-09-14T01:37:36.572Z
AG2,PY39,4.70,4.70,4.10,2.30,4.70,2026-09-14T01:37:36.704Z
AG2,PY40,4.80,4.80,4.20,2.40,4.80,2026-09-14T01:37:36.742Z
AG2,PY41,4.90,4.90,4.30,2.40,4.90,2026-09-14T01:37:36.744Z
AG2,SB1,9.80,9.80,8.30,4.80,9.80,2026-09-14T01:37:36.743Z
AG2,SB2,9.20,9.20,7.70,4.50,9.20,2026-09-14T01:37:36.738Z
AG2,SB3,8.50,8.50,7.20,4.20,8.50,2026-09-14T01:37:36.741Z
AG2,SB4,7.80,7.80,6.60,3.80,7.80,2026-09-14T01:37:36.745Z
AG2,SB5,7.10,7.10,6.00,3.50,7.10,2026-09-14T01:37:36.743Z
AG2,SB6,6.20,6.20,5.30,3.00,6.20,2026-09-14T01:37:36.878Z
AG2,SB7,5.40,5.40,4.60,2.60,5.40,2026-09-14T01:37:36.915Z
AG2,SP1,1.10,1.10,1.00,0.50,1.10,2026-09-14T01:37:36.915Z
AG2,SP10,2.40,2.40,2.10,1.20,2.40,2026-09-14T01:37:36.914Z
AG2,SP11,2.70,2.70,2.30,1.30,2.70,2026-09-14T01:37:36.912Z
AG2,SP12,3.10,3.10,2.80,1.60,3.10,2026-09-14T01:37:36.915Z
AG2,SP13,3.10,3.10,2.80,1.50,3.10,2026-09-14T01:37:36.912Z
AG2,SP14,3.50,3.50,3.10,1.70,3.50,2026-09-14T01:37:36.936Z
AG2,SP15,3.90,3.90,3.40,1.90,3.90,2026-09-14T01:37:37.049Z
AG2,SP16,3.70,3.70,3.20,1.80,3.70,2026-09-14T01:37:37.086Z
AG2,SP17,4.00,4.00,3.50,2.00,4.00,2026-09-14T01:37:37.083Z
AG2,SP18,4.20,4.20,3.60,2.00,4.20,2026-09-14T01:37:37.084Z
AG2,SP19,3.80,3.80,3.30,1.80,3.80,2026-09-14T01:37:37.087Z
AG2,SP2,0.80,0.80,0.80,0.40,0.80,2026-09-14T01:37:37.081Z
AG2,SP20,3.90,3.90,3.40,1.90,3.90,2026-09-14T01:37:37.085Z
AG2,SP21,4.10,4.10,3.60,2.00,4.10,2026-09-14T01:37:37.096Z
AG2,SP22,4.30,4.30,3.70,2.10,4.30,2026-09-14T01:37:37.222Z
AG2,SP24,3.80,3.80,3.30,1.80,3.80,2026-09-14T01:37:37.248Z
AG2,SP25,3.90,3.90,3.40,1.90,3.90,2026-09-14T01:37:37.252Z
AG2,SP26,4.10,4.10,3.50,2.00,4.10,2026-09-14T01:37:37.248Z
AG2,SP27,4.10,4.10,3.60,2.00,4.10,2026-09-14T01:37:37.253Z
AG2,SP28,4.30,4.30,3.80,2.10,4.30,2026-09-14T01:37:37.251Z
AG2,SP29,4.50,4.50,3.90,2.20,4.50,2026-09-14T01:37:37.252Z
AG2,SP3,1.00,1.00,1.00,0.50,1.00,2026-09-14T01:37:37.264Z
AG2,SP31,4.80,4.80,4.10,2.40,4.80,2026-09-14T01:37:37.391Z
AG2,SP4,1.30,1.30,1.20,0.60,1.30,2026-09-14T01:37:37.445Z
AG2,SP5,1.50,1.50,1.30,0.70,1.50,2026-09-14T01:37:37.426Z
AG2,SP6,1.70,1.70,1.50,0.80,1.70,2026-09-14T01:37:37.426Z
AG2,SP7,1.90,1.90,1.70,0.90,1.90,2026-09-14T01:37:37.428Z
AG2,SP8,2.00,2.00,1.80,1.00,2.00,2026-09-14T01:37:37.428Z
AG2,SP9,2.10,2.10,1.90,1.10,2.10,2026-09-14T01:37:37.426Z
AG3,AG4,1.10,1.10,1.00,0.50,1.10,2026-09-14T01:37:37.439Z
AG3,AG5,1.30,1.30,1.20,0.60,1.30,2026-09-14T01:37:37.567Z
AG3,AG6,1.50,1.50,1.40,0.70,1.50,2026-09-14T01:37:37.592Z
AG3,AG7,1.70,1.70,1.50,0.80,1.70,2026-09-14T01:37:37.594Z
AG3,AG8,2.00,2.00,1.80,1.00,2.00,2026-09-14T01:37:37.595Z
AG3,AG9,2.00,2.00,1.80,1.00,2.00,2026-09-14T01:37:37.606Z
AG3,KG04,3.90,3.90,3.40,1.90,3.90,2026-09-14T01:37:37.592Z
AG3,KG05,4.30,4.30,3.70,2.10,4.30,2026-09-14T01:37:37.602Z
AG3,KG06,5.00,5.00,4.30,2.40,5.00,2026-09-14T01:37:37.610Z
AG3,KG07,4.90,4.90,4.20,2.40,4.90,2026-09-14T01:37:37.735Z
AG3,KG08,4.70,4.70,4.00,2.30,4.70,2026-09-14T01:37:37.763Z
AG3,KG09,4.70,4.70,4.10,2.30,4.70,2026-09-14T01:37:37.763Z
AG3,KG10,4.30,4.30,3.70,2.10,4.30,2026-09-14T01:37:37.765Z
AG3,KG12,4.10,4.10,3.60,2.00,4.10,2026-09-14T01:37:37.763Z
AG3,KG13,3.60,3.60,3.10,1.70,3.60,2026-09-14T01:37:37.762Z
AG3,KG14,2.90,2.90,2.50,1.40,2.90,2026-09-14T01:37:37.774Z
AG3,KG15,2.40,2.40,2.10,1.20,2.40,2026-09-14T01:37:37.773Z
AG3,KG16,2.00,2.00,1.80,1.00,2.00,2026-09-14T01:37:37.896Z
AG3,KG17,2.00,2.00,1.80,1.00,2.00,2026-09-14T01:37:37.928Z
AG3,KG18A,2.40,2.40,2.10,1.20,2.40,2026-09-14T01:37:37.936Z
AG3,KG20,2.20,2.20,2.00,1.10,2.20,2026-09-14T01:37:37.935Z
AG3,KG21,2.60,2.60,2.30,1.30,2.60,2026-09-14T01:37:37.936Z
AG3,KG22,2.90,2.90,2.60,1.40,2.90,2026-09-14T01:37:37.933Z
AG3,KG23,3.50,3.50,3.10,1.70,3.50,2026-09-14T01:37:37.943Z
AG3,KG24,3.60,3.60,3.20,1.80,3.60,2026-09-14T01:37:37.943Z
AG3,KG25,4.10,4.10,3.60,2.00,4.10,2026-09-14T01:37:38.068Z
AG3,KG26,4.50,4.50,3.90,2.20,4.50,2026-09-14T01:37:38.083Z
AG3,KG27,4.60,4.60,4.00,2.20,4.60,2026-09-14T01:37:38.099Z
AG3,KG28,4.80,4.80,4.10,2.30,4.80,2026-09-14T01:37:38.103Z
AG3,KG29,5.00,5.00,4.40,2.50,5.00,2026-09-14T01:37:38.105Z
AG3,KG30,4.90,4.90,4.30,2.40,4.90,2026-09-14T01:37:38.104Z
AG3,KG31,4.90,4.90,4.30,2.40,4.90,2026-09-14T01:37:38.102Z
AG3,KG33,5.10,5.10,4.50,2.50,5.10,2026-09-14T01:37:38.110Z
AG3,KG34,5.30,5.30,4.60,2.60,5.30,2026-09-14T01:37:38.251Z
AG3,KG35,4.80,4.80,4.10,2.30,4.80,2026-09-14T01:37:38.243Z
AG3,KJ1,4.60,4.60,3.90,2.20,4.60,2026-09-14T01:37:38.259Z
AG3,KJ10,2.70,2.70,2.40,1.30,2.70,2026-09-14T01:37:38.263Z
AG3,KJ11,2.40,2.40,2.10,1.10,2.40,2026-09-14T01:37:38.267Z
AG3,KJ12,2.10,2.10,1.80,1.00,2.10,2026-09-14T01:37:38.263Z
AG3,KJ13,1.70,1.70,1.50,0.80,1.70,2026-09-14T01:37:38.267Z
AG3,KJ14,2.00,2.00,1.80,1.00,2.00,2026-09-14T01:37:38.264Z
AG3,KJ15,2.50,2.50,2.20,1.20,2.50,2026-09-14T01:37:38.418Z
AG3,KJ16,2.80,2.80,2.40,1.40,2.80,2026-09-14T01:37:38.418Z
AG3,KJ17,3.00,3.00,2.60,1.50,3.00,2026-09-14T01:37:38.433Z
AG3,KJ18,3.20,3.20,2.80,1.60,3.20,2026-09-14T01:37:38.441Z
AG3,KJ19,3.50,3.50,3.00,1.70,3.50,2026-09-14T01:37:38.441Z
AG3,KJ2,4.80,4.80,4.10,2.30,4.80,2026-09-14T01:37:38.439Z
AG3,KJ20,4.20,4.20,3.60,2.00,4.20,2026-09-14T01:37:38.434Z
AG3,KJ21,3.90,3.90,3.40,1.90,3.90,2026-09-14T01:37:38.441Z
AG3,KJ22,4.30,4.30,3.70,2.00,4.30,2026-09-14T01:37:38.590Z
AG3,KJ23,4.60,4.60,3.90,2.20,4.60,2026-09-14T01:37:38.588Z
AG3,KJ24,4.80,4.80,4.10,2.30,4.80,2026-09-14T01:37:38.605Z
AG3,KJ25,4.60,4.60,3.90,2.20,4.60,2026-09-14T01:37:38.608Z
AG3,KJ26,4.70,4.70,4.00,2.30,4.70,2026-09-14T01:37:38.604Z
AG3,KJ27,5.00,5.00,4.30,2.40,5.00,2026-09-14T01:37:38.621Z
AG3,KJ28,4.60,4.60,3.90,2.20,4.60,2026-09-14T01:37:38.622Z
AG3,KJ29,4.80,4.80,4.10,2.30,4.80,2026-09-14T01:37:38.617Z
AG3,KJ3,4.30,4.30,3.70,2.10,4.30,2026-09-14T01:37:38.758Z
AG3,KJ30,4.90,4.90,4.20,2.40,4.90,2026-09-14T01:37:38.760Z
AG3,KJ31,5.20,5.20,4.40,2.50,5.20,2026-09-14T01:37:38.770Z
AG3,KJ32,4.50,4.50,3.80,2.10,4.50,2026-09-14T01:37:38.771Z
AG3,KJ33,4.60,4.60,3.90,2.20,4.60,2026-09-14T01:37:38.768Z
AG3,KJ34,4.70,4.70,4.00,2.30,4.70,2026-09-14T01:37:38.787Z
AG3,KJ35,4.90,4.90,4.20,2.40,4.90,2026-09-14T01:37:38.787Z
AG3,KJ36,5.10,5.10,4.30,2.40,5.10,2026-09-14T01:37:38.784Z
AG3,KJ37,4.70,4.70,4.10,2.30,4.70,2026-09-14T01:37:38.913Z
AG3,KJ4,4.10,4.10,3.50,1.90,4.10,2026-09-14T01:37:38.919Z
AG3,KJ5,3.90,3.90,3.30,1.80,3.90,2026-09-14T01:37:38.922Z
AG3,KJ6,3.60,3.60,3.10,1.70,3.60,2026-09-14T01:37:38.947Z
AG3,KJ7,3.40,3.40,3.00,1.60,3.40,2026-09-14T01:37:38.942Z
AG3,KJ8,3.10,3.10,2.70,1.50,3.10,2026-09-14T01:37:38.942Z
AG3,KJ9,2.80,2.80,2.50,1.40,2.80,2026-09-14T01:37:38.951Z
AG3,MR1,4.00,4.00,3.50,2.00,4.00,2026-09-14T01:37:38.955Z
AG3,MR10,1.60,1.60,1.50,0.70,1.60,2026-09-14T01:37:39.076Z
AG3,MR11,0.80,0.80,0.80,0.40,0.80,2026-09-14T01:37:39.084Z
AG3,MR2,3.70,3.70,3.20,1.80,3.70,2026-09-14T01:37:39.097Z
AG3,MR3,2.70,2.70,2.40,1.30,2.70,2026-09-14T01:37:39.397Z
AG3,MR4,2.00,2.00,1.80,1.00,2.00,2026-09-14T01:37:39.122Z
AG3,MR5,2.40,2.40,2.10,1.10,2.40,2026-09-14T01:37:39.115Z
AG3,MR6,2.50,2.50,2.20,1.20,2.50,2026-09-14T01:37:39.117Z
AG3,MR7,3.10,3.10,2.70,1.50,3.10,2026-09-14T01:37:39.123Z
AG3,MR8,2.50,2.50,2.30,1.20,2.50,2026-09-14T01:37:39.234Z
AG3,MR9,2.20,2.20,2.00,1.10,2.20,2026-09-14T01:37:39.250Z
AG3,PY01,3.90,3.90,3.40,1.90,3.90,2026-09-14T01:37:39.269Z
AG3,PY03,4.20,4.20,3.60,2.00,4.20,2026-09-14T01:37:39.284Z
AG3,PY04,3.90,3.90,3.40,1.90,3.90,2026-09-14T01:37:39.283Z
AG3,PY05,3.70,3.70,3.20,1.80,3.70,2026-09-14T01:37:39.291Z
AG3,PY06,3.80,3.80,3.30,1.90,3.80,2026-09-14T01:37:39.288Z
AG3,PY07,3.50,3.50,3.10,1.70,3.50,2026-09-14T01:37:39.407Z
AG3,PY08,3.20,3.20,2.80,1.60,3.20,2026-09-14T01:37:39.430Z
AG3,PY09,3.20,3.20,2.80,1.60,3.20,2026-09-14T01:37:39.450Z
AG3,PY10,2.90,2.90,2.60,1.50,2.90,2026-09-14T01:37:39.458Z
AG3,PY11,2.70,2.70,2.40,1.30,2.70,2026-09-14T01:37:39.456Z
AG3,PY12,2.40,2.40,2.10,1.20,2.40,2026-09-14T01:37:39.463Z
AG3,PY13,2.10,2.10,1.90,1.00,2.10,2026-09-14T01:37:39.463Z
AG3,PY14,1.90,1.90,1.70,0.90,1.90,2026-09-14T01:37:39.563Z
AG3,PY15,1.60,1.60,1.50,0.80,1.60,2026-09-14T01:37:39.580Z
AG3,PY16,1.20,1.20,1.20,0.60,1.20,2026-09-14T01:37:39.589Z
AG3,PY17,0.80,0.80,0.80,0.40,0.80,2026-09-14T01:37:39.622Z
AG3,PY18,1.00,1.00,1.00,0.50,1.00,2026-09-14T01:37:39.632Z
AG3,PY19,1.40,1.40,1.30,0.70,1.40,2026-09-14T01:37:39.623Z
AG3,PY20,1.70,1.70,1.60,0.90,1.70,2026-09-14T01:37:39.621Z
AG3,PY21,1.90,1.90,1.70,1.00,1.90,2026-09-14T01:37:39.621Z
AG3,PY22,2.00,2.00,1.80,1.00,2.00,2026-09-14T01:37:39.732Z
AG3,PY23,2.20,2.20,2.00,1.10,2.20,2026-09-14T01:37:39.749Z
AG3,PY24,2.50,2.50,2.20,1.20,2.50,2026-09-14T01:37:39.748Z
AG3,PY27,3.60,3.60,3.10,1.70,3.60,2026-09-14T01:37:39.779Z
AG3,PY28,3.90,3.90,3.40,1.90,3.90,2026-09-14T01:37:39.778Z
AG3,PY29,3.50,3.50,3.10,1.70,3.50,2026-09-14T01:37:39.777Z
AG3,PY31,4.20,4.20,3.70,2.10,4.20,2026-09-14T01:37:39.779Z
AG3,PY32,3.80,3.80,3.30,1.80,3.80,2026-09-14T01:37:39.784Z
AG3,PY33,3.90,3.90,3.40,1.90,3.90,2026-09-14T01:37:39.905Z
AG3,PY34,4.10,4.10,3.60,2.00,4.10,2026-09-14T01:37:39.920Z
AG3,PY36,3.80,3.80,3.30,1.90,3.80,2026-09-14T01:37:39.920Z
AG3,PY37,4.00,4.00,3.50,2.00,4.00,2026-09-14T01:37:39.968Z
AG3,PY38,4.30,4.30,3.70,2.10,4.30,2026-09-14T01:37:39.968Z
AG3,PY39,4.50,4.50,3.90,2.20,4.50,2026-09-14T01:37:39.967Z
AG3,PY40,4.60,4.60,4.00,2.30,4.60,2026-09-14T01:37:39.967Z
AG3,PY41,4.70,4.70,4.10,2.30,4.70,2026-09-14T01:37:39.966Z
AG3,SB1,9.60,9.60,8.10,4.70,9.60,2026-09-14T01:37:40.085Z
AG3,SB2,9.00,9.00,7.50,4.40,9.00,2026-09-14T01:37:40.090Z
AG3,SB3,8.30,8.30,7.00,4.10,8.30,2026-09-14T01:37:40.085Z
AG3,SB4,7.60,7.60,6.40,3.70,7.60,2026-09-14T01:37:40.119Z
AG3,SB5,6.90,6.90,5.80,3.40,6.90,2026-09-14T01:37:40.120Z
AG3,SB6,6.00,6.00,5.10,2.90,6.00,2026-09-14T01:37:40.126Z
AG3,SB7,5.20,5.20,4.40,2.50,5.20,2026-09-14T01:37:40.122Z
AG3,SP1,1.30,1.30,1.20,0.60,1.30,2026-09-14T01:37:40.137Z
AG3,SP10,2.20,2.20,2.00,1.10,2.20,2026-09-14T01:37:40.260Z
AG3,SP11,2.50,2.50,2.20,1.20,2.50,2026-09-14T01:37:40.260Z
AG3,SP12,3.00,3.00,2.60,1.50,3.00,2026-09-14T01:37:40.255Z
AG3,SP13,3.00,3.00,2.70,1.50,3.00,2026-09-14T01:37:40.288Z
AG3,SP14,3.40,3.40,3.00,1.60,3.40,2026-09-14T01:37:40.290Z
AG3,SP15,3.80,3.80,3.30,1.80,3.80,2026-09-14T01:37:40.287Z
AG3,SP16,3.50,3.50,3.10,1.70,3.50,2026-09-14T01:37:40.288Z
AG3,SP17,3.90,3.90,3.40,1.90,3.90,2026-09-14T01:37:40.292Z
AG3,SP18,4.10,4.10,3.50,2.00,4.10,2026-09-14T01:37:40.473Z
AG3,SP19,3.70,3.70,3.20,1.80,3.70,2026-09-14T01:37:40.473Z
AG3,SP2,1.00,1.00,1.00,0.50,1.00,2026-09-14T01:37:40.426Z
AG3,SP20,3.80,3.80,3.30,1.90,3.80,2026-09-14T01:37:40.493Z
AG3,SP21,4.00,4.00,3.50,2.00,4.00,2026-09-14T01:37:40.494Z
AG3,SP22,4.20,4.20,3.70,2.10,4.20,2026-09-14T01:37:40.472Z
AG3,SP24,3.70,3.70,3.20,1.80,3.70,2026-09-14T01:37:40.488Z
AG3,SP25,3.90,3.90,3.40,1.90,3.90,2026-09-14T01:37:40.467Z
AG3,SP26,4.00,4.00,3.50,2.00,4.00,2026-09-14T01:37:40.599Z
AG3,SP27,4.10,4.10,3.60,2.00,4.10,2026-09-14T01:37:40.633Z
AG3,SP28,4.30,4.30,3.70,2.10,4.30,2026-09-14T01:37:40.685Z
AG3,SP29,4.40,4.40,3.80,2.20,4.40,2026-09-14T01:37:40.685Z
AG3,SP3,0.80,0.80,0.80,0.40,0.80,2026-09-14T01:37:40.686Z
AG3,SP31,4.70,4.70,4.10,2.30,4.70,2026-09-14T01:37:40.691Z
AG3,SP4,1.10,1.10,1.00,0.50,1.10,2026-09-14T01:37:40.692Z
AG3,SP5,1.30,1.30,1.20,0.60,1.30,2026-09-14T01:37:40.691Z
AG3,SP6,1.50,1.50,1.40,0.70,1.50,2026-09-14T01:37:40.763Z
AG3,SP7,1.70,1.70,1.50,0.80,1.70,2026-09-14T01:37:40.794Z
AG3,SP8,2.00,2.00,1.80,1.00,2.00,2026-09-14T01:37:40.827Z
AG3,SP9,2.00,2.00,1.80,1.00,2.00,2026-09-14T01:37:40.838Z
AG4,AG5,1.00,1.00,1.00,0.50,1.00,2026-09-14T01:37:40.844Z
AG4,AG6,1.20,1.20,1.10,0.60,1.20,2026-09-14T01:37:40.845Z
AG4,AG7,1.40,1.40,1.30,0.70,1.40,2026-09-14T01:37:40.846Z
AG4,AG8,1.70,1.70,1.50,0.80,1.70,2026-09-14T01:37:40.846Z
AG4,AG9,1.90,1.90,1.70,0.90,1.90,2026-09-14T01:37:40.938Z
AG4,KG04,4.20,4.20,3.60,2.00,4.20,2026-09-14T01:37:40.964Z
AG4,KG05,4.60,4.60,3.90,2.20,4.60,2026-09-14T01:37:40.986Z
AG4,KG06,4.90,4.90,4.30,2.40,4.90,2026-09-14T01:37:40.988Z
AG4,KG07,4.60,4.60,4.00,2.30,4.60,2026-09-14T01:37:41.009Z
AG4,KG08,4.40,4.40,3.70,2.10,4.40,2026-09-14T01:37:41.014Z
AG4,KG09,4.40,4.40,3.90,2.20,4.40,2026-09-14T01:37:41.015Z
AG4,KG10,4.00,4.00,3.50,2.00,4.00,2026-09-14T01:37:41.011Z
AG4,KG12,3.80,3.80,3.30,1.80,3.80,2026-09-14T01:37:41.103Z
AG4,KG13,3.20,3.20,2.80,1.60,3.20,2026-09-14T01:37:41.122Z
AG4,KG14,2.60,2.60,2.30,1.30,2.60,2026-09-14T01:37:41.148Z
AG4,KG15,2.10,2.10,1.90,1.10,2.10,2026-09-14T01:37:41.148Z
AG4,KG16,1.70,1.70,1.60,0.90,1.70,2026-09-14T01:37:41.163Z
AG4,KG17,1.70,1.70,1.50,0.80,1.70,2026-09-14T01:37:41.164Z
AG4,KG18A,2.10,2.10,1.80,1.00,2.10,2026-09-14T01:37:41.166Z
AG4,KG20,2.50,2.50,2.20,1.20,2.50,2026-09-14T01:37:41.166Z
AG4,KG21,2.90,2.90,2.50,1.40,2.90,2026-09-14T01:37:41.259Z
AG4,KG22,2.80,2.80,2.40,1.40,2.80,2026-09-14T01:37:41.294Z
AG4,KG23,3.40,3.40,3.00,1.70,3.40,2026-09-14T01:37:41.296Z
AG4,KG24,3.70,3.70,3.20,1.80,3.70,2026-09-14T01:37:41.303Z
AG4,KG25,3.80,3.80,3.30,1.80,3.80,2026-09-14T01:37:41.327Z
AG4,KG26,4.20,4.20,3.60,2.00,4.20,2026-09-14T01:37:41.331Z
AG4,KG27,4.70,4.70,4.00,2.20,4.70,2026-09-14T01:37:41.334Z
AG4,KG28,4.50,4.50,3.80,2.10,4.50,2026-09-14T01:37:41.328Z
AG4,KG29,4.70,4.70,4.10,2.30,4.70,2026-09-14T01:37:41.418Z
AG4,KG30,4.90,4.90,4.20,2.30,4.90,2026-09-14T01:37:41.473Z
AG4,KG31,4.60,4.60,4.10,2.30,4.60,2026-09-14T01:37:41.466Z
AG4,KG33,5.00,5.00,4.30,2.40,5.00,2026-09-14T01:37:41.466Z
AG4,KG34,5.10,5.10,4.40,2.50,5.10,2026-09-14T01:37:41.504Z
AG4,KG35,4.50,4.50,3.80,2.10,4.50,2026-09-14T01:37:41.506Z
AG4,KJ1,4.30,4.30,3.70,2.10,4.30,2026-09-14T01:37:41.505Z
AG4,KJ10,2.40,2.40,2.20,1.20,2.40,2026-09-14T01:37:41.509Z
AG4,KJ11,2.10,2.10,1.90,1.00,2.10,2026-09-14T01:37:41.597Z
AG4,KJ12,1.80,1.80,1.60,0.90,1.80,2026-09-14T01:37:41.648Z
AG4,KJ13,1.40,1.40,1.30,0.70,1.40,2026-09-14T01:37:41.643Z
AG4,KJ14,1.70,1.70,1.60,0.90,1.70,2026-09-14T01:37:41.640Z
AG4,KJ15,2.20,2.20,2.00,1.10,2.20,2026-09-14T01:37:41.670Z
AG4,KJ16,2.50,2.50,2.20,1.30,2.50,2026-09-14T01:37:41.668Z
AG4,KJ17,2.70,2.70,2.40,1.40,2.70,2026-09-14T01:37:41.672Z
AG4,KJ18,2.90,2.90,2.60,1.50,2.90,2026-09-14T01:37:41.673Z
AG4,KJ19,3.10,3.10,2.70,1.60,3.10,2026-09-14T01:37:41.764Z
AG4,KJ2,4.50,4.50,3.90,2.20,4.50,2026-09-14T01:37:41.793Z
AG4,KJ20,3.90,3.90,3.40,1.90,3.90,2026-09-14T01:37:41.791Z
AG4,KJ21,3.60,3.60,3.20,1.80,3.60,2026-09-14T01:37:41.804Z
AG4,KJ22,4.00,4.00,3.50,1.90,4.00,2026-09-14T01:37:41.833Z
AG4,KJ23,4.30,4.30,3.70,2.10,4.30,2026-09-14T01:37:41.830Z
AG4,KJ24,4.50,4.50,3.90,2.20,4.50,2026-09-14T01:37:41.828Z
AG4,KJ25,4.30,4.30,3.70,2.10,4.30,2026-09-14T01:37:41.845Z
AG4,KJ26,4.40,4.40,3.80,2.20,4.40,2026-09-14T01:37:41.935Z
AG4,KJ27,4.70,4.70,4.10,2.30,4.70,2026-09-14T01:37:41.955Z
AG4,KJ28,4.30,4.30,3.70,2.10,4.30,2026-09-14T01:37:41.954Z
AG4,KJ29,4.50,4.50,3.90,2.20,4.50,2026-09-14T01:37:41.966Z
AG4,KJ3,4.00,4.00,3.50,2.00,4.00,2026-09-14T01:37:41.983Z
AG4,KJ30,4.60,4.60,4.00,2.30,4.60,2026-09-14T01:37:41.983Z
AG4,KJ31,4.90,4.90,4.20,2.40,4.90,2026-09-14T01:37:41.982Z
AG4,KJ32,4.20,4.20,3.60,2.00,4.20,2026-09-14T01:37:41.997Z
AG4,KJ33,4.30,4.30,3.70,2.10,4.30,2026-09-14T01:37:42.110Z
AG4,KJ34,4.40,4.40,3.80,2.20,4.40,2026-09-14T01:37:42.145Z
AG4,KJ35,4.60,4.60,4.00,2.30,4.60,2026-09-14T01:37:42.123Z
AG4,KJ36,4.80,4.80,4.10,2.30,4.80,2026-09-14T01:37:42.138Z
AG4,KJ37,4.60,4.60,4.00,2.30,4.60,2026-09-14T01:37:42.372Z
AG4,KJ4,3.80,3.80,3.30,1.80,3.80,2026-09-14T01:37:42.159Z
AG4,KJ5,3.60,3.60,3.10,1.70,3.60,2026-09-14T01:37:42.163Z
AG4,KJ6,3.20,3.20,2.80,1.60,3.20,2026-09-14T01:37:42.164Z
AG4,KJ7,3.00,3.00,2.70,1.50,3.00,2026-09-14T01:37:42.295Z
AG4,KJ8,2.80,2.80,2.50,1.40,2.80,2026-09-14T01:37:42.301Z
AG4,KJ9,2.50,2.50,2.30,1.30,2.50,2026-09-14T01:37:42.295Z
AG4,MR1,3.90,3.90,3.40,1.90,3.90,2026-09-14T01:37:42.304Z
AG4,MR10,1.90,1.90,1.70,0.80,1.90,2026-09-14T01:37:42.326Z
AG4,MR11,1.10,1.10,1.00,0.50,1.10,2026-09-14T01:37:42.321Z
AG4,MR2,3.60,3.60,3.10,1.70,3.60,2026-09-14T01:37:42.324Z
AG4,MR3,2.60,2.60,2.30,1.20,2.60,2026-09-14T01:37:42.474Z
AG4,MR4,1.90,1.90,1.70,0.90,1.90,2026-09-14T01:37:42.471Z
AG4,MR5,2.30,2.30,2.00,1.00,2.30,2026-09-14T01:37:42.470Z
AG4,MR6,2.60,2.60,2.30,1.20,2.60,2026-09-14T01:37:42.467Z
AG4,MR7,3.00,3.00,2.60,1.40,3.00,2026-09-14T01:37:42.483Z
AG4,MR8,2.80,2.80,2.50,1.30,2.80,2026-09-14T01:37:42.484Z
AG4,MR9,2.50,2.50,2.20,1.20,2.50,2026-09-14T01:37:42.482Z
AG4,PY01,4.20,4.20,3.60,2.00,4.20,2026-09-14T01:37:42.521Z
AG4,PY03,4.50,4.50,3.80,2.10,4.50,2026-09-14T01:37:42.639Z
AG4,PY04,4.20,4.20,3.60,2.00,4.20,2026-09-14T01:37:42.679Z
AG4,PY05,4.00,4.00,3.40,1.90,4.00,2026-09-14T01:37:42.640Z
AG4,PY06,4.10,4.10,3.50,2.00,4.10,2026-09-14T01:37:42.676Z
AG4,PY07,3.80,3.80,3.30,1.80,3.80,2026-09-14T01:37:42.656Z
AG4,PY08,3.50,3.50,3.00,1.70,3.50,2026-09-14T01:37:42.670Z
AG4,PY09,3.60,3.60,3.10,1.70,3.60,2026-09-14T01:37:42.707Z
AG4,PY10,3.20,3.20,2.80,1.60,3.20,2026-09-14T01:37:42.718Z
AG4,PY11,3.00,3.00,2.60,1.40,3.00,2026-09-14T01:37:42.819Z
AG4,PY12,2.70,2.70,2.30,1.30,2.70,2026-09-14T01:37:42.822Z
AG4,PY13,2.40,2.40,2.10,1.10,2.40,2026-09-14T01:37:42.827Z
AG4,PY14,2.20,2.20,1.90,1.00,2.20,2026-09-14T01:37:42.840Z
AG4,PY15,1.90,1.90,1.70,0.90,1.90,2026-09-14T01:37:42.839Z
AG4,PY16,1.50,1.50,1.40,0.70,1.50,2026-09-14T01:37:42.845Z
AG4,PY17,1.10,1.10,1.00,0.50,1.10,2026-09-14T01:37:42.862Z
AG4,PY18,1.30,1.30,1.20,0.60,1.30,2026-09-14T01:37:42.865Z
AG4,PY19,1.70,1.70,1.50,0.80,1.70,2026-09-14T01:37:42.985Z
AG4,PY20,2.00,2.00,1.80,1.00,2.00,2026-09-14T01:37:42.986Z
AG4,PY21,2.20,2.20,1.90,1.10,2.20,2026-09-14T01:37:42.998Z
AG4,PY22,2.30,2.30,2.00,1.10,2.30,2026-09-14T01:37:43.000Z
AG4,PY23,2.50,2.50,2.20,1.20,2.50,2026-09-14T01:37:43.000Z
AG4,PY24,2.30,2.30,2.00,1.10,2.30,2026-09-14T01:37:43.006Z
AG4,PY27,3.80,3.80,3.30,1.80,3.80,2026-09-14T01:37:43.011Z
AG4,PY28,4.20,4.20,3.60,2.00,4.20,2026-09-14T01:37:43.013Z
AG4,PY29,3.90,3.90,3.40,1.90,3.90,2026-09-14T01:37:43.155Z
AG4,PY31,4.50,4.50,3.90,2.20,4.50,2026-09-14T01:37:43.156Z
AG4,PY32,4.10,4.10,3.50,1.90,4.10,2026-09-14T01:37:43.197Z
AG4,PY33,4.20,4.20,3.60,2.00,4.20,2026-09-14T01:37:43.196Z
AG4,PY34,4.40,4.40,3.80,2.10,4.40,2026-09-14T01:37:43.194Z
AG4,PY36,4.10,4.10,3.50,2.00,4.10,2026-09-14T01:37:43.197Z
AG4,PY37,4.30,4.30,3.70,2.10,4.30,2026-09-14T01:37:43.195Z
AG4,PY38,4.60,4.60,3.90,2.20,4.60,2026-09-14T01:37:43.195Z
AG4,PY39,4.80,4.80,4.10,2.30,4.80,2026-09-14T01:37:43.327Z
AG4,PY40,4.90,4.90,4.20,2.40,4.90,2026-09-14T01:37:43.332Z
AG4,PY41,5.00,5.00,4.30,2.40,5.00,2026-09-14T01:37:43.364Z
AG4,SB1,9.30,9.30,7.90,4.60,9.30,2026-09-14T01:37:43.364Z
AG4,SB2,8.70,8.70,7.30,4.30,8.70,2026-09-14T01:37:43.362Z
AG4,SB3,8.00,8.00,6.80,4.00,8.00,2026-09-14T01:37:43.362Z
AG4,SB4,7.30,7.30,6.20,3.60,7.30,2026-09-14T01:37:43.361Z
AG4,SB5,6.60,6.60,5.60,3.30,6.60,2026-09-14T01:37:43.359Z
AG4,SB6,5.70,5.70,4.90,2.80,5.70,2026-09-14T01:37:43.520Z
AG4,SB7,4.90,4.90,4.20,2.40,4.90,2026-09-14T01:37:43.506Z
AG4,SP1,1.50,1.50,1.40,0.80,1.50,2026-09-14T01:37:43.541Z
AG4,SP10,2.00,2.00,1.80,1.00,2.00,2026-09-14T01:37:43.540Z
AG4,SP11,2.30,2.30,2.00,1.10,2.30,2026-09-14T01:37:43.542Z
AG4,SP12,2.70,2.70,2.40,1.40,2.70,2026-09-14T01:37:43.540Z
AG4,SP13,3.10,3.10,2.80,1.60,3.10,2026-09-14T01:37:43.540Z
AG4,SP14,3.20,3.20,2.80,1.50,3.20,2026-09-14T01:37:43.538Z
AG4,SP15,3.60,3.60,3.10,1.70,3.60,2026-09-14T01:37:43.670Z
AG4,SP16,3.90,3.90,3.40,1.90,3.90,2026-09-14T01:37:43.699Z
AG4,SP17,3.80,3.80,3.30,1.80,3.80,2026-09-14T01:37:43.701Z
AG4,SP18,3.90,3.90,3.40,1.90,3.90,2026-09-14T01:37:43.708Z
AG4,SP19,4.20,4.20,3.70,2.10,4.20,2026-09-14T01:37:43.706Z
AG4,SP2,1.30,1.30,1.20,0.60,1.30,2026-09-14T01:37:43.701Z
AG4,SP20,3.70,3.70,3.20,1.80,3.70,2026-09-14T01:37:43.707Z
AG4,SP21,3.90,3.90,3.40,1.90,3.90,2026-09-14T01:37:43.710Z
AG4,SP22,4.10,4.10,3.60,2.00,4.10,2026-09-14T01:37:43.844Z
AG4,SP24,3.60,3.60,3.10,1.80,3.60,2026-09-14T01:37:43.884Z
AG4,SP25,3.80,3.80,3.30,1.80,3.80,2026-09-14T01:37:43.883Z
AG4,SP26,3.90,3.90,3.40,1.90,3.90,2026-09-14T01:37:43.869Z
AG4,SP27,4.00,4.00,3.50,1.90,4.00,2026-09-14T01:37:43.883Z
AG4,SP28,4.20,4.20,3.60,2.00,4.20,2026-09-14T01:37:43.875Z
AG4,SP29,4.30,4.30,3.80,2.10,4.30,2026-09-14T01:37:43.904Z
AG4,SP3,1.10,1.10,1.00,0.50,1.10,2026-09-14T01:37:43.875Z
AG4,SP31,4.60,4.60,4.00,2.30,4.60,2026-09-14T01:37:44.011Z
AG4,SP4,0.80,0.80,0.80,0.40,0.80,2026-09-14T01:37:44.045Z
AG4,SP5,1.00,1.00,1.00,0.50,1.00,2026-09-14T01:37:44.049Z
AG4,SP6,1.20,1.20,1.10,0.60,1.20,2026-09-14T01:37:44.051Z
AG4,SP7,1.40,1.40,1.30,0.70,1.40,2026-09-14T01:37:44.049Z
AG4,SP8,1.70,1.70,1.50,0.80,1.70,2026-09-14T01:37:44.055Z
AG4,SP9,1.90,1.90,1.70,0.90,1.90,2026-09-14T01:37:44.044Z
AG5,AG6,1.00,1.00,1.00,0.50,1.00,2026-09-14T01:37:44.064Z
AG5,AG7,1.20,1.20,1.10,0.60,1.20,2026-09-14T01:37:44.177Z
AG5,AG8,1.50,1.50,1.40,0.70,1.50,2026-09-14T01:37:44.198Z
AG5,AG9,1.70,1.70,1.50,0.80,1.70,2026-09-14T01:37:44.203Z
AG5,KG04,4.40,4.40,3.80,2.10,4.40,2026-09-14T01:37:44.202Z
AG5,KG05,4.50,4.50,3.90,2.20,4.50,2026-09-14T01:37:44.200Z
AG5,KG06,4.70,4.70,4.10,2.30,4.70,2026-09-14T01:37:44.201Z
AG5,KG07,4.40,4.40,3.80,2.20,4.40,2026-09-14T01:37:44.208Z
AG5,KG08,4.20,4.20,3.60,2.00,4.20,2026-09-14T01:37:44.223Z
AG5,KG09,4.20,4.20,3.70,2.10,4.20,2026-09-14T01:37:44.336Z
AG5,KG10,3.80,3.80,3.30,1.90,3.80,2026-09-14T01:37:44.377Z
AG5,KG12,3.60,3.60,3.20,1.70,3.60,2026-09-14T01:37:44.384Z
AG5,KG13,3.00,3.00,2.60,1.50,3.00,2026-09-14T01:37:44.371Z
AG5,KG14,2.40,2.40,2.10,1.20,2.40,2026-09-14T01:37:44.377Z
AG5,KG15,1.90,1.90,1.70,1.00,1.90,2026-09-14T01:37:44.372Z
AG5,KG16,1.50,1.50,1.40,0.80,1.50,2026-09-14T01:37:44.372Z
AG5,KG17,1.50,1.50,1.40,0.70,1.50,2026-09-14T01:37:44.387Z
AG5,KG18A,1.90,1.90,1.70,0.90,1.90,2026-09-14T01:37:44.509Z
AG5,KG20,2.30,2.30,2.10,1.10,2.30,2026-09-14T01:37:44.524Z
AG5,KG21,2.70,2.70,2.40,1.30,2.70,2026-09-14T01:37:44.530Z
AG5,KG22,2.60,2.60,2.30,1.30,2.60,2026-09-14T01:37:44.528Z
AG5,KG23,3.10,3.10,2.80,1.60,3.10,2026-09-14T01:37:44.530Z
AG5,KG24,3.50,3.50,3.10,1.70,3.50,2026-09-14T01:37:44.544Z
AG5,KG25,3.60,3.60,3.20,1.70,3.60,2026-09-14T01:37:44.543Z
AG5,KG26,4.00,4.00,3.50,1.90,4.00,2026-09-14T01:37:44.551Z
AG5,KG27,4.50,4.50,3.90,2.10,4.50,2026-09-14T01:37:44.688Z
AG5,KG28,4.30,4.30,3.70,2.00,4.30,2026-09-14T01:37:44.699Z
AG5,KG29,4.50,4.50,4.00,2.20,4.50,2026-09-14T01:37:44.700Z
AG5,KG30,4.70,4.70,4.10,2.20,4.70,2026-09-14T01:37:44.685Z
AG5,KG31,4.40,4.40,3.90,2.20,4.40,2026-09-14T01:37:44.699Z
AG5,KG33,4.80,4.80,4.20,2.30,4.80,2026-09-14T01:37:44.710Z
AG5,KG34,4.90,4.90,4.30,2.40,4.90,2026-09-14T01:37:44.716Z
AG5,KG35,4.30,4.30,3.70,2.00,4.30,2026-09-14T01:37:44.724Z
AG5,KJ1,4.10,4.10,3.50,2.00,4.10,2026-09-14T01:37:44.852Z
AG5,KJ10,2.20,2.20,2.00,1.10,2.20,2026-09-14T01:37:44.853Z
AG5,KJ11,1.90,1.90,1.70,0.90,1.90,2026-09-14T01:37:44.863Z
AG5,KJ12,1.60,1.60,1.40,0.80,1.60,2026-09-14T01:37:44.870Z
AG5,KJ13,1.20,1.20,1.10,0.60,1.20,2026-09-14T01:37:44.864Z
AG5,KJ14,1.50,1.50,1.40,0.80,1.50,2026-09-14T01:37:44.879Z
AG5,KJ15,2.00,2.00,1.80,1.00,2.00,2026-09-14T01:37:44.877Z
AG5,KJ16,2.30,2.30,2.00,1.20,2.30,2026-09-14T01:37:44.896Z
AG5,KJ17,2.50,2.50,2.20,1.30,2.50,2026-09-14T01:37:45.006Z
AG5,KJ18,2.70,2.70,2.40,1.40,2.70,2026-09-14T01:37:45.025Z
AG5,KJ19,2.90,2.90,2.50,1.50,2.90,2026-09-14T01:37:45.044Z
AG5,KJ2,4.30,4.30,3.70,2.10,4.30,2026-09-14T01:37:45.044Z
AG5,KJ20,3.70,3.70,3.20,1.80,3.70,2026-09-14T01:37:45.044Z
AG5,KJ21,3.40,3.40,3.00,1.70,3.40,2026-09-14T01:37:45.039Z
AG5,KJ22,3.80,3.80,3.30,1.80,3.80,2026-09-14T01:37:45.043Z
AG5,KJ23,4.10,4.10,3.50,2.00,4.10,2026-09-14T01:37:45.050Z
AG5,KJ24,4.30,4.30,3.70,2.10,4.30,2026-09-14T01:37:45.177Z
AG5,KJ25,4.10,4.10,3.50,2.00,4.10,2026-09-14T01:37:45.193Z
AG5,KJ26,4.20,4.20,3.60,2.10,4.20,2026-09-14T01:37:45.196Z
AG5,KJ27,4.50,4.50,3.90,2.20,4.50,2026-09-14T01:37:45.201Z
AG5,KJ28,4.10,4.10,3.50,2.00,4.10,2026-09-14T01:37:45.197Z
AG5,KJ29,4.30,4.30,3.70,2.10,4.30,2026-09-14T01:37:45.198Z
AG5,KJ3,3.80,3.80,3.30,1.90,3.80,2026-09-14T01:37:45.193Z
AG5,KJ30,4.40,4.40,3.80,2.20,4.40,2026-09-14T01:37:45.214Z
AG5,KJ31,4.70,4.70,4.00,2.30,4.70,2026-09-14T01:37:45.346Z
AG5,KJ32,4.00,4.00,3.40,1.90,4.00,2026-09-14T01:37:45.368Z
AG5,KJ33,4.10,4.10,3.50,2.00,4.10,2026-09-14T01:37:45.366Z
AG5,KJ34,4.20,4.20,3.60,2.10,4.20,2026-09-14T01:37:45.365Z
AG5,KJ35,4.40,4.40,3.80,2.20,4.40,2026-09-14T01:37:45.362Z
AG5,KJ36,4.60,4.60,3.90,2.20,4.60,2026-09-14T01:37:45.363Z
AG5,KJ37,4.60,4.60,4.00,2.20,4.60,2026-09-14T01:37:45.368Z
AG5,KJ4,3.60,3.60,3.10,1.70,3.60,2026-09-14T01:37:45.368Z
AG5,KJ5,3.40,3.40,2.90,1.60,3.40,2026-09-14T01:37:45.518Z
AG5,KJ6,3.00,3.00,2.60,1.50,3.00,2026-09-14T01:37:45.537Z
AG5,KJ7,2.80,2.80,2.50,1.40,2.80,2026-09-14T01:37:45.533Z
AG5,KJ8,2.60,2.60,2.30,1.30,2.60,2026-09-14T01:37:45.542Z
AG5,KJ9,2.30,2.30,2.10,1.20,2.30,2026-09-14T01:37:45.535Z
AG5,MR1,3.70,3.70,3.20,1.80,3.70,2026-09-14T01:37:45.535Z
AG5,MR10,2.10,2.10,1.90,0.90,2.10,2026-09-14T01:37:45.534Z
AG5,MR11,1.30,1.30,1.20,0.60,1.30,2026-09-14T01:37:45.536Z
AG5,MR2,3.40,3.40,2.90,1.60,3.40,2026-09-14T01:37:45.688Z
AG5,MR3,2.40,2.40,2.10,1.10,2.40,2026-09-14T01:37:45.705Z
AG5,MR4,1.70,1.70,1.50,0.80,1.70,2026-09-14T01:37:45.708Z
AG5,MR5,2.10,2.10,1.80,0.90,2.10,2026-09-14T01:37:45.709Z
AG5,MR6,2.40,2.40,2.10,1.10,2.40,2026-09-14T01:37:45.705Z
AG5,MR7,2.80,2.80,2.40,1.30,2.80,2026-09-14T01:37:45.704Z
AG5,MR8,3.00,3.00,2.70,1.40,3.00,2026-09-14T01:37:45.708Z
AG5,MR9,2.70,2.70,2.40,1.30,2.70,2026-09-14T01:37:45.717Z
AG5,PY01,4.40,4.40,3.80,2.10,4.40,2026-09-14T01:37:45.856Z
AG5,PY03,4.70,4.70,4.00,2.20,4.70,2026-09-14T01:37:45.877Z
AG5,PY04,4.40,4.40,3.80,2.10,4.40,2026-09-14T01:37:45.877Z
AG5,PY05,4.20,4.20,3.60,2.00,4.20,2026-09-14T01:37:45.880Z
AG5,PY06,4.30,4.30,3.70,2.10,4.30,2026-09-14T01:37:45.880Z
AG5,PY07,4.00,4.00,3.50,1.90,4.00,2026-09-14T01:37:45.879Z
AG5,PY08,3.70,3.70,3.20,1.80,3.70,2026-09-14T01:37:45.881Z
AG5,PY09,3.80,3.80,3.30,1.80,3.80,2026-09-14T01:37:45.880Z
AG5,PY10,3.50,3.50,3.10,1.70,3.50,2026-09-14T01:37:46.029Z
AG5,PY11,3.20,3.20,2.80,1.50,3.20,2026-09-14T01:37:46.046Z
AG5,PY12,2.90,2.90,2.50,1.40,2.90,2026-09-14T01:37:46.048Z
AG5,PY13,2.60,2.60,2.30,1.20,2.60,2026-09-14T01:37:46.045Z
AG5,PY14,2.40,2.40,2.10,1.10,2.40,2026-09-14T01:37:46.049Z
AG5,PY15,2.10,2.10,1.90,1.00,2.10,2026-09-14T01:37:46.046Z
AG5,PY16,1.70,1.70,1.60,0.80,1.70,2026-09-14T01:37:46.055Z
AG5,PY17,1.30,1.30,1.20,0.60,1.30,2026-09-14T01:37:46.069Z
AG5,PY18,1.50,1.50,1.40,0.70,1.50,2026-09-14T01:37:46.200Z
AG5,PY19,1.90,1.90,1.70,0.90,1.90,2026-09-14T01:37:46.219Z
AG5,PY20,2.20,2.20,2.00,1.10,2.20,2026-09-14T01:37:46.218Z
AG5,PY21,2.40,2.40,2.10,1.20,2.40,2026-09-14T01:37:46.215Z
AG5,PY22,2.50,2.50,2.20,1.20,2.50,2026-09-14T01:37:46.221Z
AG5,PY23,2.30,2.30,2.10,1.10,2.30,2026-09-14T01:37:46.219Z
AG5,PY24,2.10,2.10,1.90,1.00,2.10,2026-09-14T01:37:46.230Z
AG5,PY27,3.60,3.60,3.20,1.70,3.60,2026-09-14T01:37:46.231Z
AG5,PY28,4.00,4.00,3.50,1.90,4.00,2026-09-14T01:37:46.370Z
AG5,PY29,3.70,3.70,3.30,1.80,3.70,2026-09-14T01:37:46.386Z
AG5,PY31,4.50,4.50,3.90,2.20,4.50,2026-09-14T01:37:46.387Z
AG5,PY32,4.30,4.30,3.70,2.00,4.30,2026-09-14T01:37:46.394Z
AG5,PY33,4.40,4.40,3.80,2.10,4.40,2026-09-14T01:37:46.392Z
AG5,PY34,4.60,4.60,4.00,2.20,4.60,2026-09-14T01:37:46.390Z
AG5,PY36,4.30,4.30,3.70,2.10,4.30,2026-09-14T01:37:46.393Z
AG5,PY37,4.50,4.50,3.90,2.20,4.50,2026-09-14T01:37:46.392Z
AG5,PY38,4.80,4.80,4.10,2.30,4.80,2026-09-14T01:37:46.546Z
AG5,PY39,5.00,5.00,4.30,2.40,5.00,2026-09-14T01:37:46.571Z
AG5,PY40,5.10,5.10,4.40,2.50,5.10,2026-09-14T01:37:46.563Z
AG5,PY41,5.20,5.20,4.50,2.50,5.20,2026-09-14T01:37:46.564Z
AG5,SB1,9.10,9.10,7.70,4.50,9.10,2026-09-14T01:37:46.565Z
AG5,SB2,8.50,8.50,7.10,4.20,8.50,2026-09-14T01:37:46.567Z
AG5,SB3,7.80,7.80,6.60,3.90,7.80,2026-09-14T01:37:46.566Z
AG5,SB4,7.10,7.10,6.00,3.50,7.10,2026-09-14T01:37:46.566Z
AG5,SB5,6.40,6.40,5.40,3.20,6.40,2026-09-14T01:37:46.703Z
AG5,SB6,5.50,5.50,4.70,2.70,5.50,2026-09-14T01:37:46.736Z
AG5,SB7,4.70,4.70,4.00,2.30,4.70,2026-09-14T01:37:46.727Z
AG5,SP1,1.70,1.70,1.60,0.90,1.70,2026-09-14T01:37:46.728Z
AG5,SP10,2.00,2.00,1.80,1.00,2.00,2026-09-14T01:37:46.733Z
AG5,SP11,2.10,2.10,1.90,1.00,2.10,2026-09-14T01:37:46.730Z
AG5,SP12,2.60,2.60,2.30,1.30,2.60,2026-09-14T01:37:46.729Z
AG5,SP13,3.00,3.00,2.60,1.50,3.00,2026-09-14T01:37:46.732Z
AG5,SP14,3.00,3.00,2.70,1.50,3.00,2026-09-14T01:37:46.879Z
AG5,SP15,3.40,3.40,3.00,1.70,3.40,2026-09-14T01:37:46.874Z
AG5,SP16,3.70,3.70,3.30,1.80,3.70,2026-09-14T01:37:46.902Z
AG5,SP17,3.60,3.60,3.20,1.80,3.60,2026-09-14T01:37:46.889Z
AG5,SP18,3.80,3.80,3.30,1.80,3.80,2026-09-14T01:37:46.911Z
AG5,SP19,4.10,4.10,3.60,2.00,4.10,2026-09-14T01:37:46.903Z
AG5,SP2,1.50,1.50,1.30,0.70,1.50,2026-09-14T01:37:46.902Z
AG5,SP20,4.30,4.30,3.70,2.10,4.30,2026-09-14T01:37:46.902Z
AG5,SP21,3.80,3.80,3.30,1.80,3.80,2026-09-14T01:37:47.047Z
AG5,SP22,4.00,4.00,3.50,1.90,4.00,2026-09-14T01:37:47.051Z
AG5,SP24,3.50,3.50,3.10,1.70,3.50,2026-09-14T01:37:47.061Z
AG5,SP25,3.70,3.70,3.20,1.80,3.70,2026-09-14T01:37:47.077Z
AG5,SP26,3.80,3.80,3.40,1.90,3.80,2026-09-14T01:37:47.085Z
AG5,SP27,3.90,3.90,3.40,1.90,3.90,2026-09-14T01:37:47.081Z
AG5,SP28,4.10,4.10,3.60,2.00,4.10,2026-09-14T01:37:47.082Z
AG5,SP29,4.30,4.30,3.70,2.10,4.30,2026-09-14T01:37:47.079Z
AG5,SP3,1.30,1.30,1.20,0.60,1.30,2026-09-14T01:37:47.214Z
AG5,SP31,4.60,4.60,4.00,2.20,4.60,2026-09-14T01:37:47.226Z
AG5,SP4,1.00,1.00,1.00,0.50,1.00,2026-09-14T01:37:47.227Z
AG5,SP5,0.80,0.80,0.80,0.40,0.80,2026-09-14T01:37:47.249Z
AG5,SP6,1.00,1.00,1.00,0.50,1.00,2026-09-14T01:37:47.250Z
AG5,SP7,1.20,1.20,1.10,0.60,1.20,2026-09-14T01:37:47.247Z
AG5,SP8,1.50,1.50,1.40,0.70,1.50,2026-09-14T01:37:47.248Z
AG5,SP9,1.70,1.70,1.50,0.80,1.70,2026-09-14T01:37:47.245Z
AG6,AG7,1.00,1.00,1.00,0.50,1.00,2026-09-14T01:37:47.390Z
AG6,AG8,1.30,1.30,1.20,0.60,1.30,2026-09-14T01:37:47.389Z
AG6,AG9,1.50,1.50,1.40,0.70,1.50,2026-09-14T01:37:47.398Z
AG6,KG04,4.50,4.50,3.90,2.20,4.50,2026-09-14T01:37:47.425Z
AG6,KG05,4.30,4.30,3.80,2.10,4.30,2026-09-14T01:37:47.425Z
AG6,KG06,4.50,4.50,4.00,2.20,4.50,2026-09-14T01:37:47.424Z
AG6,KG07,4.20,4.20,3.70,2.10,4.20,2026-09-14T01:37:47.423Z
AG6,KG08,4.00,4.00,3.40,1.90,4.00,2026-09-14T01:37:47.424Z
AG6,KG09,4.00,4.00,3.60,2.00,4.00,2026-09-14T01:37:47.544Z
AG6,KG10,3.60,3.60,3.20,1.80,3.60,2026-09-14T01:37:47.551Z
AG6,KG12,3.40,3.40,3.00,1.60,3.40,2026-09-14T01:37:47.563Z
AG6,KG13,2.80,2.80,2.50,1.40,2.80,2026-09-14T01:37:47.593Z
AG6,KG14,2.20,2.20,2.00,1.10,2.20,2026-09-14T01:37:47.595Z
AG6,KG15,1.70,1.70,1.60,0.90,1.70,2026-09-14T01:37:47.594Z
AG6,KG16,1.30,1.30,1.30,0.70,1.30,2026-09-14T01:37:47.593Z
AG6,KG17,1.30,1.30,1.20,0.60,1.30,2026-09-14T01:37:47.595Z
AG6,KG18A,1.70,1.70,1.50,0.80,1.70,2026-09-14T01:37:47.720Z
AG6,KG20,2.10,2.10,1.90,1.00,2.10,2026-09-14T01:37:47.719Z
AG6,KG21,2.50,2.50,2.20,1.20,2.50,2026-09-14T01:37:47.732Z
AG6,KG22,2.40,2.40,2.20,1.20,2.40,2026-09-14T01:37:47.763Z
AG6,KG23,2.90,2.90,2.70,1.50,2.90,2026-09-14T01:37:47.772Z
AG6,KG24,3.20,3.20,2.90,1.60,3.20,2026-09-14T01:37:47.772Z
AG6,KG25,3.40,3.40,3.00,1.60,3.40,2026-09-14T01:37:47.763Z
AG6,KG26,3.80,3.80,3.30,1.80,3.80,2026-09-14T01:37:47.758Z
AG6,KG27,4.30,4.30,3.70,2.00,4.30,2026-09-14T01:37:47.882Z
AG6,KG28,4.10,4.10,3.50,1.90,4.10,2026-09-14T01:37:47.883Z
AG6,KG29,4.30,4.30,3.80,2.10,4.30,2026-09-14T01:37:47.897Z
AG6,KG30,4.50,4.50,3.90,2.10,4.50,2026-09-14T01:37:47.927Z
AG6,KG31,4.20,4.20,3.80,2.10,4.20,2026-09-14T01:37:47.923Z
AG6,KG33,4.60,4.60,4.00,2.20,4.60,2026-09-14T01:37:47.927Z
AG6,KG34,4.70,4.70,4.10,2.30,4.70,2026-09-14T01:37:47.924Z
AG6,KG35,4.10,4.10,3.50,1.90,4.10,2026-09-14T01:37:47.927Z
AG6,KJ1,3.90,3.90,3.40,1.90,3.90,2026-09-14T01:37:48.056Z
AG6,KJ10,2.00,2.00,1.90,1.00,2.00,2026-09-14T01:37:48.064Z
AG6,KJ11,1.70,1.70,1.60,0.80,1.70,2026-09-14T01:37:48.068Z
AG6,KJ12,1.40,1.40,1.30,0.70,1.40,2026-09-14T01:37:48.091Z
AG6,KJ13,1.00,1.00,1.00,0.50,1.00,2026-09-14T01:37:48.098Z
AG6,KJ14,1.30,1.30,1.30,0.70,1.30,2026-09-14T01:37:48.106Z
AG6,KJ15,1.80,1.80,1.70,0.90,1.80,2026-09-14T01:37:48.105Z
AG6,KJ16,2.10,2.10,1.90,1.10,2.10,2026-09-14T01:37:48.114Z
AG6,KJ17,2.30,2.30,2.10,1.20,2.30,2026-09-14T01:37:48.234Z
AG6,KJ18,2.50,2.50,2.30,1.30,2.50,2026-09-14T01:37:48.229Z
AG6,KJ19,2.70,2.70,2.40,1.40,2.70,2026-09-14T01:37:48.238Z
AG6,KJ2,4.10,4.10,3.60,2.00,4.10,2026-09-14T01:37:48.254Z
AG6,KJ20,3.50,3.50,3.10,1.70,3.50,2026-09-14T01:37:48.277Z
AG6,KJ21,3.20,3.20,2.90,1.60,3.20,2026-09-14T01:37:48.266Z
AG6,KJ22,3.60,3.60,3.20,1.70,3.60,2026-09-14T01:37:48.269Z
AG6,KJ23,3.90,3.90,3.40,1.90,3.90,2026-09-14T01:37:48.273Z
AG6,KJ24,4.10,4.10,3.60,2.00,4.10,2026-09-14T01:37:48.398Z
AG6,KJ25,3.90,3.90,3.40,1.90,3.90,2026-09-14T01:37:48.392Z
AG6,KJ26,4.00,4.00,3.50,2.00,4.00,2026-09-14T01:37:48.415Z
AG6,KJ27,4.30,4.30,3.80,2.10,4.30,2026-09-14T01:37:48.496Z
AG6,KJ28,3.90,3.90,3.40,1.90,3.90,2026-09-14T01:37:48.495Z
AG6,KJ29,4.10,4.10,3.60,2.00,4.10,2026-09-14T01:37:48.497Z
AG6,KJ3,3.60,3.60,3.20,1.80,3.60,2026-09-14T01:37:48.496Z
AG6,KJ30,4.20,4.20,3.70,2.10,4.20,2026-09-14T01:37:48.495Z
AG6,KJ31,4.50,4.50,3.90,2.20,4.50,2026-09-14T01:37:48.536Z
AG6,KJ32,3.80,3.80,3.30,1.80,3.80,2026-09-14T01:37:48.562Z
AG6,KJ33,3.90,3.90,3.40,1.90,3.90,2026-09-14T01:37:48.578Z
AG6,KJ34,4.00,4.00,3.50,2.00,4.00,2026-09-14T01:37:48.664Z
AG6,KJ35,4.20,4.20,3.70,2.10,4.20,2026-09-14T01:37:48.661Z
AG6,KJ36,4.40,4.40,3.80,2.10,4.40,2026-09-14T01:37:48.661Z
AG6,KJ37,4.50,4.50,3.90,2.20,4.50,2026-09-14T01:37:48.661Z
AG6,KJ4,3.40,3.40,3.00,1.60,3.40,2026-09-14T01:37:48.664Z
AG6,KJ5,3.10,3.10,2.70,1.50,3.10,2026-09-14T01:37:48.702Z
AG6,KJ6,2.80,2.80,2.50,1.40,2.80,2026-09-14T01:37:48.726Z
AG6,KJ7,2.60,2.60,2.40,1.30,2.60,2026-09-14T01:37:48.739Z
AG6,KJ8,2.40,2.40,2.20,1.20,2.40,2026-09-14T01:37:48.839Z
AG6,KJ9,2.10,2.10,2.00,1.10,2.10,2026-09-14T01:37:48.838Z
AG6,MR1,3.50,3.50,3.10,1.70,3.50,2026-09-14T01:37:48.837Z
AG6,MR10,2.30,2.30,2.10,1.00,2.30,2026-09-14T01:37:48.832Z
AG6,MR11,1.50,1.50,1.40,0.70,1.50,2026-09-14T01:37:48.840Z
AG6,MR2,3.20,3.20,2.80,1.50,3.20,2026-09-14T01:37:48.861Z
AG6,MR3,2.20,2.20,2.00,1.00,2.20,2026-09-14T01:37:48.873Z
AG6,MR4,1.50,1.50,1.40,0.70,1.50,2026-09-14T01:37:48.901Z
AG6,MR5,1.90,1.90,1.70,0.80,1.90,2026-09-14T01:37:49.008Z
AG6,MR6,2.20,2.20,2.00,1.00,2.20,2026-09-14T01:37:49.007Z
AG6,MR7,2.60,2.60,2.30,1.20,2.60,2026-09-14T01:37:49.025Z
AG6,MR8,3.10,3.10,2.80,1.50,3.10,2026-09-14T01:37:49.000Z
AG6,MR9,2.90,2.90,2.60,1.40,2.90,2026-09-14T01:37:49.006Z
AG6,PY01,4.50,4.50,3.90,2.20,4.50,2026-09-14T01:37:49.036Z
AG6,PY03,4.70,4.70,4.10,2.30,4.70,2026-09-14T01:37:49.040Z
AG6,PY04,4.60,4.60,4.00,2.20,4.60,2026-09-14T01:37:49.055Z
AG6,PY05,4.40,4.40,3.80,2.10,4.40,2026-09-14T01:37:49.178Z
AG6,PY06,4.50,4.50,3.90,2.20,4.50,2026-09-14T01:37:49.174Z
AG6,PY07,4.20,4.20,3.70,2.00,4.20,2026-09-14T01:37:49.172Z
AG6,PY08,3.90,3.90,3.40,1.90,3.90,2026-09-14T01:37:49.173Z
AG6,PY09,4.00,4.00,3.50,1.90,4.00,2026-09-14T01:37:49.189Z
AG6,PY10,3.70,3.70,3.30,1.80,3.70,2026-09-14T01:37:49.415Z
AG6,PY11,3.50,3.50,3.10,1.60,3.50,2026-09-14T01:37:49.203Z
AG6,PY12,3.10,3.10,2.70,1.50,3.10,2026-09-14T01:37:49.212Z
AG6,PY13,2.80,2.80,2.50,1.30,2.80,2026-09-14T01:37:49.345Z
AG6,PY14,2.60,2.60,2.30,1.20,2.60,2026-09-14T01:37:49.349Z
AG6,PY15,2.30,2.30,2.10,1.10,2.30,2026-09-14T01:37:49.348Z
AG6,PY16,1.90,1.90,1.80,0.90,1.90,2026-09-14T01:37:49.349Z
AG6,PY17,1.50,1.50,1.40,0.70,1.50,2026-09-14T01:37:49.361Z
AG6,PY18,1.70,1.70,1.60,0.80,1.70,2026-09-14T01:37:49.368Z
AG6,PY19,2.10,2.10,1.90,1.00,2.10,2026-09-14T01:37:49.369Z
AG6,PY20,2.40,2.40,2.20,1.20,2.40,2026-09-14T01:37:49.499Z
AG6,PY21,2.60,2.60,2.30,1.20,2.60,2026-09-14T01:37:49.502Z
AG6,PY22,2.40,2.40,2.10,1.10,2.40,2026-09-14T01:37:49.500Z
AG6,PY23,2.10,2.10,1.90,1.00,2.10,2026-09-14T01:37:49.518Z
AG6,PY24,1.90,1.90,1.70,1.00,1.90,2026-09-14T01:37:49.530Z
AG6,PY27,3.40,3.40,3.00,1.70,3.40,2026-09-14T01:37:49.530Z
AG6,PY28,3.80,3.80,3.30,1.90,3.80,2026-09-14T01:37:49.530Z
AG6,PY29,3.60,3.60,3.10,1.70,3.60,2026-09-14T01:37:49.556Z
AG6,PY31,4.40,4.40,3.70,2.10,4.40,2026-09-14T01:37:49.680Z
AG6,PY32,4.50,4.50,3.90,2.10,4.50,2026-09-14T01:37:49.669Z
AG6,PY33,4.60,4.60,4.00,2.20,4.60,2026-09-14T01:37:49.668Z
AG6,PY34,4.80,4.80,4.10,2.30,4.80,2026-09-14T01:37:49.686Z
AG6,PY36,4.50,4.50,3.90,2.20,4.50,2026-09-14T01:37:49.735Z
AG6,PY37,4.70,4.70,4.10,2.30,4.70,2026-09-14T01:37:49.734Z
AG6,PY38,5.00,5.00,4.30,2.40,5.00,2026-09-14T01:37:49.705Z
AG6,PY39,4.80,4.80,4.10,2.40,4.80,2026-09-14T01:37:49.707Z
AG6,PY40,5.00,5.00,4.30,2.50,5.00,2026-09-14T01:37:49.840Z
AG6,PY41,5.10,5.10,4.40,2.50,5.10,2026-09-14T01:37:49.837Z
AG6,SB1,8.90,8.90,7.60,4.40,8.90,2026-09-14T01:37:49.852Z
AG6,SB2,8.30,8.30,7.00,4.10,8.30,2026-09-14T01:37:49.856Z
AG6,SB3,7.60,7.60,6.50,3.80,7.60,2026-09-14T01:37:49.867Z
AG6,SB4,6.90,6.90,5.90,3.40,6.90,2026-09-14T01:37:49.868Z
AG6,SB5,6.20,6.20,5.30,3.10,6.20,2026-09-14T01:37:49.887Z
AG6,SB6,5.30,5.30,4.60,2.60,5.30,2026-09-14T01:37:49.888Z
AG6,SB7,4.50,4.50,3.90,2.20,4.50,2026-09-14T01:37:49.992Z
AG6,SP1,1.90,1.90,1.70,1.00,1.90,2026-09-14T01:37:50.011Z
AG6,SP10,1.80,1.80,1.60,0.90,1.80,2026-09-14T01:37:50.008Z
AG6,SP11,1.90,1.90,1.70,1.00,1.90,2026-09-14T01:37:50.023Z
AG6,SP12,2.40,2.40,2.10,1.20,2.40,2026-09-14T01:37:50.024Z
AG6,SP13,2.80,2.80,2.50,1.40,2.80,2026-09-14T01:37:50.018Z
AG6,SP14,2.90,2.90,2.60,1.40,2.90,2026-09-14T01:37:50.035Z
AG6,SP15,3.30,3.30,2.90,1.60,3.30,2026-09-14T01:37:50.032Z
AG6,SP16,3.60,3.60,3.10,1.70,3.60,2026-09-14T01:37:50.166Z
AG6,SP17,3.50,3.50,3.10,1.70,3.50,2026-09-14T01:37:50.175Z
AG6,SP18,3.70,3.70,3.20,1.80,3.70,2026-09-14T01:37:50.178Z
AG6,SP19,4.00,4.00,3.50,1.90,4.00,2026-09-14T01:37:50.182Z
AG6,SP2,1.70,1.70,1.50,0.80,1.70,2026-09-14T01:37:50.201Z
AG6,SP20,4.20,4.20,3.60,2.00,4.20,2026-09-14T01:37:50.196Z
AG6,SP21,3.70,3.70,3.20,1.80,3.70,2026-09-14T01:37:50.196Z
AG6,SP22,3.90,3.90,3.40,1.90,3.90,2026-09-14T01:37:50.204Z
AG6,SP24,4.30,4.30,3.70,2.10,4.30,2026-09-14T01:37:50.338Z
AG6,SP25,3.60,3.60,3.20,1.80,3.60,2026-09-14T01:37:50.351Z
AG6,SP26,3.80,3.80,3.30,1.80,3.80,2026-09-14T01:37:50.348Z
AG6,SP27,3.80,3.80,3.40,1.90,3.80,2026-09-14T01:37:50.361Z
AG6,SP28,4.00,4.00,3.50,2.00,4.00,2026-09-14T01:37:50.374Z
AG6,SP29,4.20,4.20,3.60,2.00,4.20,2026-09-14T01:37:50.383Z
AG6,SP3,1.50,1.50,1.40,0.70,1.50,2026-09-14T01:37:50.373Z
AG6,SP31,4.50,4.50,3.90,2.20,4.50,2026-09-14T01:37:50.379Z
AG6,SP4,1.20,1.20,1.10,0.60,1.20,2026-09-14T01:37:50.501Z
AG6,SP5,1.00,1.00,1.00,0.50,1.00,2026-09-14T01:37:50.523Z
AG6,SP6,0.80,0.80,0.80,0.40,0.80,2026-09-14T01:37:50.522Z
AG6,SP7,1.00,1.00,1.00,0.50,1.00,2026-09-14T01:37:50.532Z
AG6,SP8,1.30,1.30,1.20,0.60,1.30,2026-09-14T01:37:50.533Z
AG6,SP9,1.50,1.50,1.40,0.70,1.50,2026-09-14T01:37:50.532Z
AG7,AG8,1.10,1.10,1.00,0.50,1.10,2026-09-14T01:37:50.548Z
AG7,AG9,1.30,1.30,1.20,0.60,1.30,2026-09-14T01:37:50.543Z
AG7,KG04,4.30,4.30,3.70,2.10,4.30,2026-09-14T01:37:50.674Z
AG7,KG05,4.10,4.10,3.60,2.00,4.10,2026-09-14T01:37:50.676Z
AG7,KG06,4.30,4.30,3.80,2.10,4.30,2026-09-14T01:37:50.695Z
AG7,KG07,4.00,4.00,3.50,2.00,4.00,2026-09-14T01:37:50.713Z
AG7,KG08,3.80,3.80,3.20,1.80,3.80,2026-09-14T01:37:50.712Z
AG7,KG09,3.80,3.80,3.40,1.90,3.80,2026-09-14T01:37:50.710Z
AG7,KG10,3.40,3.40,3.00,1.70,3.40,2026-09-14T01:37:50.711Z
AG7,KG12,3.20,3.20,2.80,1.50,3.20,2026-09-14T01:37:50.714Z
AG7,KG13,2.60,2.60,2.30,1.30,2.60,2026-09-14T01:37:50.844Z
AG7,KG14,2.00,2.00,1.80,1.00,2.00,2026-09-14T01:37:50.847Z
AG7,KG15,1.50,1.50,1.40,0.80,1.50,2026-09-14T01:37:50.858Z
AG7,KG16,1.10,1.10,1.10,0.60,1.10,2026-09-14T01:37:50.904Z
AG7,KG17,1.10,1.10,1.00,0.50,1.10,2026-09-14T01:37:50.891Z
AG7,KG18A,1.50,1.50,1.30,0.70,1.50,2026-09-14T01:37:50.901Z
AG7,KG20,1.90,1.90,1.70,0.90,1.90,2026-09-14T01:37:50.886Z
AG7,KG21,2.30,2.30,2.00,1.10,2.30,2026-09-14T01:37:50.887Z
AG7,KG22,2.20,2.20,2.00,1.10,2.20,2026-09-14T01:37:51.015Z
AG7,KG23,2.70,2.70,2.50,1.40,2.70,2026-09-14T01:37:51.011Z
AG7,KG24,3.00,3.00,2.70,1.50,3.00,2026-09-14T01:37:51.027Z
AG7,KG25,3.20,3.20,2.80,1.50,3.20,2026-09-14T01:37:51.043Z
AG7,KG26,3.60,3.60,3.10,1.70,3.60,2026-09-14T01:37:51.047Z
AG7,KG27,4.10,4.10,3.50,1.90,4.10,2026-09-14T01:37:51.053Z
AG7,KG28,3.90,3.90,3.30,1.80,3.90,2026-09-14T01:37:51.054Z
AG7,KG29,4.10,4.10,3.60,2.00,4.10,2026-09-14T01:37:51.051Z
AG7,KG30,4.30,4.30,3.70,2.00,4.30,2026-09-14T01:37:51.190Z
AG7,KG31,4.00,4.00,3.60,2.00,4.00,2026-09-14T01:37:51.191Z
AG7,KG33,4.40,4.40,3.80,2.10,4.40,2026-09-14T01:37:51.195Z
AG7,KG34,4.50,4.50,3.90,2.20,4.50,2026-09-14T01:37:51.191Z
AG7,KG35,3.90,3.90,3.30,1.80,3.90,2026-09-14T01:37:51.221Z
AG7,KJ1,3.70,3.70,3.20,1.80,3.70,2026-09-14T01:37:51.220Z
AG7,KJ10,1.80,1.80,1.70,0.90,1.80,2026-09-14T01:37:51.222Z
AG7,KJ11,1.50,1.50,1.40,0.70,1.50,2026-09-14T01:37:51.228Z
AG7,KJ12,1.20,1.20,1.10,0.60,1.20,2026-09-14T01:37:51.363Z
AG7,KJ13,0.80,0.80,0.80,0.40,0.80,2026-09-14T01:37:51.364Z
AG7,KJ14,1.10,1.10,1.10,0.60,1.10,2026-09-14T01:37:51.361Z
AG7,KJ15,1.60,1.60,1.50,0.80,1.60,2026-09-14T01:37:51.362Z
AG7,KJ16,1.90,1.90,1.70,1.00,1.90,2026-09-14T01:37:51.393Z
AG7,KJ17,2.10,2.10,1.90,1.10,2.10,2026-09-14T01:37:51.395Z
AG7,KJ18,2.30,2.30,2.10,1.20,2.30,2026-09-14T01:37:51.394Z
AG7,KJ19,2.50,2.50,2.20,1.30,2.50,2026-09-14T01:37:51.396Z
AG7,KJ2,3.90,3.90,3.40,1.90,3.90,2026-09-14T01:37:51.530Z
AG7,KJ20,3.20,3.20,2.80,1.60,3.20,2026-09-14T01:37:51.538Z
AG7,KJ21,3.00,3.00,2.70,1.50,3.00,2026-09-14T01:37:51.534Z
AG7,KJ22,3.40,3.40,3.00,1.60,3.40,2026-09-14T01:37:51.538Z
AG7,KJ23,3.70,3.70,3.20,1.80,3.70,2026-09-14T01:37:51.569Z
AG7,KJ24,3.90,3.90,3.40,1.90,3.90,2026-09-14T01:37:51.571Z
AG7,KJ25,3.70,3.70,3.20,1.80,3.70,2026-09-14T01:37:51.571Z
AG7,KJ26,3.80,3.80,3.30,1.90,3.80,2026-09-14T01:37:51.572Z
AG7,KJ27,4.10,4.10,3.60,2.00,4.10,2026-09-14T01:37:51.693Z
AG7,KJ28,3.70,3.70,3.20,1.80,3.70,2026-09-14T01:37:51.692Z
AG7,KJ29,3.90,3.90,3.40,1.90,3.90,2026-09-14T01:37:51.688Z
AG7,KJ3,3.40,3.40,3.00,1.70,3.40,2026-09-14T01:37:51.702Z
AG7,KJ30,4.00,4.00,3.50,2.00,4.00,2026-09-14T01:37:51.736Z
AG7,KJ31,4.30,4.30,3.70,2.10,4.30,2026-09-14T01:37:51.742Z
AG7,KJ32,3.60,3.60,3.10,1.70,3.60,2026-09-14T01:37:51.737Z
AG7,KJ33,3.70,3.70,3.20,1.80,3.70,2026-09-14T01:37:51.736Z
AG7,KJ34,3.80,3.80,3.30,1.90,3.80,2026-09-14T01:37:51.863Z
AG7,KJ35,4.00,4.00,3.50,2.00,4.00,2026-09-14T01:37:51.864Z
AG7,KJ36,4.20,4.20,3.60,2.00,4.20,2026-09-14T01:37:51.862Z
AG7,KJ37,4.40,4.40,3.80,2.10,4.40,2026-09-14T01:37:51.868Z
AG7,KJ4,3.20,3.20,2.80,1.50,3.20,2026-09-14T01:37:51.909Z
AG7,KJ5,2.90,2.90,2.50,1.40,2.90,2026-09-14T01:37:51.908Z
AG7,KJ6,2.60,2.60,2.30,1.30,2.60,2026-09-14T01:37:51.907Z
AG7,KJ7,2.40,2.40,2.20,1.20,2.40,2026-09-14T01:37:51.908Z
AG7,KJ8,2.20,2.20,2.00,1.10,2.20,2026-09-14T01:37:52.029Z
AG7,KJ9,1.90,1.90,1.80,1.00,1.90,2026-09-14T01:37:52.030Z
AG7,MR1,3.30,3.30,2.90,1.60,3.30,2026-09-14T01:37:52.034Z
AG7,MR10,2.50,2.50,2.20,1.10,2.50,2026-09-14T01:37:52.031Z
AG7,MR11,1.70,1.70,1.50,0.80,1.70,2026-09-14T01:37:52.064Z
AG7,MR2,3.00,3.00,2.60,1.40,3.00,2026-09-14T01:37:52.061Z
AG7,MR3,2.00,2.00,1.80,0.90,2.00,2026-09-14T01:37:52.059Z
AG7,MR4,1.30,1.30,1.20,0.60,1.30,2026-09-14T01:37:52.077Z
AG7,MR5,1.70,1.70,1.50,0.70,1.70,2026-09-14T01:37:52.202Z
AG7,MR6,2.00,2.00,1.80,0.90,2.00,2026-09-14T01:37:52.202Z
AG7,MR7,2.40,2.40,2.10,1.10,2.40,2026-09-14T01:37:52.202Z
AG7,MR8,2.90,2.90,2.60,1.40,2.90,2026-09-14T01:37:52.201Z
AG7,MR9,3.10,3.10,2.70,1.50,3.10,2026-09-14T01:37:52.229Z
AG7,PY01,4.30,4.30,3.70,2.10,4.30,2026-09-14T01:37:52.231Z
AG7,PY03,4.70,4.70,4.10,2.30,4.70,2026-09-14T01:37:52.230Z
AG7,PY04,4.80,4.80,4.10,2.30,4.80,2026-09-14T01:37:52.238Z
AG7,PY05,4.60,4.60,3.90,2.20,4.60,2026-09-14T01:37:52.374Z
AG7,PY06,4.70,4.70,4.00,2.30,4.70,2026-09-14T01:37:52.373Z
AG7,PY07,4.40,4.40,3.80,2.10,4.40,2026-09-14T01:37:52.369Z
AG7,PY08,4.10,4.10,3.50,2.00,4.10,2026-09-14T01:37:52.369Z
AG7,PY09,4.20,4.20,3.60,2.00,4.20,2026-09-14T01:37:52.401Z
AG7,PY10,3.90,3.90,3.40,1.90,3.90,2026-09-14T01:37:52.399Z
AG7,PY11,3.70,3.70,3.20,1.70,3.70,2026-09-14T01:37:52.401Z
AG7,PY12,3.30,3.30,2.80,1.60,3.30,2026-09-14T01:37:52.399Z
AG7,PY13,3.00,3.00,2.60,1.40,3.00,2026-09-14T01:37:52.549Z
AG7,PY14,2.80,2.80,2.40,1.30,2.80,2026-09-14T01:37:52.546Z
AG7,PY15,2.50,2.50,2.20,1.20,2.50,2026-09-14T01:37:52.546Z
AG7,PY16,2.10,2.10,1.90,1.00,2.10,2026-09-14T01:37:52.545Z
AG7,PY17,1.70,1.70,1.50,0.80,1.70,2026-09-14T01:37:52.552Z
AG7,PY18,1.90,1.90,1.70,0.90,1.90,2026-09-14T01:37:52.555Z
AG7,PY19,2.30,2.30,2.00,1.10,2.30,2026-09-14T01:37:52.568Z
AG7,PY20,2.50,2.50,2.20,1.20,2.50,2026-09-14T01:37:52.573Z
AG7,PY21,2.40,2.40,2.10,1.10,2.40,2026-09-14T01:37:52.726Z
AG7,PY22,2.20,2.20,1.90,1.00,2.20,2026-09-14T01:37:52.724Z
AG7,PY23,1.90,1.90,1.70,0.90,1.90,2026-09-14T01:37:52.719Z
AG7,PY24,1.90,1.90,1.70,0.90,1.90,2026-09-14T01:37:52.721Z
AG7,PY27,3.30,3.30,2.90,1.60,3.30,2026-09-14T01:37:52.722Z
AG7,PY28,3.80,3.80,3.30,1.80,3.80,2026-09-14T01:37:52.727Z
AG7,PY29,3.40,3.40,3.00,1.70,3.40,2026-09-14T01:37:52.727Z
AG7,PY31,4.20,4.20,3.60,2.10,4.20,2026-09-14T01:37:52.745Z
AG7,PY32,4.50,4.50,3.90,2.20,4.50,2026-09-14T01:37:52.889Z
AG7,PY33,4.70,4.70,4.10,2.30,4.70,2026-09-14T01:37:52.887Z
AG7,PY34,4.80,4.80,4.10,2.30,4.80,2026-09-14T01:37:52.919Z
AG7,PY36,4.70,4.70,4.00,2.30,4.70,2026-09-14T01:37:52.897Z
AG7,PY37,4.90,4.90,4.20,2.40,4.90,2026-09-14T01:37:52.906Z
AG7,PY38,4.80,4.80,4.10,2.30,4.80,2026-09-14T01:37:52.904Z
AG7,PY39,4.80,4.80,4.10,2.30,4.80,2026-09-14T01:37:52.905Z
AG7,PY40,5.00,5.00,4.30,2.40,5.00,2026-09-14T01:37:52.918Z
AG7,PY41,5.10,5.10,4.40,2.40,5.10,2026-09-14T01:37:53.062Z
AG7,SB1,8.70,8.70,7.40,4.30,8.70,2026-09-14T01:37:53.063Z
AG7,SB2,8.10,8.10,6.80,4.00,8.10,2026-09-14T01:37:53.072Z
AG7,SB3,7.40,7.40,6.30,3.70,7.40,2026-09-14T01:37:53.076Z
AG7,SB4,6.70,6.70,5.70,3.30,6.70,2026-09-14T01:37:53.154Z
AG7,SB5,6.00,6.00,5.10,3.00,6.00,2026-09-14T01:37:53.078Z
AG7,SB6,5.10,5.10,4.40,2.50,5.10,2026-09-14T01:37:53.072Z
AG7,SB7,4.30,4.30,3.70,2.10,4.30,2026-09-14T01:37:53.081Z
AG7,SP1,2.00,2.00,1.80,1.00,2.00,2026-09-14T01:37:53.234Z
AG7,SP10,1.60,1.60,1.40,0.80,1.60,2026-09-14T01:37:53.227Z
AG7,SP11,1.90,1.90,1.70,0.90,1.90,2026-09-14T01:37:53.246Z
AG7,SP12,2.20,2.20,2.00,1.10,2.20,2026-09-14T01:37:53.242Z
AG7,SP13,2.60,2.60,2.30,1.30,2.60,2026-09-14T01:37:53.244Z
AG7,SP14,3.10,3.10,2.70,1.50,3.10,2026-09-14T01:37:53.241Z
AG7,SP15,3.10,3.10,2.80,1.50,3.10,2026-09-14T01:37:53.245Z
AG7,SP16,3.40,3.40,3.00,1.70,3.40,2026-09-14T01:37:53.322Z
AG7,SP17,3.90,3.90,3.40,1.90,3.90,2026-09-14T01:37:53.398Z
AG7,SP18,3.50,3.50,3.10,1.70,3.50,2026-09-14T01:37:53.397Z
AG7,SP19,3.90,3.90,3.40,1.90,3.90,2026-09-14T01:37:53.414Z
AG7,SP2,1.90,1.90,1.70,0.90,1.90,2026-09-14T01:37:53.419Z
AG7,SP20,4.00,4.00,3.50,2.00,4.00,2026-09-14T01:37:53.417Z
AG7,SP21,4.30,4.30,3.70,2.10,4.30,2026-09-14T01:37:53.415Z
AG7,SP22,3.80,3.80,3.30,1.90,3.80,2026-09-14T01:37:53.414Z
AG7,SP24,4.20,4.20,3.70,2.10,4.20,2026-09-14T01:37:53.491Z
AG7,SP25,3.60,3.60,3.10,1.70,3.60,2026-09-14T01:37:53.580Z
AG7,SP26,3.70,3.70,3.20,1.80,3.70,2026-09-14T01:37:53.569Z
AG7,SP27,3.80,3.80,3.30,1.80,3.80,2026-09-14T01:37:53.592Z
AG7,SP28,3.90,3.90,3.40,1.90,3.90,2026-09-14T01:37:53.592Z
AG7,SP29,4.10,4.10,3.60,2.00,4.10,2026-09-14T01:37:53.600Z
AG7,SP3,1.70,1.70,1.50,0.80,1.70,2026-09-14T01:37:53.590Z
AG7,SP31,4.40,4.40,3.80,2.10,4.40,2026-09-14T01:37:53.585Z
AG7,SP4,1.40,1.40,1.30,0.70,1.40,2026-09-14T01:37:53.634Z
AG7,SP5,1.20,1.20,1.10,0.60,1.20,2026-09-14T01:37:53.727Z
AG7,SP6,1.00,1.00,1.00,0.50,1.00,2026-09-14T01:37:53.730Z
AG7,SP7,0.80,0.80,0.80,0.40,0.80,2026-09-14T01:37:53.743Z
AG7,SP8,1.10,1.10,1.00,0.50,1.10,2026-09-14T01:37:53.759Z
AG7,SP9,1.30,1.30,1.20,0.60,1.30,2026-09-14T01:37:53.768Z
AG8,AG9,1.00,1.00,1.00,0.50,1.00,2026-09-14T01:37:53.767Z
AG8,KG04,4.10,4.10,3.50,2.00,4.10,2026-09-14T01:37:53.767Z
AG8,KG05,3.90,3.90,3.40,1.90,3.90,2026-09-14T01:37:53.800Z
AG8,KG06,4.10,4.10,3.60,2.00,4.10,2026-09-14T01:37:53.905Z
AG8,KG07,3.80,3.80,3.30,1.90,3.80,2026-09-14T01:37:53.909Z
AG8,KG08,3.50,3.50,3.00,1.70,3.50,2026-09-14T01:37:53.908Z
AG8,KG09,3.60,3.60,3.20,1.80,3.60,2026-09-14T01:37:53.951Z
AG8,KG10,3.20,3.20,2.80,1.60,3.20,2026-09-14T01:37:53.956Z
AG8,KG12,2.90,2.90,2.60,1.40,2.90,2026-09-14T01:37:53.957Z
AG8,KG13,2.50,2.50,2.20,1.20,2.50,2026-09-14T01:37:53.950Z
AG8,KG14,1.90,1.90,1.70,0.90,1.90,2026-09-14T01:37:53.951Z
AG8,KG15,1.40,1.40,1.30,0.70,1.40,2026-09-14T01:37:54.094Z
AG8,KG16,1.00,1.00,1.00,0.50,1.00,2026-09-14T01:37:54.077Z
AG8,KG17,0.80,0.80,0.80,0.40,0.80,2026-09-14T01:37:54.070Z
AG8,KG18A,1.20,1.20,1.10,0.60,1.20,2026-09-14T01:37:54.121Z
AG8,KG20,1.60,1.60,1.50,0.80,1.60,2026-09-14T01:37:54.127Z
AG8,KG21,2.00,2.00,1.80,1.00,2.00,2026-09-14T01:37:54.131Z
AG8,KG22,2.00,2.00,1.80,1.00,2.00,2026-09-14T01:37:54.115Z
AG8,KG23,2.50,2.50,2.30,1.30,2.50,2026-09-14T01:37:54.121Z
AG8,KG24,2.80,2.80,2.50,1.40,2.80,2026-09-14T01:37:54.240Z
AG8,KG25,2.90,2.90,2.60,1.40,2.90,2026-09-14T01:37:54.243Z
AG8,KG26,3.30,3.30,2.90,1.60,3.30,2026-09-14T01:37:54.248Z
AG8,KG27,3.80,3.80,3.30,1.80,3.80,2026-09-14T01:37:54.290Z
AG8,KG28,3.60,3.60,3.10,1.70,3.60,2026-09-14T01:37:54.295Z
AG8,KG29,3.80,3.80,3.40,1.90,3.80,2026-09-14T01:37:54.291Z
AG8,KG30,4.00,4.00,3.50,1.90,4.00,2026-09-14T01:37:54.289Z
AG8,KG31,4.30,4.30,3.70,2.10,4.30,2026-09-14T01:37:54.290Z
AG8,KG33,4.10,4.10,3.60,2.00,4.10,2026-09-14T01:37:54.413Z
AG8,KG34,4.20,4.20,3.70,2.10,4.20,2026-09-14T01:37:54.408Z
AG8,KG35,3.60,3.60,3.10,1.70,3.60,2026-09-14T01:37:54.412Z
AG8,KJ1,4.00,4.00,3.40,1.90,4.00,2026-09-14T01:37:54.454Z
AG8,KJ10,2.10,2.10,1.90,1.00,2.10,2026-09-14T01:37:54.455Z
AG8,KJ11,1.80,1.80,1.60,0.80,1.80,2026-09-14T01:37:54.459Z
AG8,KJ12,1.50,1.50,1.30,0.70,1.50,2026-09-14T01:37:54.456Z
AG8,KJ13,1.10,1.10,1.00,0.50,1.10,2026-09-14T01:37:54.455Z
AG8,KJ14,1.00,1.00,1.00,0.50,1.00,2026-09-14T01:37:54.571Z
AG8,KJ15,1.50,1.50,1.40,0.70,1.50,2026-09-14T01:37:54.572Z
AG8,KJ16,1.80,1.80,1.70,0.90,1.80,2026-09-14T01:37:54.575Z
AG8,KJ17,2.20,2.20,2.00,1.10,2.20,2026-09-14T01:37:54.619Z
AG8,KJ18,2.20,2.20,2.00,1.10,2.20,2026-09-14T01:37:54.620Z
AG8,KJ19,2.40,2.40,2.20,1.20,2.40,2026-09-14T01:37:54.618Z
AG8,KJ2,3.80,3.80,3.30,1.80,3.80,2026-09-14T01:37:54.618Z
AG8,KJ20,3.10,3.10,2.70,1.50,3.10,2026-09-14T01:37:54.621Z
AG8,KJ21,3.30,3.30,2.90,1.60,3.30,2026-09-14T01:37:54.750Z
AG8,KJ22,3.30,3.30,3.00,1.60,3.30,2026-09-14T01:37:54.747Z
AG8,KJ23,3.60,3.60,3.20,1.80,3.60,2026-09-14T01:37:54.749Z
AG8,KJ24,3.90,3.90,3.40,1.90,3.90,2026-09-14T01:37:54.792Z
AG8,KJ25,3.70,3.70,3.20,1.80,3.70,2026-09-14T01:37:54.806Z
AG8,KJ26,3.80,3.80,3.40,1.90,3.80,2026-09-14T01:37:54.810Z
AG8,KJ27,4.10,4.10,3.60,2.00,4.10,2026-09-14T01:37:54.799Z
AG8,KJ28,4.00,4.00,3.40,1.90,4.00,2026-09-14T01:37:54.788Z
AG8,KJ29,3.90,3.90,3.40,1.90,3.90,2026-09-14T01:37:54.949Z
AG8,KJ3,3.70,3.70,3.20,1.80,3.70,2026-09-14T01:37:54.943Z
AG8,KJ30,4.10,4.10,3.60,2.00,4.10,2026-09-14T01:37:54.978Z
AG8,KJ31,4.40,4.40,3.80,2.10,4.40,2026-09-14T01:37:55.016Z
AG8,KJ32,3.90,3.90,3.30,1.80,3.90,2026-09-14T01:37:54.980Z
AG8,KJ33,3.80,3.80,3.30,1.80,3.80,2026-09-14T01:37:54.994Z
AG8,KJ34,3.90,3.90,3.40,1.90,3.90,2026-09-14T01:37:54.994Z
AG8,KJ35,4.10,4.10,3.60,2.00,4.10,2026-09-14T01:37:55.032Z
AG8,KJ36,4.30,4.30,3.70,2.10,4.30,2026-09-14T01:37:55.112Z
AG8,KJ37,4.30,4.30,3.70,2.10,4.30,2026-09-14T01:37:55.116Z
AG8,KJ4,3.50,3.50,3.00,1.60,3.50,2026-09-14T01:37:55.134Z
AG8,KJ5,3.20,3.20,2.70,1.50,3.20,2026-09-14T01:37:55.134Z
AG8,KJ6,2.90,2.90,2.50,1.40,2.90,2026-09-14T01:37:55.147Z
AG8,KJ7,2.70,2.70,2.40,1.30,2.70,2026-09-14T01:37:55.168Z
AG8,KJ8,2.50,2.50,2.20,1.20,2.50,2026-09-14T01:37:55.172Z
AG8,KJ9,2.20,2.20,2.00,1.10,2.20,2026-09-14T01:37:55.183Z
AG8,MR1,3.00,3.00,2.70,1.50,3.00,2026-09-14T01:37:55.295Z
AG8,MR10,2.70,2.70,2.40,1.30,2.70,2026-09-14T01:37:55.294Z
AG8,MR11,2.00,2.00,1.80,1.00,2.00,2026-09-14T01:37:55.307Z
AG8,MR2,2.70,2.70,2.40,1.30,2.70,2026-09-14T01:37:55.296Z
AG8,MR3,1.70,1.70,1.60,0.80,1.70,2026-09-14T01:37:55.315Z
AG8,MR4,1.00,1.00,1.00,0.50,1.00,2026-09-14T01:37:55.313Z
AG8,MR5,1.40,1.40,1.30,0.60,1.40,2026-09-14T01:37:55.333Z
AG8,MR6,1.70,1.70,1.60,0.80,1.70,2026-09-14T01:37:55.340Z
AG8,MR7,2.10,2.10,1.90,1.00,2.10,2026-09-14T01:37:55.459Z
AG8,MR8,2.60,2.60,2.40,1.30,2.60,2026-09-14T01:37:55.463Z
AG8,MR9,3.10,3.10,2.80,1.50,3.10,2026-09-14T01:37:55.480Z
AG8,PY01,4.10,4.10,3.50,2.00,4.10,2026-09-14T01:37:55.484Z
AG8,PY03,4.40,4.40,3.80,2.20,4.40,2026-09-14T01:37:55.519Z
AG8,PY04,4.90,4.90,4.30,2.40,4.90,2026-09-14T01:37:55.504Z
AG8,PY05,4.70,4.70,4.10,2.30,4.70,2026-09-14T01:37:55.503Z
AG8,PY06,4.70,4.70,4.00,2.30,4.70,2026-09-14T01:37:55.503Z
AG8,PY07,4.40,4.40,3.80,2.20,4.40,2026-09-14T01:37:55.635Z
AG8,PY08,4.40,4.40,3.80,2.20,4.40,2026-09-14T01:37:55.625Z
AG8,PY09,4.30,4.30,3.70,2.10,4.30,2026-09-14T01:37:55.635Z
AG8,PY10,4.20,4.20,3.70,2.10,4.20,2026-09-14T01:37:55.653Z
AG8,PY11,4.00,4.00,3.50,1.90,4.00,2026-09-14T01:37:55.686Z
AG8,PY12,3.70,3.70,3.20,1.80,3.70,2026-09-14T01:37:55.680Z
AG8,PY13,3.30,3.30,2.90,1.60,3.30,2026-09-14T01:37:55.679Z
AG8,PY14,3.10,3.10,2.70,1.50,3.10,2026-09-14T01:37:55.686Z
AG8,PY15,2.80,2.80,2.50,1.40,2.80,2026-09-14T01:37:55.798Z
AG8,PY16,2.40,2.40,2.20,1.20,2.40,2026-09-14T01:37:55.800Z
AG8,PY17,2.00,2.00,1.80,1.00,2.00,2026-09-14T01:37:55.804Z
AG8,PY18,2.20,2.20,2.00,1.10,2.20,2026-09-14T01:37:55.833Z
AG8,PY19,2.60,2.60,2.30,1.30,2.60,2026-09-14T01:37:55.849Z
AG8,PY20,2.20,2.20,2.00,1.10,2.20,2026-09-14T01:37:55.849Z
AG8,PY21,2.10,2.10,1.90,1.00,2.10,2026-09-14T01:37:55.845Z
AG8,PY22,1.90,1.90,1.70,0.90,1.90,2026-09-14T01:37:55.848Z
AG8,PY23,1.60,1.60,1.50,0.80,1.60,2026-09-14T01:37:55.968Z
AG8,PY24,1.60,1.60,1.40,0.80,1.60,2026-09-14T01:37:55.965Z
AG8,PY27,3.00,3.00,2.60,1.50,3.00,2026-09-14T01:37:55.970Z
AG8,PY28,3.50,3.50,3.00,1.70,3.50,2026-09-14T01:37:55.999Z
AG8,PY29,3.20,3.20,2.90,1.60,3.20,2026-09-14T01:37:56.015Z
AG8,PY31,4.00,4.00,3.50,2.00,4.00,2026-09-14T01:37:56.010Z
AG8,PY32,4.30,4.30,3.80,2.10,4.30,2026-09-14T01:37:56.010Z
AG8,PY33,4.50,4.50,3.90,2.20,4.50,2026-09-14T01:37:56.011Z
AG8,PY34,4.50,4.50,3.80,2.20,4.50,2026-09-14T01:37:56.144Z
AG8,PY36,4.60,4.60,3.90,2.20,4.60,2026-09-14T01:37:56.145Z
AG8,PY37,4.80,4.80,4.10,2.40,4.80,2026-09-14T01:37:56.146Z
AG8,PY38,4.50,4.50,3.90,2.20,4.50,2026-09-14T01:37:56.171Z
AG8,PY39,4.50,4.50,3.80,2.20,4.50,2026-09-14T01:37:56.194Z
AG8,PY40,4.70,4.70,4.00,2.30,4.70,2026-09-14T01:37:56.181Z
AG8,PY41,4.80,4.80,4.10,2.30,4.80,2026-09-14T01:37:56.184Z
AG8,SB1,8.80,8.80,7.50,4.30,8.80,2026-09-14T01:37:56.184Z
AG8,SB2,8.20,8.20,6.90,4.00,8.20,2026-09-14T01:37:56.312Z
AG8,SB3,7.50,7.50,6.40,3.70,7.50,2026-09-14T01:37:56.309Z
AG8,SB4,6.80,6.80,5.80,3.30,6.80,2026-09-14T01:37:56.310Z
AG8,SB5,6.10,6.10,5.20,3.00,6.10,2026-09-14T01:37:56.337Z
AG8,SB6,5.20,5.20,4.50,2.50,5.20,2026-09-14T01:37:56.377Z
AG8,SB7,4.40,4.40,3.80,2.10,4.40,2026-09-14T01:37:56.358Z
AG8,SP1,2.20,2.20,2.00,1.10,2.20,2026-09-14T01:37:56.355Z
AG8,SP10,1.30,1.30,1.20,0.60,1.30,2026-09-14T01:37:56.354Z
AG8,SP11,1.60,1.60,1.40,0.80,1.60,2026-09-14T01:37:56.498Z
AG8,SP12,2.00,2.00,1.80,1.00,2.00,2026-09-14T01:37:56.486Z
AG8,SP13,2.40,2.40,2.10,1.20,2.40,2026-09-14T01:37:56.483Z
AG8,SP14,2.80,2.80,2.50,1.40,2.80,2026-09-14T01:37:56.498Z
AG8,SP15,2.90,2.90,2.60,1.40,2.90,2026-09-14T01:37:56.525Z
AG8,SP16,3.20,3.20,2.90,1.60,3.20,2026-09-14T01:37:56.526Z
AG8,SP17,3.70,3.70,3.20,1.80,3.70,2026-09-14T01:37:56.526Z
AG8,SP18,3.90,3.90,3.40,1.90,3.90,2026-09-14T01:37:56.530Z
AG8,SP19,3.70,3.70,3.20,1.80,3.70,2026-09-14T01:37:56.651Z
AG8,SP2,2.00,2.00,1.80,1.00,2.00,2026-09-14T01:37:56.653Z
AG8,SP20,3.90,3.90,3.40,1.90,3.90,2026-09-14T01:37:56.672Z
AG8,SP21,4.10,4.10,3.60,2.00,4.10,2026-09-14T01:37:56.665Z
AG8,SP22,3.70,3.70,3.20,1.80,3.70,2026-09-14T01:37:56.704Z
AG8,SP24,4.10,4.10,3.50,2.00,4.10,2026-09-14T01:37:56.692Z
AG8,SP25,4.10,4.10,3.60,2.00,4.10,2026-09-14T01:37:56.702Z
AG8,SP26,3.60,3.60,3.10,1.80,3.60,2026-09-14T01:37:56.696Z
AG8,SP27,3.70,3.70,3.20,1.80,3.70,2026-09-14T01:37:56.835Z
AG8,SP28,3.80,3.80,3.40,1.90,3.80,2026-09-14T01:37:56.825Z
AG8,SP29,4.00,4.00,3.50,2.00,4.00,2026-09-14T01:37:56.835Z
AG8,SP3,2.00,2.00,1.80,1.00,2.00,2026-09-14T01:37:56.838Z
AG8,SP31,4.30,4.30,3.70,2.10,4.30,2026-09-14T01:37:56.853Z
AG8,SP4,1.70,1.70,1.50,0.80,1.70,2026-09-14T01:37:56.873Z
AG8,SP5,1.50,1.50,1.40,0.70,1.50,2026-09-14T01:37:56.877Z
AG8,SP6,1.30,1.30,1.20,0.60,1.30,2026-09-14T01:37:56.875Z
AG8,SP7,1.10,1.10,1.00,0.50,1.10,2026-09-14T01:37:56.994Z
AG8,SP8,0.80,0.80,0.80,0.40,0.80,2026-09-14T01:37:57.010Z
AG8,SP9,1.00,1.00,1.00,0.50,1.00,2026-09-14T01:37:57.018Z
AG9,KG04,4.30,4.30,3.70,2.10,4.30,2026-09-14T01:37:57.011Z
AG9,KG05,4.10,4.10,3.60,2.00,4.10,2026-09-14T01:37:57.020Z
AG9,KG06,4.30,4.30,3.80,2.10,4.30,2026-09-14T01:37:57.039Z
AG9,KG07,4.00,4.00,3.50,2.00,4.00,2026-09-14T01:37:57.061Z
AG9,KG08,3.70,3.70,3.20,1.80,3.70,2026-09-14T01:37:57.038Z
AG9,KG09,3.80,3.80,3.40,1.90,3.80,2026-09-14T01:37:57.163Z
AG9,KG10,3.40,3.40,3.00,1.70,3.40,2026-09-14T01:37:57.183Z
AG9,KG12,3.10,3.10,2.80,1.50,3.10,2026-09-14T01:37:57.179Z
AG9,KG13,2.70,2.70,2.40,1.30,2.70,2026-09-14T01:37:57.180Z
AG9,KG14,2.10,2.10,1.90,1.00,2.10,2026-09-14T01:37:57.189Z
AG9,KG15,1.60,1.60,1.50,0.80,1.60,2026-09-14T01:37:57.210Z
AG9,KG16,1.20,1.20,1.20,0.60,1.20,2026-09-14T01:37:57.209Z
AG9,KG17,1.00,1.00,1.00,0.50,1.00,2026-09-14T01:37:57.212Z
AG9,KG18A,1.40,1.40,1.30,0.70,1.40,2026-09-14T01:37:57.337Z
AG9,KG20,1.80,1.80,1.70,0.90,1.80,2026-09-14T01:37:57.356Z
AG9,KG21,2.20,2.20,2.00,1.10,2.20,2026-09-14T01:37:57.358Z
AG9,KG22,2.00,2.00,1.80,1.00,2.00,2026-09-14T01:37:57.358Z
AG9,KG23,2.50,2.50,2.30,1.30,2.50,2026-09-14T01:37:57.357Z
AG9,KG24,2.80,2.80,2.50,1.40,2.80,2026-09-14T01:37:57.358Z
AG9,KG25,3.10,3.10,2.80,1.50,3.10,2026-09-14T01:37:57.365Z
AG9,KG26,3.50,3.50,3.10,1.70,3.50,2026-09-14T01:37:57.368Z
AG9,KG27,4.00,4.00,3.50,1.90,4.00,2026-09-14T01:37:57.507Z
AG9,KG28,3.80,3.80,3.30,1.80,3.80,2026-09-14T01:37:57.531Z
AG9,KG29,4.00,4.00,3.60,2.00,4.00,2026-09-14T01:37:57.527Z
AG9,KG30,4.20,4.20,3.70,2.00,4.20,2026-09-14T01:37:57.530Z
AG9,KG31,4.50,4.50,3.90,2.20,4.50,2026-09-14T01:37:57.526Z
AG9,KG33,4.30,4.30,3.80,2.10,4.30,2026-09-14T01:37:57.530Z
AG9,KG34,4.40,4.40,3.90,2.20,4.40,2026-09-14T01:37:57.529Z
AG9,KG35,3.80,3.80,3.30,1.80,3.80,2026-09-14T01:37:57.530Z
AG9,KJ1,4.20,4.20,3.60,2.00,4.20,2026-09-14T01:37:57.688Z
AG9,KJ10,2.30,2.30,2.10,1.10,2.30,2026-09-14T01:37:57.713Z
AG9,KJ11,2.00,2.00,1.80,0.90,2.00,2026-09-14T01:37:57.711Z
AG9,KJ12,1.70,1.70,1.50,0.80,1.70,2026-09-14T01:37:57.714Z
AG9,KJ13,1.30,1.30,1.20,0.60,1.30,2026-09-14T01:37:57.714Z
AG9,KJ14,1.20,1.20,1.20,0.60,1.20,2026-09-14T01:37:57.715Z
AG9,KJ15,1.70,1.70,1.60,0.80,1.70,2026-09-14T01:37:57.730Z
AG9,KJ16,2.00,2.00,1.90,1.00,2.00,2026-09-14T01:37:57.714Z
AG9,KJ17,2.40,2.40,2.20,1.20,2.40,2026-09-14T01:37:57.862Z
AG9,KJ18,2.40,2.40,2.20,1.20,2.40,2026-09-14T01:37:57.892Z
AG9,KJ19,2.60,2.60,2.40,1.30,2.60,2026-09-14T01:37:57.891Z
AG9,KJ2,4.00,4.00,3.50,1.90,4.00,2026-09-14T01:37:57.885Z
AG9,KJ20,3.40,3.40,3.00,1.60,3.40,2026-09-14T01:37:57.886Z
AG9,KJ21,3.50,3.50,3.10,1.70,3.50,2026-09-14T01:37:57.892Z
AG9,KJ22,3.50,3.50,3.20,1.70,3.50,2026-09-14T01:37:57.886Z
AG9,KJ23,3.80,3.80,3.40,1.90,3.80,2026-09-14T01:37:57.895Z
AG9,KJ24,4.10,4.10,3.60,2.00,4.10,2026-09-14T01:37:58.050Z
AG9,KJ25,3.90,3.90,3.40,1.90,3.90,2026-09-14T01:37:58.057Z
AG9,KJ26,4.00,4.00,3.60,2.00,4.00,2026-09-14T01:37:58.059Z
AG9,KJ27,4.30,4.30,3.80,2.10,4.30,2026-09-14T01:37:58.059Z
AG9,KJ28,4.20,4.20,3.60,2.00,4.20,2026-09-14T01:37:58.060Z
AG9,KJ29,4.10,4.10,3.60,2.00,4.10,2026-09-14T01:37:58.056Z
AG9,KJ3,3.90,3.90,3.40,1.90,3.90,2026-09-14T01:37:58.057Z
AG9,KJ30,4.30,4.30,3.80,2.10,4.30,2026-09-14T01:37:58.066Z
AG9,KJ31,4.60,4.60,4.00,2.20,4.60,2026-09-14T01:37:58.234Z
AG9,KJ32,4.10,4.10,3.50,1.90,4.10,2026-09-14T01:37:58.240Z
AG9,KJ33,4.00,4.00,3.50,1.90,4.00,2026-09-14T01:37:58.240Z
AG9,KJ34,4.10,4.10,3.60,2.00,4.10,2026-09-14T01:37:58.259Z
AG9,KJ35,4.30,4.30,3.80,2.10,4.30,2026-09-14T01:37:58.237Z
AG9,KJ36,4.50,4.50,3.90,2.20,4.50,2026-09-14T01:37:58.235Z
AG9,KJ37,4.20,4.20,3.70,2.10,4.20,2026-09-14T01:37:58.235Z
AG9,KJ4,3.70,3.70,3.20,1.70,3.70,2026-09-14T01:37:58.258Z
AG9,KJ5,3.50,3.50,3.00,1.60,3.50,2026-09-14T01:37:58.407Z
AG9,KJ6,3.10,3.10,2.70,1.50,3.10,2026-09-14T01:37:58.406Z
AG9,KJ7,2.90,2.90,2.60,1.40,2.90,2026-09-14T01:37:58.405Z
AG9,KJ8,2.70,2.70,2.40,1.30,2.70,2026-09-14T01:37:58.405Z
AG9,KJ9,2.40,2.40,2.20,1.20,2.40,2026-09-14T01:37:58.407Z
AG9,MR1,2.80,2.80,2.50,1.40,2.80,2026-09-14T01:37:58.409Z
AG9,MR10,2.50,2.50,2.20,1.20,2.50,2026-09-14T01:37:58.422Z
AG9,MR11,2.00,2.00,1.80,1.00,2.00,2026-09-14T01:37:58.425Z
AG9,MR2,2.50,2.50,2.20,1.20,2.50,2026-09-14T01:37:58.555Z
AG9,MR3,1.50,1.50,1.40,0.70,1.50,2026-09-14T01:37:58.556Z
AG9,MR4,0.80,0.80,0.80,0.40,0.80,2026-09-14T01:37:58.562Z
AG9,MR5,1.20,1.20,1.10,0.50,1.20,2026-09-14T01:37:58.565Z
AG9,MR6,1.50,1.50,1.40,0.70,1.50,2026-09-14T01:37:58.582Z
AG9,MR7,1.90,1.90,1.70,0.90,1.90,2026-09-14T01:37:58.581Z
AG9,MR8,2.40,2.40,2.20,1.20,2.40,2026-09-14T01:37:58.599Z
AG9,MR9,2.90,2.90,2.60,1.40,2.90,2026-09-14T01:37:58.594Z
AG9,PY01,4.30,4.30,3.70,2.10,4.30,2026-09-14T01:37:58.708Z
AG9,PY03,4.20,4.20,3.70,2.10,4.20,2026-09-14T01:37:58.728Z
AG9,PY04,4.90,4.90,4.30,2.40,4.90,2026-09-14T01:37:58.719Z
AG9,PY05,4.70,4.70,4.10,2.30,4.70,2026-09-14T01:37:58.733Z
AG9,PY06,4.50,4.50,3.90,2.20,4.50,2026-09-14T01:37:58.748Z
AG9,PY07,4.20,4.20,3.70,2.10,4.20,2026-09-14T01:37:58.755Z
AG9,PY08,4.40,4.40,3.80,2.20,4.40,2026-09-14T01:37:58.754Z
AG9,PY09,4.40,4.40,3.80,2.10,4.40,2026-09-14T01:37:58.755Z
AG9,PY10,4.20,4.20,3.70,2.10,4.20,2026-09-14T01:37:58.886Z
AG9,PY11,4.00,4.00,3.50,1.90,4.00,2026-09-14T01:37:58.896Z
AG9,PY12,3.70,3.70,3.20,1.80,3.70,2026-09-14T01:37:58.904Z
AG9,PY13,3.40,3.40,3.00,1.60,3.40,2026-09-14T01:37:58.914Z
AG9,PY14,3.10,3.10,2.70,1.50,3.10,2026-09-14T01:37:58.910Z
AG9,PY15,2.80,2.80,2.50,1.40,2.80,2026-09-14T01:37:58.915Z
AG9,PY16,2.40,2.40,2.20,1.20,2.40,2026-09-14T01:37:58.915Z
AG9,PY17,2.00,2.00,1.80,1.00,2.00,2026-09-14T01:37:58.914Z
AG9,PY18,2.20,2.20,2.00,1.10,2.20,2026-09-14T01:37:59.061Z
AG9,PY19,2.60,2.60,2.30,1.30,2.60,2026-09-14T01:37:59.062Z
AG9,PY20,2.40,2.40,2.20,1.20,2.40,2026-09-14T01:37:59.078Z
AG9,PY21,2.30,2.30,2.10,1.10,2.30,2026-09-14T01:37:59.079Z
AG9,PY22,2.10,2.10,1.90,1.00,2.10,2026-09-14T01:37:59.085Z
AG9,PY23,1.80,1.80,1.70,0.90,1.80,2026-09-14T01:37:59.080Z
AG9,PY24,1.40,1.40,1.30,0.70,1.40,2026-09-14T01:37:59.086Z
AG9,PY27,2.80,2.80,2.50,1.40,2.80,2026-09-14T01:37:59.082Z
AG9,PY28,3.20,3.20,2.80,1.60,3.20,2026-09-14T01:37:59.234Z
AG9,PY29,3.10,3.10,2.70,1.50,3.10,2026-09-14T01:37:59.238Z
AG9,PY31,3.90,3.90,3.30,1.90,3.90,2026-09-14T01:37:59.254Z
AG9,PY32,4.20,4.20,3.60,2.00,4.20,2026-09-14T01:37:59.278Z
AG9,PY33,4.40,4.40,3.80,2.10,4.40,2026-09-14T01:37:59.253Z
AG9,PY34,4.30,4.30,3.70,2.10,4.30,2026-09-14T01:37:59.255Z
AG9,PY36,4.40,4.40,3.80,2.10,4.40,2026-09-14T01:37:59.254Z
AG9,PY37,4.60,4.60,4.00,2.30,4.60,2026-09-14T01:37:59.258Z
AG9,PY38,4.70,4.70,4.10,2.30,4.70,2026-09-14T01:37:59.406Z
AG9,PY39,4.30,4.30,3.70,2.10,4.30,2026-09-14T01:37:59.403Z
AG9,PY40,4.50,4.50,3.90,2.20,4.50,2026-09-14T01:37:59.419Z
AG9,PY41,4.60,4.60,4.00,2.20,4.60,2026-09-14T01:37:59.420Z
AG9,SB1,9.00,9.00,7.70,4.40,9.00,2026-09-14T01:37:59.420Z
AG9,SB2,8.40,8.40,7.10,4.10,8.40,2026-09-14T01:37:59.422Z
AG9,SB3,7.70,7.70,6.60,3.80,7.70,2026-09-14T01:37:59.417Z
AG9,SB4,7.00,7.00,6.00,3.40,7.00,2026-09-14T01:37:59.445Z
AG9,SB5,6.30,6.30,5.40,3.10,6.30,2026-09-14T01:37:59.577Z
AG9,SB6,5.40,5.40,4.70,2.60,5.40,2026-09-14T01:37:59.575Z
AG9,SB7,4.60,4.60,4.00,2.20,4.60,2026-09-14T01:37:59.585Z
AG9,SP1,2.40,2.40,2.10,1.20,2.40,2026-09-14T01:37:59.578Z
AG9,SP10,1.10,1.10,1.00,0.50,1.10,2026-09-14T01:37:59.578Z
AG9,SP11,1.40,1.40,1.30,0.70,1.40,2026-09-14T01:37:59.578Z
AG9,SP12,1.90,1.90,1.80,1.00,1.90,2026-09-14T01:37:59.584Z
AG9,SP13,2.20,2.20,2.00,1.10,2.20,2026-09-14T01:37:59.601Z
AG9,SP14,2.70,2.70,2.30,1.30,2.70,2026-09-14T01:37:59.747Z
AG9,SP15,3.10,3.10,2.70,1.60,3.10,2026-09-14T01:37:59.753Z
AG9,SP16,3.10,3.10,2.70,1.50,3.10,2026-09-14T01:37:59.753Z
AG9,SP17,3.60,3.60,3.10,1.70,3.60,2026-09-14T01:37:59.752Z
AG9,SP18,3.70,3.70,3.30,1.80,3.70,2026-09-14T01:37:59.750Z
AG9,SP19,3.60,3.60,3.10,1.70,3.60,2026-09-14T01:37:59.749Z
AG9,SP2,2.10,2.10,1.90,1.10,2.10,2026-09-14T01:37:59.755Z
AG9,SP20,3.80,3.80,3.30,1.80,3.80,2026-09-14T01:37:59.765Z
AG9,SP21,4.00,4.00,3.50,1.90,4.00,2026-09-14T01:37:59.926Z
AG9,SP22,4.20,4.20,3.70,2.10,4.20,2026-09-14T01:37:59.933Z
AG9,SP24,4.00,4.00,3.50,1.90,4.00,2026-09-14T01:37:59.927Z
AG9,SP25,4.20,4.20,3.70,2.10,4.20,2026-09-14T01:37:59.924Z
AG9,SP26,3.50,3.50,3.10,1.70,3.50,2026-09-14T01:37:59.922Z
AG9,SP27,3.60,3.60,3.20,1.80,3.60,2026-09-14T01:37:59.922Z
AG9,SP28,3.80,3.80,3.30,1.80,3.80,2026-09-14T01:37:59.926Z
AG9,SP29,4.00,4.00,3.40,1.90,4.00,2026-09-14T01:37:59.963Z
AG9,SP3,2.00,2.00,1.80,1.00,2.00,2026-09-14T01:38:00.081Z
AG9,SP31,4.20,4.20,3.70,2.10,4.20,2026-09-14T01:38:00.093Z
AG9,SP4,1.90,1.90,1.70,0.90,1.90,2026-09-14T01:38:00.084Z
AG9,SP5,1.70,1.70,1.50,0.80,1.70,2026-09-14T01:38:00.092Z
AG9,SP6,1.50,1.50,1.40,0.70,1.50,2026-09-14T01:38:00.084Z
AG9,SP7,1.30,1.30,1.20,0.60,1.30,2026-09-14T01:38:00.109Z
AG9,SP8,1.00,1.00,1.00,0.50,1.00,2026-09-14T01:38:00.103Z
AG9,SP9,0.80,0.80,0.80,0.40,0.80,2026-09-14T01:38:00.123Z
KG04,KG05,1.20,1.20,1.10,0.60,1.20,2026-09-14T01:38:00.243Z
KG04,KG06,1.90,1.90,1.70,0.90,1.90,2026-09-14T01:38:00.270Z
KG04,KG07,2.30,2.30,2.10,1.20,2.30,2026-09-14T01:38:00.257Z
KG04,KG08,2.80,2.80,2.50,1.40,2.80,2026-09-14T01:38:00.254Z
KG04,KG09,2.90,2.90,2.60,1.40,2.90,2026-09-14T01:38:00.277Z
KG04,KG10,3.30,3.30,2.90,1.60,3.30,2026-09-14T01:38:00.281Z
KG04,KG12,3.70,3.70,3.20,1.80,3.70,2026-09-14T01:38:00.272Z
KG04,KG13,3.70,3.70,3.30,1.80,3.70,2026-09-14T01:38:00.283Z
KG04,KG14,4.20,4.20,3.70,2.10,4.20,2026-09-14T01:38:00.426Z
KG04,KG15,3.80,3.80,3.30,1.80,3.80,2026-09-14T01:38:00.428Z
KG04,KG16,4.00,4.00,3.50,1.90,4.00,2026-09-14T01:38:00.441Z
KG04,KG17,4.10,4.10,3.50,2.00,4.10,2026-09-14T01:38:00.449Z
KG04,KG18A,4.10,4.10,3.60,2.00,4.10,2026-09-14T01:38:00.448Z
KG04,KG20,3.60,3.60,3.10,1.70,3.60,2026-09-14T01:38:00.451Z
KG04,KG21,3.70,3.70,3.20,1.80,3.70,2026-09-14T01:38:00.454Z
KG04,KG22,3.80,3.80,3.30,1.90,3.80,2026-09-14T01:38:00.451Z
KG04,KG23,4.00,4.00,3.50,2.00,4.00,2026-09-14T01:38:00.612Z
KG04,KG24,4.10,4.10,3.60,2.00,4.10,2026-09-14T01:38:00.597Z
KG04,KG25,4.30,4.30,3.70,2.10,4.30,2026-09-14T01:38:00.620Z
KG04,KG26,4.50,4.50,3.90,2.20,4.50,2026-09-14T01:38:00.616Z
KG04,KG27,4.70,4.70,4.10,2.30,4.70,2026-09-14T01:38:00.617Z
KG04,KG28,4.90,4.90,4.20,2.40,4.90,2026-09-14T01:38:00.618Z
KG04,KG29,5.00,5.00,4.40,2.50,5.00,2026-09-14T01:38:00.616Z
KG04,KG30,5.10,5.10,4.40,2.50,5.10,2026-09-14T01:38:00.622Z
KG04,KG31,5.30,5.30,4.60,2.60,5.30,2026-09-14T01:38:00.769Z
KG04,KG33,5.70,5.70,4.90,2.80,5.70,2026-09-14T01:38:00.788Z
KG04,KG34,5.80,5.80,5.00,2.80,5.80,2026-09-14T01:38:00.786Z
KG04,KG35,5.90,5.90,5.10,2.90,5.90,2026-09-14T01:38:00.791Z
KG04,KJ1,7.00,7.00,6.00,3.40,7.00,2026-09-14T01:38:00.788Z
KG04,KJ10,5.20,5.20,4.50,2.50,5.20,2026-09-14T01:38:00.789Z
KG04,KJ11,5.00,5.00,4.30,2.40,5.00,2026-09-14T01:38:00.792Z
KG04,KJ12,4.70,4.70,4.00,2.30,4.70,2026-09-14T01:38:00.793Z
KG04,KJ13,4.30,4.30,3.70,2.10,4.30,2026-09-14T01:38:00.950Z
KG04,KJ14,4.00,4.00,3.50,1.90,4.00,2026-09-14T01:38:00.959Z
KG04,KJ15,4.50,4.50,3.90,2.10,4.50,2026-09-14T01:38:00.964Z
KG04,KJ16,4.80,4.80,4.20,2.30,4.80,2026-09-14T01:38:00.967Z
KG04,KJ17,5.20,5.20,4.50,2.50,5.20,2026-09-14T01:38:00.957Z
KG04,KJ18,5.20,5.20,4.50,2.50,5.20,2026-09-14T01:38:00.959Z
KG04,KJ19,5.40,5.40,4.70,2.60,5.40,2026-09-14T01:38:00.953Z
KG04,KJ2,6.70,6.70,5.70,3.20,6.70,2026-09-14T01:38:00.965Z
KG04,KJ20,6.10,6.10,5.20,2.90,6.10,2026-09-14T01:38:01.106Z
KG04,KJ21,6.30,6.30,5.40,3.10,6.30,2026-09-14T01:38:01.139Z
KG04,KJ22,6.20,6.20,5.40,3.00,6.20,2026-09-14T01:38:01.124Z
KG04,KJ23,6.50,6.50,5.60,3.20,6.50,2026-09-14T01:38:01.125Z
KG04,KJ24,6.80,6.80,5.80,3.30,6.80,2026-09-14T01:38:01.138Z
KG04,KJ25,6.60,6.60,5.60,3.20,6.60,2026-09-14T01:38:01.120Z
KG04,KJ26,6.70,6.70,5.80,3.30,6.70,2026-09-14T01:38:01.124Z
KG04,KJ27,7.00,7.00,6.00,3.40,7.00,2026-09-14T01:38:01.124Z
KG04,KJ28,7.20,7.20,6.00,3.50,7.20,2026-09-14T01:38:01.275Z
KG04,KJ29,6.80,6.80,5.80,3.30,6.80,2026-09-14T01:38:01.348Z
KG04,KJ3,6.80,6.80,5.80,3.30,6.80,2026-09-14T01:38:01.299Z
KG04,KJ30,7.00,7.00,6.00,3.40,7.00,2026-09-14T01:38:01.283Z
KG04,KJ31,7.30,7.30,6.20,3.50,7.30,2026-09-14T01:38:01.281Z
KG04,KJ32,7.10,7.10,5.90,3.40,7.10,2026-09-14T01:38:01.287Z
KG04,KJ33,6.70,6.70,5.70,3.20,6.70,2026-09-14T01:38:01.309Z
KG04,KJ34,6.80,6.80,5.80,3.30,6.80,2026-09-14T01:38:01.366Z
KG04,KJ35,7.00,7.00,6.00,3.40,7.00,2026-09-14T01:38:01.440Z
KG04,KJ36,7.20,7.20,6.10,3.50,7.20,2026-09-14T01:38:01.458Z
KG04,KJ37,7.00,7.00,5.90,3.50,7.00,2026-09-14T01:38:01.459Z
KG04,KJ4,6.50,6.50,5.60,3.20,6.50,2026-09-14T01:38:01.684Z
KG04,KJ5,6.40,6.40,5.40,3.10,6.40,2026-09-14T01:38:01.462Z
KG04,KJ6,6.10,6.10,5.20,3.00,6.10,2026-09-14T01:38:01.469Z
KG04,KJ7,6.00,6.00,5.10,2.90,6.00,2026-09-14T01:38:01.512Z
KG04,KJ8,5.70,5.70,4.90,2.80,5.70,2026-09-14T01:38:01.514Z
KG04,KJ9,5.40,5.40,4.70,2.60,5.40,2026-09-14T01:38:01.626Z
KG04,MR1,6.20,6.20,5.30,3.10,6.20,2026-09-14T01:38:01.627Z
KG04,MR10,4.60,4.60,4.00,2.20,4.60,2026-09-14T01:38:01.625Z
KG04,MR11,3.90,3.90,3.40,1.90,3.90,2026-09-14T01:38:01.631Z
KG04,MR2,5.90,5.90,5.00,2.90,5.90,2026-09-14T01:38:01.639Z
KG04,MR3,4.90,4.90,4.20,2.40,4.90,2026-09-14T01:38:01.666Z
KG04,MR4,4.30,4.30,3.70,2.10,4.30,2026-09-14T01:38:01.682Z
KG04,MR5,4.60,4.60,3.90,2.20,4.60,2026-09-14T01:38:01.796Z
KG04,MR6,4.90,4.90,4.20,2.40,4.90,2026-09-14T01:38:01.798Z
KG04,MR7,5.30,5.30,4.50,2.60,5.30,2026-09-14T01:38:01.795Z
KG04,MR8,5.50,5.50,4.80,2.70,5.50,2026-09-14T01:38:01.795Z
KG04,MR9,5.20,5.20,4.50,2.60,5.20,2026-09-14T01:38:01.811Z
KG04,PY01,0.80,0.80,0.80,0.40,0.80,2026-09-14T01:38:01.823Z
KG04,PY03,1.60,1.60,1.50,0.80,1.60,2026-09-14T01:38:01.837Z
KG04,PY04,2.00,2.00,1.80,1.00,2.00,2026-09-14T01:38:01.837Z
KG04,PY05,2.20,2.20,2.00,1.10,2.20,2026-09-14T01:38:01.967Z
KG04,PY06,2.70,2.70,2.40,1.40,2.70,2026-09-14T01:38:01.970Z
KG04,PY07,3.10,3.10,2.70,1.60,3.10,2026-09-14T01:38:01.966Z
KG04,PY08,3.10,3.10,2.70,1.50,3.10,2026-09-14T01:38:01.973Z
KG04,PY09,3.50,3.50,3.00,1.70,3.50,2026-09-14T01:38:01.987Z
KG04,PY10,3.70,3.70,3.20,1.80,3.70,2026-09-14T01:38:01.980Z
KG04,PY11,3.90,3.90,3.40,1.90,3.90,2026-09-14T01:38:01.986Z
KG04,PY12,3.60,3.60,3.10,1.70,3.60,2026-09-14T01:38:02.005Z
KG04,PY13,3.80,3.80,3.30,1.80,3.80,2026-09-14T01:38:02.138Z
KG04,PY14,4.00,4.00,3.50,2.00,4.00,2026-09-14T01:38:02.137Z
KG04,PY15,4.10,4.10,3.60,2.00,4.10,2026-09-14T01:38:02.139Z
KG04,PY16,3.70,3.70,3.20,1.80,3.70,2026-09-14T01:38:02.136Z
KG04,PY17,3.90,3.90,3.40,1.90,3.90,2026-09-14T01:38:02.144Z
KG04,PY18,4.00,4.00,3.50,1.90,4.00,2026-09-14T01:38:02.140Z
KG04,PY19,4.20,4.20,3.60,2.00,4.20,2026-09-14T01:38:02.148Z
KG04,PY20,4.20,4.20,3.60,2.00,4.20,2026-09-14T01:38:02.168Z
KG04,PY21,3.50,3.50,3.10,1.70,3.50,2026-09-14T01:38:02.325Z
KG04,PY22,3.60,3.60,3.20,1.80,3.60,2026-09-14T01:38:02.324Z
KG04,PY23,3.60,3.60,3.10,1.70,3.60,2026-09-14T01:38:02.314Z
KG04,PY24,3.90,3.90,3.40,1.90,3.90,2026-09-14T01:38:02.323Z
KG04,PY27,4.50,4.50,3.90,2.20,4.50,2026-09-14T01:38:02.330Z
KG04,PY28,4.60,4.60,4.00,2.30,4.60,2026-09-14T01:38:02.323Z
KG04,PY29,4.90,4.90,4.20,2.40,4.90,2026-09-14T01:38:02.326Z
KG04,PY31,5.10,5.10,4.40,2.50,5.10,2026-09-14T01:38:02.343Z
KG04,PY32,5.30,5.30,4.60,2.60,5.30,2026-09-14T01:38:02.478Z
KG04,PY33,5.40,5.40,4.60,2.60,5.40,2026-09-14T01:38:02.495Z
KG04,PY34,5.60,5.60,4.80,2.70,5.60,2026-09-14T01:38:02.497Z
KG04,PY36,6.10,6.10,5.20,3.00,6.10,2026-09-14T01:38:02.496Z
KG04,PY37,6.20,6.20,5.40,3.10,6.20,2026-09-14T01:38:02.498Z
KG04,PY38,6.40,6.40,5.40,3.10,6.40,2026-09-14T01:38:02.499Z
KG04,PY39,6.60,6.60,5.60,3.20,6.60,2026-09-14T01:38:02.499Z
KG04,PY40,6.70,6.70,5.70,3.30,6.70,2026-09-14T01:38:02.512Z
KG04,PY41,6.90,6.90,5.80,3.30,6.90,2026-09-14T01:38:02.646Z
KG04,SB1,11.70,11.70,9.90,5.70,11.70,2026-09-14T01:38:02.664Z
KG04,SB2,11.10,11.10,9.30,5.40,11.10,2026-09-14T01:38:02.666Z
KG04,SB3,10.40,10.40,8.80,5.10,10.40,2026-09-14T01:38:02.666Z
KG04,SB4,9.70,9.70,8.20,4.70,9.70,2026-09-14T01:38:02.667Z
KG04,SB5,9.00,9.00,7.60,4.40,9.00,2026-09-14T01:38:02.665Z
KG04,SB6,8.10,8.10,6.90,3.90,8.10,2026-09-14T01:38:02.668Z
KG04,SB7,7.30,7.30,6.20,3.50,7.30,2026-09-14T01:38:02.669Z
KG04,SP1,4.40,4.40,3.80,2.10,4.40,2026-09-14T01:38:02.807Z
KG04,SP10,4.20,4.20,3.70,2.10,4.20,2026-09-14T01:38:02.840Z
KG04,SP11,3.90,3.90,3.40,1.90,3.90,2026-09-14T01:38:02.836Z
KG04,SP12,4.40,4.40,3.80,2.20,4.40,2026-09-14T01:38:02.839Z
KG04,SP13,4.90,4.90,4.20,2.40,4.90,2026-09-14T01:38:02.843Z
KG04,SP14,5.20,5.20,4.50,2.60,5.20,2026-09-14T01:38:02.841Z
KG04,SP15,5.30,5.30,4.60,2.60,5.30,2026-09-14T01:38:02.842Z
KG04,SP16,4.90,4.90,4.20,2.40,4.90,2026-09-14T01:38:02.842Z
KG04,SP17,5.50,5.50,4.70,2.70,5.50,2026-09-14T01:38:02.976Z
KG04,SP18,5.80,5.80,4.90,2.80,5.80,2026-09-14T01:38:03.008Z
KG04,SP19,6.20,6.20,5.30,3.00,6.20,2026-09-14T01:38:03.021Z
KG04,SP2,4.10,4.10,3.60,2.00,4.10,2026-09-14T01:38:03.012Z
KG04,SP20,6.30,6.30,5.40,3.20,6.30,2026-09-14T01:38:03.011Z
KG04,SP21,6.60,6.60,5.60,3.30,6.60,2026-09-14T01:38:03.012Z
KG04,SP22,6.80,6.80,5.80,3.40,6.80,2026-09-14T01:38:03.013Z
KG04,SP24,6.60,6.60,5.70,3.30,6.60,2026-09-14T01:38:03.012Z
KG04,SP25,6.90,6.90,5.90,3.40,6.90,2026-09-14T01:38:03.148Z
KG04,SP26,6.80,6.80,5.70,3.40,6.80,2026-09-14T01:38:03.181Z
KG04,SP27,6.90,6.90,5.80,3.40,6.90,2026-09-14T01:38:03.181Z
KG04,SP28,6.50,6.50,5.50,3.20,6.50,2026-09-14T01:38:03.181Z
KG04,SP29,6.70,6.70,5.70,3.30,6.70,2026-09-14T01:38:03.185Z
KG04,SP3,3.90,3.90,3.40,1.90,3.90,2026-09-14T01:38:03.348Z
KG04,SP31,7.00,7.00,5.90,3.50,7.00,2026-09-14T01:38:03.182Z
KG04,SP4,4.20,4.20,3.60,2.00,4.20,2026-09-14T01:38:03.187Z
KG04,SP5,4.40,4.40,3.80,2.10,4.40,2026-09-14T01:38:03.318Z
KG04,SP6,4.50,4.50,3.90,2.20,4.50,2026-09-14T01:38:03.356Z
KG04,SP7,4.30,4.30,3.70,2.10,4.30,2026-09-14T01:38:03.353Z
KG04,SP8,4.10,4.10,3.50,2.00,4.10,2026-09-14T01:38:03.349Z
KG04,SP9,4.30,4.30,3.70,2.10,4.30,2026-09-14T01:38:03.361Z
KG05,KG06,1.70,1.70,1.50,0.80,1.70,2026-09-14T01:38:03.359Z
KG05,KG07,2.00,2.00,1.80,1.00,2.00,2026-09-14T01:38:03.354Z
KG05,KG08,2.50,2.50,2.20,1.30,2.50,2026-09-14T01:38:03.501Z
KG05,KG09,3.00,3.00,2.60,1.50,3.00,2026-09-14T01:38:03.510Z
KG05,KG10,3.10,3.10,2.70,1.50,3.10,2026-09-14T01:38:03.532Z
KG05,KG12,3.40,3.40,3.00,1.70,3.40,2026-09-14T01:38:03.527Z
KG05,KG13,3.50,3.50,3.10,1.70,3.50,2026-09-14T01:38:03.528Z
KG05,KG14,4.00,4.00,3.50,2.00,4.00,2026-09-14T01:38:03.527Z
KG05,KG15,4.30,4.30,3.70,2.10,4.30,2026-09-14T01:38:03.533Z
KG05,KG16,3.80,3.80,3.30,1.90,3.80,2026-09-14T01:38:03.529Z
KG05,KG17,3.90,3.90,3.40,1.90,3.90,2026-09-14T01:38:03.666Z
KG05,KG18A,4.10,4.10,3.50,2.00,4.10,2026-09-14T01:38:03.686Z
KG05,KG20,4.10,4.10,3.50,2.00,4.10,2026-09-14T01:38:03.705Z
KG05,KG21,3.60,3.60,3.10,1.70,3.60,2026-09-14T01:38:03.701Z
KG05,KG22,3.70,3.70,3.20,1.80,3.70,2026-09-14T01:38:03.704Z
KG05,KG23,3.90,3.90,3.40,1.90,3.90,2026-09-14T01:38:03.701Z
KG05,KG24,4.00,4.00,3.50,1.90,4.00,2026-09-14T01:38:03.700Z
KG05,KG25,4.20,4.20,3.60,2.00,4.20,2026-09-14T01:38:03.696Z
KG05,KG26,4.30,4.30,3.80,2.10,4.30,2026-09-14T01:38:03.841Z
KG05,KG27,4.60,4.60,4.00,2.20,4.60,2026-09-14T01:38:03.855Z
KG05,KG28,4.70,4.70,4.10,2.30,4.70,2026-09-14T01:38:03.868Z
KG05,KG29,4.90,4.90,4.20,2.40,4.90,2026-09-14T01:38:03.868Z
KG05,KG30,5.00,5.00,4.30,2.50,5.00,2026-09-14T01:38:03.861Z
KG05,KG31,5.20,5.20,4.50,2.60,5.20,2026-09-14T01:38:03.863Z
KG05,KG33,5.60,5.60,4.80,2.70,5.60,2026-09-14T01:38:03.862Z
KG05,KG34,5.60,5.60,4.90,2.80,5.60,2026-09-14T01:38:03.865Z
KG05,KG35,5.80,5.80,5.00,2.90,5.80,2026-09-14T01:38:04.011Z
KG05,KJ1,6.80,6.80,5.80,3.40,6.80,2026-09-14T01:38:04.046Z
KG05,KJ10,5.00,5.00,4.30,2.50,5.00,2026-09-14T01:38:04.019Z
KG05,KJ11,4.80,4.80,4.20,2.30,4.80,2026-09-14T01:38:04.032Z
KG05,KJ12,4.50,4.50,3.90,2.20,4.50,2026-09-14T01:38:04.041Z
KG05,KJ13,4.10,4.10,3.60,2.00,4.10,2026-09-14T01:38:04.050Z
KG05,KJ14,3.80,3.80,3.30,1.90,3.80,2026-09-14T01:38:04.047Z
KG05,KJ15,4.30,4.30,3.70,2.10,4.30,2026-09-14T01:38:04.047Z
KG05,KJ16,4.60,4.60,4.00,2.30,4.60,2026-09-14T01:38:04.180Z
KG05,KJ17,5.00,5.00,4.30,2.50,5.00,2026-09-14T01:38:04.192Z
KG05,KJ18,5.00,5.00,4.30,2.50,5.00,2026-09-14T01:38:04.194Z
KG05,KJ19,5.20,5.20,4.50,2.60,5.20,2026-09-14T01:38:04.208Z
KG05,KJ2,6.50,6.50,5.50,3.20,6.50,2026-09-14T01:38:04.213Z
KG05,KJ20,5.90,5.90,5.00,2.90,5.90,2026-09-14T01:38:04.220Z
KG05,KJ21,6.10,6.10,5.20,3.10,6.10,2026-09-14T01:38:04.210Z
KG05,KJ22,6.00,6.00,5.20,3.00,6.00,2026-09-14T01:38:04.219Z
KG05,KJ23,6.30,6.30,5.40,3.20,6.30,2026-09-14T01:38:04.353Z
KG05,KJ24,6.60,6.60,5.60,3.30,6.60,2026-09-14T01:38:04.355Z
KG05,KJ25,6.40,6.40,5.40,3.20,6.40,2026-09-14T01:38:04.366Z
KG05,KJ26,6.50,6.50,5.60,3.30,6.50,2026-09-14T01:38:04.382Z
KG05,KJ27,6.80,6.80,5.80,3.40,6.80,2026-09-14T01:38:04.385Z
KG05,KJ28,7.00,7.00,5.90,3.40,7.00,2026-09-14T01:38:04.380Z
KG05,KJ29,6.60,6.60,5.60,3.30,6.60,2026-09-14T01:38:04.379Z
KG05,KJ3,6.60,6.60,5.60,3.30,6.60,2026-09-14T01:38:04.393Z
KG05,KJ30,6.80,6.80,5.80,3.40,6.80,2026-09-14T01:38:04.507Z
KG05,KJ31,7.10,7.10,6.00,3.50,7.10,2026-09-14T01:38:04.518Z
KG05,KJ32,6.90,6.90,5.80,3.30,6.90,2026-09-14T01:38:04.530Z
KG05,KJ33,6.50,6.50,5.50,3.20,6.50,2026-09-14T01:38:04.553Z
KG05,KJ34,6.60,6.60,5.60,3.30,6.60,2026-09-14T01:38:04.551Z
KG05,KJ35,6.80,6.80,5.80,3.40,6.80,2026-09-14T01:38:04.552Z
KG05,KJ36,7.00,7.00,5.90,3.50,7.00,2026-09-14T01:38:04.555Z
KG05,KJ37,6.90,6.90,5.80,3.40,6.90,2026-09-14T01:38:04.553Z
KG05,KJ4,6.30,6.30,5.40,3.10,6.30,2026-09-14T01:38:04.660Z
KG05,KJ5,6.20,6.20,5.30,3.00,6.20,2026-09-14T01:38:04.696Z
KG05,KJ6,5.90,5.90,5.10,2.90,5.90,2026-09-14T01:38:04.712Z
KG05,KJ7,5.80,5.80,4.90,2.80,5.80,2026-09-14T01:38:04.709Z
KG05,KJ8,5.50,5.50,4.70,2.70,5.50,2026-09-14T01:38:04.716Z
KG05,KJ9,5.20,5.20,4.50,2.60,5.20,2026-09-14T01:38:04.709Z
KG05,MR1,6.00,6.00,5.20,3.00,6.00,2026-09-14T01:38:04.719Z
KG05,MR10,5.00,5.00,4.30,2.40,5.00,2026-09-14T01:38:04.728Z
KG05,MR11,4.30,4.30,3.70,2.10,4.30,2026-09-14T01:38:04.829Z
KG05,MR2,5.70,5.70,4.90,2.80,5.70,2026-09-14T01:38:04.857Z
KG05,MR3,4.70,4.70,4.10,2.30,4.70,2026-09-14T01:38:04.873Z
KG05,MR4,4.10,4.10,3.60,2.00,4.10,2026-09-14T01:38:04.869Z
KG05,MR5,4.40,4.40,3.80,2.10,4.40,2026-09-14T01:38:04.878Z
KG05,MR6,4.70,4.70,4.10,2.30,4.70,2026-09-14T01:38:04.871Z
KG05,MR7,5.10,5.10,4.40,2.50,5.10,2026-09-14T01:38:04.873Z
KG05,MR8,5.60,5.60,4.90,2.80,5.60,2026-09-14T01:38:04.875Z
KG05,MR9,5.60,5.60,4.80,2.80,5.60,2026-09-14T01:38:04.995Z
KG05,PY01,1.20,1.20,1.10,0.60,1.20,2026-09-14T01:38:05.043Z
KG05,PY03,2.00,2.00,1.80,1.00,2.00,2026-09-14T01:38:05.034Z
KG05,PY04,2.40,2.40,2.10,1.20,2.40,2026-09-14T01:38:05.036Z
KG05,PY05,2.60,2.60,2.30,1.30,2.60,2026-09-14T01:38:05.039Z
KG05,PY06,3.10,3.10,2.70,1.60,3.10,2026-09-14T01:38:05.045Z
KG05,PY07,3.60,3.60,3.10,1.80,3.60,2026-09-14T01:38:05.040Z
KG05,PY08,3.50,3.50,3.00,1.70,3.50,2026-09-14T01:38:05.045Z
KG05,PY09,3.90,3.90,3.30,1.90,3.90,2026-09-14T01:38:05.160Z
KG05,PY10,4.10,4.10,3.50,2.00,4.10,2026-09-14T01:38:05.212Z
KG05,PY11,4.30,4.30,3.70,2.10,4.30,2026-09-14T01:38:05.203Z
KG05,PY12,4.00,4.00,3.40,1.90,4.00,2026-09-14T01:38:05.210Z
KG05,PY13,4.20,4.20,3.60,2.00,4.20,2026-09-14T01:38:05.210Z
KG05,PY14,4.40,4.40,3.80,2.20,4.40,2026-09-14T01:38:05.207Z
KG05,PY15,4.50,4.50,3.90,2.20,4.50,2026-09-14T01:38:05.212Z
KG05,PY16,4.10,4.10,3.50,2.00,4.10,2026-09-14T01:38:05.214Z
KG05,PY17,4.30,4.30,3.70,2.10,4.30,2026-09-14T01:38:05.333Z
KG05,PY18,4.40,4.40,3.80,2.10,4.40,2026-09-14T01:38:05.372Z
KG05,PY19,4.60,4.60,3.90,2.20,4.60,2026-09-14T01:38:05.373Z
KG05,PY20,4.70,4.70,4.10,2.30,4.70,2026-09-14T01:38:05.401Z
KG05,PY21,3.90,3.90,3.40,1.90,3.90,2026-09-14T01:38:05.379Z
KG05,PY22,4.00,4.00,3.50,2.00,4.00,2026-09-14T01:38:05.372Z
KG05,PY23,4.10,4.10,3.50,2.00,4.10,2026-09-14T01:38:05.379Z
KG05,PY24,4.30,4.30,3.70,2.10,4.30,2026-09-14T01:38:05.373Z
KG05,PY27,4.90,4.90,4.20,2.40,4.90,2026-09-14T01:38:05.510Z
KG05,PY28,5.00,5.00,4.30,2.50,5.00,2026-09-14T01:38:05.562Z
KG05,PY29,5.30,5.30,4.50,2.60,5.30,2026-09-14T01:38:05.547Z
KG05,PY31,5.50,5.50,4.70,2.70,5.50,2026-09-14T01:38:05.561Z
KG05,PY32,5.70,5.70,4.90,2.80,5.70,2026-09-14T01:38:05.551Z
KG05,PY33,5.80,5.80,4.90,2.80,5.80,2026-09-14T01:38:05.548Z
KG05,PY34,6.00,6.00,5.10,2.90,6.00,2026-09-14T01:38:05.549Z
KG05,PY36,6.50,6.50,5.50,3.20,6.50,2026-09-14T01:38:05.554Z
KG05,PY37,6.60,6.60,5.70,3.30,6.60,2026-09-14T01:38:05.680Z
KG05,PY38,6.90,6.90,5.90,3.40,6.90,2026-09-14T01:38:05.721Z
KG05,PY39,7.10,7.10,6.00,3.50,7.10,2026-09-14T01:38:05.719Z
KG05,PY40,7.30,7.30,6.20,3.60,7.30,2026-09-14T01:38:05.721Z
KG05,PY41,7.40,7.40,6.30,3.60,7.40,2026-09-14T01:38:05.722Z
KG05,SB1,11.50,11.50,9.70,5.70,11.50,2026-09-14T01:38:05.722Z
KG05,SB2,10.90,10.90,9.10,5.40,10.90,2026-09-14T01:38:05.724Z
KG05,SB3,10.20,10.20,8.60,5.10,10.20,2026-09-14T01:38:05.729Z
KG05,SB4,9.50,9.50,8.00,4.70,9.50,2026-09-14T01:38:05.847Z
KG05,SB5,8.80,8.80,7.40,4.40,8.80,2026-09-14T01:38:05.896Z
KG05,SB6,7.90,7.90,6.70,3.90,7.90,2026-09-14T01:38:05.896Z
KG05,SB7,7.10,7.10,6.00,3.50,7.10,2026-09-14T01:38:05.916Z
KG05,SP1,4.80,4.80,4.10,2.30,4.80,2026-09-14T01:38:05.892Z
KG05,SP10,4.40,4.40,3.80,2.10,4.40,2026-09-14T01:38:05.895Z
KG05,SP11,4.30,4.30,3.70,2.10,4.30,2026-09-14T01:38:05.896Z
KG05,SP12,4.30,4.30,3.70,2.10,4.30,2026-09-14T01:38:05.897Z
KG05,SP13,4.80,4.80,4.10,2.30,4.80,2026-09-14T01:38:06.014Z
KG05,SP14,5.10,5.10,4.40,2.50,5.10,2026-09-14T01:38:06.071Z
KG05,SP15,5.60,5.60,4.80,2.70,5.60,2026-09-14T01:38:06.065Z
KG05,SP16,5.30,5.30,4.50,2.60,5.30,2026-09-14T01:38:06.061Z
KG05,SP17,5.90,5.90,5.00,2.90,5.90,2026-09-14T01:38:06.067Z
KG05,SP18,6.20,6.20,5.20,3.00,6.20,2026-09-14T01:38:06.065Z
KG05,SP19,6.60,6.60,5.60,3.20,6.60,2026-09-14T01:38:06.063Z
KG05,SP2,4.50,4.50,3.90,2.20,4.50,2026-09-14T01:38:06.097Z
KG05,SP20,6.20,6.20,5.30,3.10,6.20,2026-09-14T01:38:06.170Z
KG05,SP21,6.50,6.50,5.50,3.20,6.50,2026-09-14T01:38:06.232Z
KG05,SP22,6.70,6.70,5.70,3.30,6.70,2026-09-14T01:38:06.238Z
KG05,SP24,6.50,6.50,5.60,3.20,6.50,2026-09-14T01:38:06.237Z
KG05,SP25,6.80,6.80,5.80,3.30,6.80,2026-09-14T01:38:06.236Z
KG05,SP26,6.60,6.60,5.60,3.30,6.60,2026-09-14T01:38:06.235Z
KG05,SP27,6.70,6.70,5.70,3.30,6.70,2026-09-14T01:38:06.242Z
KG05,SP28,6.40,6.40,5.40,3.10,6.40,2026-09-14T01:38:06.259Z
KG05,SP29,6.60,6.60,5.60,3.20,6.60,2026-09-14T01:38:06.337Z
KG05,SP3,4.30,4.30,3.70,2.10,4.30,2026-09-14T01:38:06.387Z
KG05,SP31,6.90,6.90,5.80,3.40,6.90,2026-09-14T01:38:06.387Z
KG05,SP4,4.60,4.60,3.90,2.20,4.60,2026-09-14T01:38:06.384Z
KG05,SP5,4.50,4.50,3.90,2.20,4.50,2026-09-14T01:38:06.612Z
KG05,SP6,4.30,4.30,3.80,2.10,4.30,2026-09-14T01:38:06.388Z
KG05,SP7,4.10,4.10,3.60,2.00,4.10,2026-09-14T01:38:06.405Z
KG05,SP8,3.90,3.90,3.40,1.90,3.90,2026-09-14T01:38:06.431Z
KG05,SP9,4.10,4.10,3.60,2.00,4.10,2026-09-14T01:38:06.513Z
KG06,KG07,1.30,1.30,1.20,0.70,1.30,2026-09-14T01:38:06.557Z
KG06,KG08,1.90,1.90,1.70,0.90,1.90,2026-09-14T01:38:06.553Z
KG06,KG09,2.20,2.20,2.00,1.10,2.20,2026-09-14T01:38:06.554Z
KG06,KG10,2.70,2.70,2.40,1.30,2.70,2026-09-14T01:38:06.559Z
KG06,KG12,3.10,3.10,2.70,1.50,3.10,2026-09-14T01:38:06.569Z
KG06,KG13,3.40,3.40,3.00,1.70,3.40,2026-09-14T01:38:06.593Z
KG06,KG14,3.50,3.50,3.10,1.70,3.50,2026-09-14T01:38:06.677Z
KG06,KG15,3.80,3.80,3.30,1.80,3.80,2026-09-14T01:38:06.720Z
KG06,KG16,4.00,4.00,3.50,2.00,4.00,2026-09-14T01:38:06.728Z
KG06,KG17,4.10,4.10,3.60,2.00,4.10,2026-09-14T01:38:06.724Z
KG06,KG18A,3.60,3.60,3.20,1.80,3.60,2026-09-14T01:38:06.719Z
KG06,KG20,3.90,3.90,3.40,1.90,3.90,2026-09-14T01:38:06.723Z
KG06,KG21,4.00,4.00,3.50,2.00,4.00,2026-09-14T01:38:06.752Z
KG06,KG22,4.20,4.20,3.60,2.00,4.20,2026-09-14T01:38:06.766Z
KG06,KG23,3.60,3.60,3.10,1.70,3.60,2026-09-14T01:38:06.849Z
KG06,KG24,3.70,3.70,3.20,1.80,3.70,2026-09-14T01:38:06.880Z
KG06,KG25,3.80,3.80,3.40,1.90,3.80,2026-09-14T01:38:06.879Z
KG06,KG26,4.00,4.00,3.50,2.00,4.00,2026-09-14T01:38:06.897Z
KG06,KG27,4.30,4.30,3.70,2.10,4.30,2026-09-14T01:38:06.896Z
KG06,KG28,4.40,4.40,3.80,2.20,4.40,2026-09-14T01:38:06.896Z
KG06,KG29,4.60,4.60,4.00,2.30,4.60,2026-09-14T01:38:06.926Z
KG06,KG30,4.70,4.70,4.10,2.30,4.70,2026-09-14T01:38:06.922Z
KG06,KG31,4.90,4.90,4.20,2.40,4.90,2026-09-14T01:38:07.028Z
KG06,KG33,5.20,5.20,4.50,2.60,5.20,2026-09-14T01:38:07.056Z
KG06,KG34,5.30,5.30,4.60,2.60,5.30,2026-09-14T01:38:07.057Z
KG06,KG35,5.50,5.50,4.70,2.70,5.50,2026-09-14T01:38:07.072Z
KG06,KJ1,7.00,7.00,6.00,3.50,7.00,2026-09-14T01:38:07.070Z
KG06,KJ10,5.20,5.20,4.50,2.60,5.20,2026-09-14T01:38:07.071Z
KG06,KJ11,5.00,5.00,4.40,2.40,5.00,2026-09-14T01:38:07.068Z
KG06,KJ12,4.70,4.70,4.10,2.30,4.70,2026-09-14T01:38:07.078Z
KG06,KJ13,4.30,4.30,3.80,2.10,4.30,2026-09-14T01:38:07.188Z
KG06,KJ14,4.00,4.00,3.50,2.00,4.00,2026-09-14T01:38:07.219Z
KG06,KJ15,4.50,4.50,3.90,2.20,4.50,2026-09-14T01:38:07.220Z
KG06,KJ16,4.80,4.80,4.20,2.40,4.80,2026-09-14T01:38:07.229Z
KG06,KJ17,5.20,5.20,4.50,2.60,5.20,2026-09-14T01:38:07.231Z
KG06,KJ18,5.20,5.20,4.50,2.60,5.20,2026-09-14T01:38:07.239Z
KG06,KJ19,5.40,5.40,4.70,2.70,5.40,2026-09-14T01:38:07.238Z
KG06,KJ2,6.70,6.70,5.70,3.30,6.70,2026-09-14T01:38:07.237Z
KG06,KJ20,6.10,6.10,5.20,3.00,6.10,2026-09-14T01:38:07.368Z
KG06,KJ21,6.30,6.30,5.40,3.20,6.30,2026-09-14T01:38:07.394Z
KG06,KJ22,6.20,6.20,5.40,3.10,6.20,2026-09-14T01:38:07.398Z
KG06,KJ23,6.50,6.50,5.60,3.30,6.50,2026-09-14T01:38:07.397Z
KG06,KJ24,6.80,6.80,5.80,3.40,6.80,2026-09-14T01:38:07.399Z
KG06,KJ25,6.60,6.60,5.60,3.30,6.60,2026-09-14T01:38:07.413Z
KG06,KJ26,6.70,6.70,5.80,3.40,6.70,2026-09-14T01:38:07.407Z
KG06,KJ27,7.00,7.00,6.00,3.50,7.00,2026-09-14T01:38:07.408Z
KG06,KJ28,7.20,7.20,6.10,3.50,7.20,2026-09-14T01:38:07.537Z
KG06,KJ29,6.80,6.80,5.80,3.40,6.80,2026-09-14T01:38:07.566Z
KG06,KJ3,6.80,6.80,5.80,3.40,6.80,2026-09-14T01:38:07.569Z
KG06,KJ30,7.00,7.00,6.00,3.50,7.00,2026-09-14T01:38:07.566Z
KG06,KJ31,7.30,7.30,6.20,3.60,7.30,2026-09-14T01:38:07.567Z
KG06,KJ32,7.10,7.10,6.00,3.40,7.10,2026-09-14T01:38:07.564Z
KG06,KJ33,6.70,6.70,5.70,3.30,6.70,2026-09-14T01:38:07.569Z
KG06,KJ34,6.80,6.80,5.80,3.40,6.80,2026-09-14T01:38:07.585Z
KG06,KJ35,7.00,7.00,6.00,3.50,7.00,2026-09-14T01:38:07.707Z
KG06,KJ36,7.20,7.20,6.10,3.60,7.20,2026-09-14T01:38:07.746Z
KG06,KJ37,7.40,7.40,6.20,3.60,7.40,2026-09-14T01:38:07.747Z
KG06,KJ4,6.50,6.50,5.60,3.20,6.50,2026-09-14T01:38:07.740Z
KG06,KJ5,6.40,6.40,5.50,3.10,6.40,2026-09-14T01:38:07.744Z
KG06,KJ6,6.10,6.10,5.30,3.00,6.10,2026-09-14T01:38:07.741Z
KG06,KJ7,6.00,6.00,5.10,2.90,6.00,2026-09-14T01:38:07.739Z
KG06,KJ8,5.70,5.70,4.90,2.80,5.70,2026-09-14T01:38:07.744Z
KG06,KJ9,5.40,5.40,4.70,2.70,5.40,2026-09-14T01:38:07.884Z
KG06,MR1,6.20,6.20,5.40,3.10,6.20,2026-09-14T01:38:07.911Z
KG06,MR10,5.70,5.70,4.90,2.70,5.70,2026-09-14T01:38:07.912Z
KG06,MR11,5.00,5.00,4.30,2.40,5.00,2026-09-14T01:38:07.915Z
KG06,MR2,5.90,5.90,5.10,2.90,5.90,2026-09-14T01:38:07.914Z
KG06,MR3,4.90,4.90,4.30,2.40,4.90,2026-09-14T01:38:07.914Z
KG06,MR4,4.30,4.30,3.80,2.10,4.30,2026-09-14T01:38:07.913Z
KG06,MR5,4.60,4.60,4.00,2.20,4.60,2026-09-14T01:38:07.909Z
KG06,MR6,4.90,4.90,4.30,2.40,4.90,2026-09-14T01:38:08.094Z
KG06,MR7,5.30,5.30,4.60,2.60,5.30,2026-09-14T01:38:08.136Z
KG06,MR8,5.80,5.80,5.10,2.90,5.80,2026-09-14T01:38:08.138Z
KG06,MR9,6.30,6.30,5.40,3.10,6.30,2026-09-14T01:38:08.140Z
KG06,PY01,1.90,1.90,1.70,0.90,1.90,2026-09-14T01:38:08.142Z
KG06,PY03,2.70,2.70,2.40,1.30,2.70,2026-09-14T01:38:08.142Z
KG06,PY04,3.10,3.10,2.70,1.50,3.10,2026-09-14T01:38:08.143Z
KG06,PY05,3.40,3.40,3.00,1.60,3.40,2026-09-14T01:38:08.139Z
KG06,PY06,3.90,3.90,3.40,1.90,3.90,2026-09-14T01:38:08.276Z
KG06,PY07,4.30,4.30,3.70,2.10,4.30,2026-09-14T01:38:08.307Z
KG06,PY08,4.20,4.20,3.60,2.00,4.20,2026-09-14T01:38:08.318Z
KG06,PY09,4.60,4.60,3.90,2.20,4.60,2026-09-14T01:38:08.320Z
KG06,PY10,4.80,4.80,4.10,2.30,4.80,2026-09-14T01:38:08.318Z
KG06,PY11,5.00,5.00,4.30,2.40,5.00,2026-09-14T01:38:08.323Z
KG06,PY12,4.70,4.70,4.00,2.20,4.70,2026-09-14T01:38:08.319Z
KG06,PY13,4.90,4.90,4.20,2.30,4.90,2026-09-14T01:38:08.315Z
KG06,PY14,5.10,5.10,4.40,2.50,5.10,2026-09-14T01:38:08.448Z
KG06,PY15,5.20,5.20,4.50,2.50,5.20,2026-09-14T01:38:08.465Z
KG06,PY16,4.80,4.80,4.10,2.30,4.80,2026-09-14T01:38:08.487Z
KG06,PY17,5.00,5.00,4.30,2.40,5.00,2026-09-14T01:38:08.498Z
KG06,PY18,5.10,5.10,4.40,2.40,5.10,2026-09-14T01:38:08.492Z
KG06,PY19,4.90,4.90,4.20,2.40,4.90,2026-09-14T01:38:08.488Z
KG06,PY20,4.50,4.50,3.90,2.20,4.50,2026-09-14T01:38:08.486Z
KG06,PY21,4.40,4.40,3.80,2.10,4.40,2026-09-14T01:38:08.489Z
KG06,PY22,4.20,4.20,3.60,2.00,4.20,2026-09-14T01:38:08.612Z
KG06,PY23,3.90,3.90,3.40,1.90,3.90,2026-09-14T01:38:08.621Z
KG06,PY24,4.40,4.40,3.80,2.20,4.40,2026-09-14T01:38:08.649Z
KG06,PY27,5.60,5.60,4.80,2.70,5.60,2026-09-14T01:38:08.875Z
KG06,PY28,5.70,5.70,4.90,2.80,5.70,2026-09-14T01:38:08.647Z
KG06,PY29,6.00,6.00,5.10,2.90,6.00,2026-09-14T01:38:08.648Z
KG06,PY31,6.20,6.20,5.30,3.00,6.20,2026-09-14T01:38:08.648Z
KG06,PY32,6.40,6.40,5.50,3.10,6.40,2026-09-14T01:38:08.655Z
KG06,PY33,6.50,6.50,5.50,3.10,6.50,2026-09-14T01:38:08.778Z
KG06,PY34,6.70,6.70,5.70,3.20,6.70,2026-09-14T01:38:08.826Z
KG06,PY36,7.00,7.00,6.00,3.50,7.00,2026-09-14T01:38:08.810Z
KG06,PY37,7.30,7.30,6.20,3.60,7.30,2026-09-14T01:38:08.818Z
KG06,PY38,6.70,6.70,5.70,3.30,6.70,2026-09-14T01:38:09.086Z
KG06,PY39,6.90,6.90,5.90,3.40,6.90,2026-09-14T01:38:08.813Z
KG06,PY40,7.00,7.00,6.00,3.50,7.00,2026-09-14T01:38:08.842Z
KG06,PY41,7.20,7.20,6.10,3.50,7.20,2026-09-14T01:38:08.956Z
KG06,SB1,11.70,11.70,9.90,5.80,11.70,2026-09-14T01:38:08.987Z
KG06,SB2,11.10,11.10,9.30,5.50,11.10,2026-09-14T01:38:08.983Z
KG06,SB3,10.40,10.40,8.80,5.20,10.40,2026-09-14T01:38:08.987Z
KG06,SB4,9.70,9.70,8.20,4.80,9.70,2026-09-14T01:38:08.995Z
KG06,SB5,9.00,9.00,7.60,4.50,9.00,2026-09-14T01:38:09.018Z
KG06,SB6,8.10,8.10,6.90,4.00,8.10,2026-09-14T01:38:09.028Z
KG06,SB7,7.30,7.30,6.20,3.60,7.30,2026-09-14T01:38:09.119Z
KG06,SP1,5.50,5.50,4.70,2.60,5.50,2026-09-14T01:38:09.139Z
KG06,SP10,4.60,4.60,4.00,2.20,4.60,2026-09-14T01:38:09.138Z
KG06,SP11,4.40,4.40,3.80,2.20,4.40,2026-09-14T01:38:09.150Z
KG06,SP12,4.80,4.80,4.10,2.30,4.80,2026-09-14T01:38:09.155Z
KG06,SP13,5.30,5.30,4.50,2.50,5.30,2026-09-14T01:38:09.166Z
KG06,SP14,5.60,5.60,4.80,2.70,5.60,2026-09-14T01:38:09.196Z
KG06,SP15,6.10,6.10,5.20,2.90,6.10,2026-09-14T01:38:09.249Z
KG06,SP16,6.00,6.00,5.10,2.90,6.00,2026-09-14T01:38:09.295Z
KG06,SP17,6.50,6.50,5.50,3.10,6.50,2026-09-14T01:38:09.289Z
KG06,SP18,6.70,6.70,5.70,3.20,6.70,2026-09-14T01:38:09.294Z
KG06,SP19,6.90,6.90,5.90,3.40,6.90,2026-09-14T01:38:09.302Z
KG06,SP2,5.20,5.20,4.50,2.50,5.20,2026-09-14T01:38:09.317Z
KG06,SP20,6.70,6.70,5.70,3.30,6.70,2026-09-14T01:38:09.320Z
KG06,SP21,7.00,7.00,5.90,3.40,7.00,2026-09-14T01:38:09.345Z
KG06,SP22,6.90,6.90,5.90,3.40,6.90,2026-09-14T01:38:09.417Z
KG06,SP24,7.00,7.00,6.00,3.40,7.00,2026-09-14T01:38:09.469Z
KG06,SP25,7.00,7.00,6.00,3.50,7.00,2026-09-14T01:38:09.466Z
KG06,SP26,6.80,6.80,5.80,3.40,6.80,2026-09-14T01:38:09.469Z
KG06,SP27,6.90,6.90,5.90,3.40,6.90,2026-09-14T01:38:09.472Z
KG06,SP28,6.90,6.90,5.80,3.30,6.90,2026-09-14T01:38:09.470Z
KG06,SP29,7.10,7.10,6.00,3.40,7.10,2026-09-14T01:38:09.495Z
KG06,SP3,5.00,5.00,4.30,2.40,5.00,2026-09-14T01:38:09.504Z
KG06,SP31,7.40,7.40,6.20,3.60,7.40,2026-09-14T01:38:09.587Z
KG06,SP4,4.90,4.90,4.30,2.40,4.90,2026-09-14T01:38:09.632Z
KG06,SP5,4.70,4.70,4.10,2.30,4.70,2026-09-14T01:38:09.639Z
KG06,SP6,4.50,4.50,4.00,2.20,4.50,2026-09-14T01:38:09.640Z
KG06,SP7,4.30,4.30,3.80,2.10,4.30,2026-09-14T01:38:09.636Z
KG06,SP8,4.10,4.10,3.60,2.00,4.10,2026-09-14T01:38:09.640Z
KG06,SP9,4.30,4.30,3.80,2.10,4.30,2026-09-14T01:38:09.678Z
KG07,KG08,1.40,1.40,1.30,0.70,1.40,2026-09-14T01:38:09.668Z
KG07,KG09,1.90,1.90,1.70,0.90,1.90,2026-09-14T01:38:09.758Z
KG07,KG10,2.20,2.20,2.00,1.10,2.20,2026-09-14T01:38:09.798Z
KG07,KG12,2.70,2.70,2.30,1.30,2.70,2026-09-14T01:38:09.797Z
KG07,KG13,3.00,3.00,2.70,1.50,3.00,2026-09-14T01:38:09.799Z
KG07,KG14,3.60,3.60,3.20,1.80,3.60,2026-09-14T01:38:09.791Z
KG07,KG15,3.50,3.50,3.00,1.70,3.50,2026-09-14T01:38:09.801Z
KG07,KG16,3.70,3.70,3.20,1.80,3.70,2026-09-14T01:38:09.835Z
KG07,KG17,3.80,3.80,3.30,1.90,3.80,2026-09-14T01:38:09.836Z
KG07,KG18A,4.00,4.00,3.50,2.00,4.00,2026-09-14T01:38:09.946Z
KG07,KG20,4.30,4.30,3.70,2.10,4.30,2026-09-14T01:38:09.947Z
KG07,KG21,3.80,3.80,3.30,1.80,3.80,2026-09-14T01:38:09.948Z
KG07,KG22,3.90,3.90,3.40,1.90,3.90,2026-09-14T01:38:09.949Z
KG07,KG23,4.20,4.20,3.60,2.10,4.20,2026-09-14T01:38:09.950Z
KG07,KG24,4.30,4.30,3.80,2.10,4.30,2026-09-14T01:38:09.958Z
KG07,KG25,3.70,3.70,3.20,1.80,3.70,2026-09-14T01:38:09.991Z
KG07,KG26,3.80,3.80,3.30,1.90,3.80,2026-09-14T01:38:09.987Z
KG07,KG27,4.10,4.10,3.60,2.00,4.10,2026-09-14T01:38:10.124Z
KG07,KG28,4.20,4.20,3.70,2.10,4.20,2026-09-14T01:38:10.125Z
KG07,KG29,4.40,4.40,3.80,2.20,4.40,2026-09-14T01:38:10.124Z
KG07,KG30,4.50,4.50,3.90,2.20,4.50,2026-09-14T01:38:10.124Z
KG07,KG31,4.70,4.70,4.10,2.30,4.70,2026-09-14T01:38:10.125Z
KG07,KG33,5.10,5.10,4.40,2.50,5.10,2026-09-14T01:38:10.125Z
KG07,KG34,5.20,5.20,4.40,2.50,5.20,2026-09-14T01:38:10.162Z
KG07,KG35,5.30,5.30,4.60,2.60,5.30,2026-09-14T01:38:10.161Z
KG07,KJ1,6.70,6.70,5.70,3.30,6.70,2026-09-14T01:38:10.309Z
KG07,KJ10,4.90,4.90,4.20,2.40,4.90,2026-09-14T01:38:10.309Z
KG07,KJ11,4.70,4.70,4.10,2.30,4.70,2026-09-14T01:38:10.309Z
KG07,KJ12,4.40,4.40,3.80,2.20,4.40,2026-09-14T01:38:10.309Z
KG07,KJ13,4.00,4.00,3.50,2.00,4.00,2026-09-14T01:38:10.309Z
KG07,KJ14,3.70,3.70,3.20,1.80,3.70,2026-09-14T01:38:10.309Z
KG07,KJ15,4.20,4.20,3.60,2.00,4.20,2026-09-14T01:38:10.349Z
KG07,KJ16,4.50,4.50,3.90,2.20,4.50,2026-09-14T01:38:10.349Z
KG07,KJ17,4.90,4.90,4.20,2.40,4.90,2026-09-14T01:38:10.477Z
KG07,KJ18,4.90,4.90,4.20,2.40,4.90,2026-09-14T01:38:10.484Z
KG07,KJ19,5.10,5.10,4.40,2.50,5.10,2026-09-14T01:38:10.482Z
KG07,KJ2,6.40,6.40,5.40,3.10,6.40,2026-09-14T01:38:10.481Z
KG07,KJ20,5.80,5.80,4.90,2.80,5.80,2026-09-14T01:38:10.490Z
KG07,KJ21,6.00,6.00,5.10,3.00,6.00,2026-09-14T01:38:10.476Z
KG07,KJ22,5.90,5.90,5.10,2.90,5.90,2026-09-14T01:38:10.508Z
KG07,KJ23,6.20,6.20,5.30,3.10,6.20,2026-09-14T01:38:10.524Z
KG07,KJ24,6.50,6.50,5.50,3.20,6.50,2026-09-14T01:38:10.648Z
KG07,KJ25,6.30,6.30,5.30,3.10,6.30,2026-09-14T01:38:10.651Z
KG07,KJ26,6.40,6.40,5.50,3.20,6.40,2026-09-14T01:38:10.651Z
KG07,KJ27,6.70,6.70,5.70,3.30,6.70,2026-09-14T01:38:10.651Z
KG07,KJ28,6.90,6.90,5.80,3.40,6.90,2026-09-14T01:38:10.648Z
KG07,KJ29,6.50,6.50,5.50,3.20,6.50,2026-09-14T01:38:10.667Z
KG07,KJ3,6.50,6.50,5.50,3.20,6.50,2026-09-14T01:38:10.667Z
KG07,KJ30,6.70,6.70,5.70,3.30,6.70,2026-09-14T01:38:10.688Z
KG07,KJ31,7.00,7.00,5.90,3.40,7.00,2026-09-14T01:38:10.821Z
KG07,KJ32,6.80,6.80,5.70,3.30,6.80,2026-09-14T01:38:10.826Z
KG07,KJ33,6.40,6.40,5.40,3.10,6.40,2026-09-14T01:38:10.818Z
KG07,KJ34,6.50,6.50,5.50,3.20,6.50,2026-09-14T01:38:10.818Z
KG07,KJ35,6.70,6.70,5.70,3.30,6.70,2026-09-14T01:38:10.817Z
KG07,KJ36,6.90,6.90,5.80,3.40,6.90,2026-09-14T01:38:10.833Z
KG07,KJ37,7.10,7.10,6.00,3.50,7.10,2026-09-14T01:38:10.840Z
KG07,KJ4,6.20,6.20,5.30,3.10,6.20,2026-09-14T01:38:10.843Z
KG07,KJ5,6.10,6.10,5.20,3.00,6.10,2026-09-14T01:38:11.000Z
KG07,KJ6,5.80,5.80,5.00,2.90,5.80,2026-09-14T01:38:11.012Z
KG07,KJ7,5.70,5.70,4.80,2.80,5.70,2026-09-14T01:38:10.999Z
KG07,KJ8,5.40,5.40,4.60,2.70,5.40,2026-09-14T01:38:11.005Z
KG07,KJ9,5.10,5.10,4.40,2.50,5.10,2026-09-14T01:38:10.988Z
KG07,MR1,5.90,5.90,5.10,3.00,5.90,2026-09-14T01:38:11.010Z
KG07,MR10,5.60,5.60,4.80,2.70,5.60,2026-09-14T01:38:11.011Z
KG07,MR11,4.90,4.90,4.20,2.40,4.90,2026-09-14T01:38:11.001Z
KG07,MR2,5.60,5.60,4.80,2.80,5.60,2026-09-14T01:38:11.163Z
KG07,MR3,4.60,4.60,4.00,2.30,4.60,2026-09-14T01:38:11.169Z
KG07,MR4,4.00,4.00,3.50,2.00,4.00,2026-09-14T01:38:11.158Z
KG07,MR5,4.30,4.30,3.70,2.10,4.30,2026-09-14T01:38:11.174Z
KG07,MR6,4.60,4.60,4.00,2.30,4.60,2026-09-14T01:38:11.180Z
KG07,MR7,5.00,5.00,4.30,2.50,5.00,2026-09-14T01:38:11.173Z
KG07,MR8,5.50,5.50,4.80,2.80,5.50,2026-09-14T01:38:11.183Z
KG07,MR9,6.00,6.00,5.20,3.00,6.00,2026-09-14T01:38:11.175Z
KG07,PY01,2.30,2.30,2.10,1.20,2.30,2026-09-14T01:38:11.330Z
KG07,PY03,3.10,3.10,2.80,1.60,3.10,2026-09-14T01:38:11.336Z
KG07,PY04,3.60,3.60,3.20,1.80,3.60,2026-09-14T01:38:11.330Z
KG07,PY05,3.80,3.80,3.40,1.90,3.80,2026-09-14T01:38:11.344Z
KG07,PY06,4.30,4.30,3.80,2.20,4.30,2026-09-14T01:38:11.343Z
KG07,PY07,4.70,4.70,4.10,2.40,4.70,2026-09-14T01:38:11.343Z
KG07,PY08,4.60,4.60,4.00,2.30,4.60,2026-09-14T01:38:11.355Z
KG07,PY09,5.00,5.00,4.30,2.50,5.00,2026-09-14T01:38:11.342Z
KG07,PY10,5.20,5.20,4.50,2.60,5.20,2026-09-14T01:38:11.502Z
KG07,PY11,5.40,5.40,4.70,2.70,5.40,2026-09-14T01:38:11.503Z
KG07,PY12,5.10,5.10,4.40,2.50,5.10,2026-09-14T01:38:11.500Z
KG07,PY13,5.30,5.30,4.60,2.60,5.30,2026-09-14T01:38:11.514Z
KG07,PY14,5.50,5.50,4.80,2.80,5.50,2026-09-14T01:38:11.522Z
KG07,PY15,5.60,5.60,4.90,2.80,5.60,2026-09-14T01:38:11.520Z
KG07,PY16,5.20,5.20,4.50,2.60,5.20,2026-09-14T01:38:11.522Z
KG07,PY17,4.90,4.90,4.20,2.40,4.90,2026-09-14T01:38:11.516Z
KG07,PY18,5.20,5.20,4.50,2.60,5.20,2026-09-14T01:38:11.672Z
KG07,PY19,5.30,5.30,4.50,2.60,5.30,2026-09-14T01:38:11.672Z
KG07,PY20,4.90,4.90,4.20,2.40,4.90,2026-09-14T01:38:11.667Z
KG07,PY21,4.80,4.80,4.10,2.30,4.80,2026-09-14T01:38:11.692Z
KG07,PY22,4.60,4.60,3.90,2.20,4.60,2026-09-14T01:38:11.693Z
KG07,PY23,4.30,4.30,3.70,2.10,4.30,2026-09-14T01:38:11.702Z
KG07,PY24,4.50,4.50,3.90,2.20,4.50,2026-09-14T01:38:11.693Z
KG07,PY27,5.90,5.90,5.10,2.90,5.90,2026-09-14T01:38:11.692Z
KG07,PY28,6.10,6.10,5.30,3.10,6.10,2026-09-14T01:38:11.834Z
KG07,PY29,6.10,6.10,5.30,3.00,6.10,2026-09-14T01:38:11.868Z
KG07,PY31,6.60,6.60,5.70,3.30,6.60,2026-09-14T01:38:11.863Z
KG07,PY32,6.80,6.80,5.90,3.40,6.80,2026-09-14T01:38:11.866Z
KG07,PY33,6.90,6.90,5.90,3.40,6.90,2026-09-14T01:38:11.880Z
KG07,PY34,7.10,7.10,6.10,3.50,7.10,2026-09-14T01:38:11.863Z
KG07,PY36,7.40,7.40,6.30,3.60,7.40,2026-09-14T01:38:11.870Z
KG07,PY37,7.60,7.60,6.50,3.80,7.60,2026-09-14T01:38:11.889Z
KG07,PY38,7.10,7.10,6.00,3.50,7.10,2026-09-14T01:38:12.004Z
KG07,PY39,7.30,7.30,6.20,3.60,7.30,2026-09-14T01:38:12.038Z
KG07,PY40,7.40,7.40,6.30,3.70,7.40,2026-09-14T01:38:12.032Z
KG07,PY41,7.60,7.60,6.40,3.70,7.60,2026-09-14T01:38:12.048Z
KG07,SB1,11.40,11.40,9.60,5.60,11.40,2026-09-14T01:38:12.035Z
KG07,SB2,10.80,10.80,9.00,5.30,10.80,2026-09-14T01:38:12.040Z
KG07,SB3,10.10,10.10,8.50,5.00,10.10,2026-09-14T01:38:12.033Z
KG07,SB4,9.40,9.40,7.90,4.60,9.40,2026-09-14T01:38:12.049Z
KG07,SB5,8.70,8.70,7.30,4.30,8.70,2026-09-14T01:38:12.168Z
KG07,SB6,7.80,7.80,6.60,3.80,7.80,2026-09-14T01:38:12.442Z
KG07,SB7,7.00,7.00,5.90,3.40,7.00,2026-09-14T01:38:12.187Z
KG07,SP1,5.20,5.20,4.50,2.60,5.20,2026-09-14T01:38:12.186Z
KG07,SP10,4.30,4.30,3.70,2.10,4.30,2026-09-14T01:38:12.190Z
KG07,SP11,4.50,4.50,3.90,2.20,4.50,2026-09-14T01:38:12.196Z
KG07,SP12,4.50,4.50,3.90,2.20,4.50,2026-09-14T01:38:12.210Z
KG07,SP13,5.00,5.00,4.30,2.40,5.00,2026-09-14T01:38:12.206Z
KG07,SP14,5.30,5.30,4.60,2.60,5.30,2026-09-14T01:38:12.335Z
KG07,SP15,5.80,5.80,5.00,2.80,5.80,2026-09-14T01:38:12.364Z
KG07,SP16,6.10,6.10,5.30,3.00,6.10,2026-09-14T01:38:12.363Z
KG07,SP17,6.20,6.20,5.30,3.00,6.20,2026-09-14T01:38:12.359Z
KG07,SP18,6.40,6.40,5.50,3.10,6.40,2026-09-14T01:38:12.363Z
KG07,SP19,6.60,6.60,5.60,3.30,6.60,2026-09-14T01:38:12.368Z
KG07,SP2,5.00,5.00,4.30,2.50,5.00,2026-09-14T01:38:12.371Z
KG07,SP20,6.40,6.40,5.50,3.20,6.40,2026-09-14T01:38:12.493Z
KG07,SP21,6.70,6.70,5.70,3.30,6.70,2026-09-14T01:38:12.526Z
KG07,SP22,6.60,6.60,5.60,3.30,6.60,2026-09-14T01:38:12.527Z
KG07,SP24,6.70,6.70,5.80,3.30,6.70,2026-09-14T01:38:12.521Z
KG07,SP25,6.70,6.70,5.70,3.30,6.70,2026-09-14T01:38:12.529Z
KG07,SP26,6.50,6.50,5.50,3.30,6.50,2026-09-14T01:38:12.530Z
KG07,SP27,6.60,6.60,5.60,3.30,6.60,2026-09-14T01:38:12.532Z
KG07,SP28,6.60,6.60,5.60,3.20,6.60,2026-09-14T01:38:12.601Z
KG07,SP29,6.80,6.80,5.80,3.30,6.80,2026-09-14T01:38:12.661Z
KG07,SP3,4.90,4.90,4.20,2.40,4.90,2026-09-14T01:38:12.698Z
KG07,SP31,7.10,7.10,6.00,3.50,7.10,2026-09-14T01:38:12.699Z
KG07,SP4,4.60,4.60,4.00,2.30,4.60,2026-09-14T01:38:12.699Z
KG07,SP5,4.40,4.40,3.80,2.20,4.40,2026-09-14T01:38:12.700Z
KG07,SP6,4.20,4.20,3.70,2.10,4.20,2026-09-14T01:38:12.698Z
KG07,SP7,4.00,4.00,3.50,2.00,4.00,2026-09-14T01:38:12.700Z
KG07,SP8,3.80,3.80,3.30,1.90,3.80,2026-09-14T01:38:12.771Z
KG07,SP9,4.00,4.00,3.50,2.00,4.00,2026-09-14T01:38:12.815Z
KG08,KG09,1.30,1.30,1.20,0.60,1.30,2026-09-14T01:38:12.861Z
KG08,KG10,1.80,1.80,1.70,0.90,1.80,2026-09-14T01:38:12.857Z
KG08,KG12,2.10,2.10,1.90,1.10,2.10,2026-09-14T01:38:12.861Z
KG08,KG13,2.90,2.90,2.50,1.50,2.90,2026-09-14T01:38:12.862Z
KG08,KG14,3.20,3.20,2.80,1.60,3.20,2026-09-14T01:38:12.861Z
KG08,KG15,3.60,3.60,3.10,1.70,3.60,2026-09-14T01:38:12.860Z
KG08,KG16,3.80,3.80,3.30,1.90,3.80,2026-09-14T01:38:12.928Z
KG08,KG17,3.50,3.50,3.00,1.70,3.50,2026-09-14T01:38:12.968Z
KG08,KG18A,3.70,3.70,3.20,1.80,3.70,2026-09-14T01:38:13.012Z
KG08,KG20,3.90,3.90,3.40,1.90,3.90,2026-09-14T01:38:13.015Z
KG08,KG21,4.20,4.20,3.60,2.00,4.20,2026-09-14T01:38:13.013Z
KG08,KG22,3.70,3.70,3.20,1.80,3.70,2026-09-14T01:38:13.015Z
KG08,KG23,3.90,3.90,3.40,1.90,3.90,2026-09-14T01:38:13.012Z
KG08,KG24,4.10,4.10,3.50,2.00,4.10,2026-09-14T01:38:13.015Z
KG08,KG25,4.30,4.30,3.70,2.10,4.30,2026-09-14T01:38:13.103Z
KG08,KG26,3.60,3.60,3.20,1.80,3.60,2026-09-14T01:38:13.141Z
KG08,KG27,3.90,3.90,3.40,1.90,3.90,2026-09-14T01:38:13.180Z
KG08,KG28,4.00,4.00,3.50,2.00,4.00,2026-09-14T01:38:13.174Z
KG08,KG29,4.20,4.20,3.70,2.10,4.20,2026-09-14T01:38:13.179Z
KG08,KG30,4.30,4.30,3.70,2.10,4.30,2026-09-14T01:38:13.180Z
KG08,KG31,4.50,4.50,3.90,2.20,4.50,2026-09-14T01:38:13.177Z
KG08,KG33,4.80,4.80,4.20,2.40,4.80,2026-09-14T01:38:13.178Z
KG08,KG34,4.90,4.90,4.30,2.40,4.90,2026-09-14T01:38:13.266Z
KG08,KG35,5.10,5.10,4.40,2.50,5.10,2026-09-14T01:38:13.341Z
KG08,KJ1,6.60,6.60,5.50,3.20,6.60,2026-09-14T01:38:13.350Z
KG08,KJ10,4.80,4.80,4.10,2.30,4.80,2026-09-14T01:38:13.363Z
KG08,KJ11,4.50,4.50,3.80,2.10,4.50,2026-09-14T01:38:13.361Z
KG08,KJ12,4.20,4.20,3.50,2.00,4.20,2026-09-14T01:38:13.378Z
KG08,KJ13,3.80,3.80,3.20,1.80,3.80,2026-09-14T01:38:13.363Z
KG08,KJ14,3.80,3.80,3.30,1.90,3.80,2026-09-14T01:38:13.379Z
KG08,KJ15,4.30,4.30,3.70,2.10,4.30,2026-09-14T01:38:13.423Z
KG08,KJ16,4.60,4.60,4.00,2.30,4.60,2026-09-14T01:38:13.504Z
KG08,KJ17,5.00,5.00,4.30,2.50,5.00,2026-09-14T01:38:13.514Z
KG08,KJ18,5.00,5.00,4.30,2.50,5.00,2026-09-14T01:38:13.529Z
KG08,KJ19,5.20,5.20,4.50,2.60,5.20,2026-09-14T01:38:13.530Z
KG08,KJ2,6.50,6.50,5.50,3.20,6.50,2026-09-14T01:38:13.532Z
KG08,KJ20,5.90,5.90,5.00,2.90,5.90,2026-09-14T01:38:13.547Z
KG08,KJ21,5.90,5.90,5.00,2.90,5.90,2026-09-14T01:38:13.542Z
KG08,KJ22,6.00,6.00,5.20,3.00,6.00,2026-09-14T01:38:13.570Z
KG08,KJ23,6.30,6.30,5.40,3.20,6.30,2026-09-14T01:38:13.668Z
KG08,KJ24,6.60,6.60,5.60,3.30,6.60,2026-09-14T01:38:13.691Z
KG08,KJ25,6.40,6.40,5.40,3.20,6.40,2026-09-14T01:38:13.705Z
KG08,KJ26,6.50,6.50,5.60,3.30,6.50,2026-09-14T01:38:13.698Z
KG08,KJ27,6.80,6.80,5.80,3.40,6.80,2026-09-14T01:38:13.704Z
KG08,KJ28,6.60,6.60,5.50,3.20,6.60,2026-09-14T01:38:13.704Z
KG08,KJ29,6.60,6.60,5.60,3.30,6.60,2026-09-14T01:38:13.709Z
KG08,KJ3,6.30,6.30,5.30,3.10,6.30,2026-09-14T01:38:13.728Z
KG08,KJ30,6.80,6.80,5.80,3.40,6.80,2026-09-14T01:38:13.825Z
KG08,KJ31,7.10,7.10,6.00,3.50,7.10,2026-09-14T01:38:13.854Z
KG08,KJ32,6.50,6.50,5.40,3.10,6.50,2026-09-14T01:38:13.857Z
KG08,KJ33,6.50,6.50,5.50,3.20,6.50,2026-09-14T01:38:13.866Z
KG08,KJ34,6.60,6.60,5.60,3.30,6.60,2026-09-14T01:38:13.870Z
KG08,KJ35,6.80,6.80,5.80,3.40,6.80,2026-09-14T01:38:13.879Z
KG08,KJ36,7.00,7.00,5.90,3.40,7.00,2026-09-14T01:38:13.871Z
KG08,KJ37,6.90,6.90,5.80,3.40,6.90,2026-09-14T01:38:13.898Z
KG08,KJ4,6.10,6.10,5.10,2.90,6.10,2026-09-14T01:38:13.998Z
KG08,KJ5,5.90,5.90,4.90,2.80,5.90,2026-09-14T01:38:14.028Z
KG08,KJ6,5.60,5.60,4.70,2.70,5.60,2026-09-14T01:38:14.027Z
KG08,KJ7,5.40,5.40,4.60,2.60,5.40,2026-09-14T01:38:14.023Z
KG08,KJ8,5.20,5.20,4.40,2.50,5.20,2026-09-14T01:38:14.047Z
KG08,KJ9,4.90,4.90,4.20,2.40,4.90,2026-09-14T01:38:14.041Z
KG08,MR1,5.60,5.60,4.80,2.80,5.60,2026-09-14T01:38:14.039Z
KG08,MR10,5.30,5.30,4.50,2.60,5.30,2026-09-14T01:38:14.037Z
KG08,MR11,4.70,4.70,4.00,2.30,4.70,2026-09-14T01:38:14.165Z
KG08,MR2,5.30,5.30,4.50,2.60,5.30,2026-09-14T01:38:14.211Z
KG08,MR3,4.30,4.30,3.70,2.10,4.30,2026-09-14T01:38:14.206Z
KG08,MR4,3.70,3.70,3.20,1.80,3.70,2026-09-14T01:38:14.205Z
KG08,MR5,4.00,4.00,3.40,1.90,4.00,2026-09-14T01:38:14.206Z
KG08,MR6,4.30,4.30,3.70,2.10,4.30,2026-09-14T01:38:14.211Z
KG08,MR7,4.70,4.70,4.00,2.30,4.70,2026-09-14T01:38:14.214Z
KG08,MR8,5.20,5.20,4.50,2.60,5.20,2026-09-14T01:38:14.214Z
KG08,MR9,5.70,5.70,4.90,2.80,5.70,2026-09-14T01:38:14.335Z
KG08,PY01,2.80,2.80,2.50,1.40,2.80,2026-09-14T01:38:14.354Z
KG08,PY03,3.70,3.70,3.30,1.80,3.70,2026-09-14T01:38:14.357Z
KG08,PY04,4.10,4.10,3.60,2.00,4.10,2026-09-14T01:38:14.368Z
KG08,PY05,4.30,4.30,3.80,2.10,4.30,2026-09-14T01:38:14.372Z
KG08,PY06,4.80,4.80,4.20,2.40,4.80,2026-09-14T01:38:14.378Z
KG08,PY07,5.20,5.20,4.50,2.60,5.20,2026-09-14T01:38:14.376Z
KG08,PY08,5.10,5.10,4.40,2.50,5.10,2026-09-14T01:38:14.377Z
KG08,PY09,5.50,5.50,4.70,2.70,5.50,2026-09-14T01:38:14.502Z
KG08,PY10,5.70,5.70,4.90,2.80,5.70,2026-09-14T01:38:14.512Z
KG08,PY11,5.90,5.90,5.10,2.90,5.90,2026-09-14T01:38:14.522Z
KG08,PY12,5.60,5.60,4.80,2.70,5.60,2026-09-14T01:38:14.540Z
KG08,PY13,5.80,5.80,5.00,2.80,5.80,2026-09-14T01:38:14.539Z
KG08,PY14,5.80,5.80,4.90,2.80,5.80,2026-09-14T01:38:14.544Z
KG08,PY15,5.50,5.50,4.70,2.70,5.50,2026-09-14T01:38:14.535Z
KG08,PY16,5.10,5.10,4.40,2.50,5.10,2026-09-14T01:38:14.541Z
KG08,PY17,4.70,4.70,4.00,2.30,4.70,2026-09-14T01:38:14.664Z
KG08,PY18,4.90,4.90,4.20,2.40,4.90,2026-09-14T01:38:14.677Z
KG08,PY19,4.90,4.90,4.20,2.40,4.90,2026-09-14T01:38:14.674Z
KG08,PY20,4.50,4.50,3.90,2.20,4.50,2026-09-14T01:38:14.675Z
KG08,PY21,4.40,4.40,3.80,2.10,4.40,2026-09-14T01:38:14.706Z
KG08,PY22,4.20,4.20,3.60,2.00,4.20,2026-09-14T01:38:14.696Z
KG08,PY23,3.90,3.90,3.40,1.90,3.90,2026-09-14T01:38:14.689Z
KG08,PY24,4.30,4.30,3.60,2.10,4.30,2026-09-14T01:38:14.710Z
KG08,PY27,5.70,5.70,4.80,2.80,5.70,2026-09-14T01:38:14.838Z
KG08,PY28,6.10,6.10,5.10,3.00,6.10,2026-09-14T01:38:14.852Z
KG08,PY29,5.80,5.80,5.00,2.90,5.80,2026-09-14T01:38:14.845Z
KG08,PY31,6.60,6.60,5.60,3.30,6.60,2026-09-14T01:38:14.849Z
KG08,PY32,6.50,6.50,5.60,3.20,6.50,2026-09-14T01:38:14.849Z
KG08,PY33,6.70,6.70,5.70,3.30,6.70,2026-09-14T01:38:14.870Z
KG08,PY34,7.00,7.00,5.90,3.50,7.00,2026-09-14T01:38:14.871Z
KG08,PY36,7.00,7.00,6.00,3.50,7.00,2026-09-14T01:38:14.885Z
KG08,PY37,7.30,7.30,6.20,3.60,7.30,2026-09-14T01:38:15.010Z
KG08,PY38,6.70,6.70,5.70,3.30,6.70,2026-09-14T01:38:15.013Z
KG08,PY39,6.90,6.90,5.90,3.40,6.90,2026-09-14T01:38:15.026Z
KG08,PY40,7.00,7.00,6.00,3.50,7.00,2026-09-14T01:38:15.028Z
KG08,PY41,7.20,7.20,6.10,3.50,7.20,2026-09-14T01:38:15.024Z
KG08,SB1,11.50,11.50,9.70,5.70,11.50,2026-09-14T01:38:15.026Z
KG08,SB2,10.90,10.90,9.10,5.40,10.90,2026-09-14T01:38:15.035Z
KG08,SB3,10.20,10.20,8.60,5.10,10.20,2026-09-14T01:38:15.052Z
KG08,SB4,9.50,9.50,8.00,4.70,9.50,2026-09-14T01:38:15.176Z
KG08,SB5,8.80,8.80,7.40,4.40,8.80,2026-09-14T01:38:15.174Z
KG08,SB6,7.90,7.90,6.70,3.90,7.90,2026-09-14T01:38:15.188Z
KG08,SB7,7.10,7.10,6.00,3.50,7.10,2026-09-14T01:38:15.191Z
KG08,SP1,4.90,4.90,4.20,2.40,4.90,2026-09-14T01:38:15.192Z
KG08,SP10,4.00,4.00,3.40,1.90,4.00,2026-09-14T01:38:15.191Z
KG08,SP11,4.30,4.30,3.60,2.10,4.30,2026-09-14T01:38:15.210Z
KG08,SP12,4.30,4.30,3.70,2.10,4.30,2026-09-14T01:38:15.209Z
KG08,SP13,4.80,4.80,4.10,2.30,4.80,2026-09-14T01:38:15.352Z
KG08,SP14,5.10,5.10,4.40,2.50,5.10,2026-09-14T01:38:15.350Z
KG08,SP15,5.50,5.50,4.70,2.70,5.50,2026-09-14T01:38:15.361Z
KG08,SP16,5.80,5.80,5.00,2.90,5.80,2026-09-14T01:38:15.364Z
KG08,SP17,6.00,6.00,5.10,2.90,6.00,2026-09-14T01:38:15.364Z
KG08,SP18,6.20,6.20,5.30,3.00,6.20,2026-09-14T01:38:15.363Z
KG08,SP19,6.30,6.30,5.30,3.10,6.30,2026-09-14T01:38:15.383Z
KG08,SP2,4.70,4.70,4.00,2.30,4.70,2026-09-14T01:38:15.381Z
KG08,SP20,6.20,6.20,5.30,3.10,6.20,2026-09-14T01:38:15.517Z
KG08,SP21,6.50,6.50,5.50,3.20,6.50,2026-09-14T01:38:15.519Z
KG08,SP22,6.30,6.30,5.30,3.10,6.30,2026-09-14T01:38:15.528Z
KG08,SP24,6.50,6.50,5.60,3.20,6.50,2026-09-14T01:38:15.533Z
KG08,SP25,6.80,6.80,5.80,3.30,6.80,2026-09-14T01:38:15.533Z
KG08,SP26,6.20,6.20,5.20,3.10,6.20,2026-09-14T01:38:15.533Z
KG08,SP27,6.30,6.30,5.30,3.10,6.30,2026-09-14T01:38:15.545Z
KG08,SP28,6.40,6.40,5.40,3.10,6.40,2026-09-14T01:38:15.550Z
KG08,SP29,6.60,6.60,5.60,3.20,6.60,2026-09-14T01:38:15.689Z
KG08,SP3,4.70,4.70,4.00,2.30,4.70,2026-09-14T01:38:15.699Z
KG08,SP31,6.90,6.90,5.80,3.40,6.90,2026-09-14T01:38:15.690Z
KG08,SP4,4.40,4.40,3.70,2.10,4.40,2026-09-14T01:38:15.696Z
KG08,SP5,4.20,4.20,3.60,2.00,4.20,2026-09-14T01:38:15.691Z
KG08,SP6,4.00,4.00,3.40,1.90,4.00,2026-09-14T01:38:15.696Z
KG08,SP7,3.80,3.80,3.20,1.80,3.80,2026-09-14T01:38:15.705Z
KG08,SP8,3.50,3.50,3.00,1.70,3.50,2026-09-14T01:38:15.719Z
KG08,SP9,3.70,3.70,3.20,1.80,3.70,2026-09-14T01:38:15.860Z
KG09,KG10,1.40,1.40,1.30,0.70,1.40,2026-09-14T01:38:15.863Z
KG09,KG12,1.80,1.80,1.70,0.90,1.80,2026-09-14T01:38:15.862Z
KG09,KG13,2.50,2.50,2.20,1.20,2.50,2026-09-14T01:38:15.863Z
KG09,KG14,2.90,2.90,2.50,1.40,2.90,2026-09-14T01:38:15.865Z
KG09,KG15,3.20,3.20,2.80,1.60,3.20,2026-09-14T01:38:15.883Z
KG09,KG16,3.50,3.50,3.10,1.70,3.50,2026-09-14T01:38:15.871Z
KG09,KG17,3.60,3.60,3.20,1.80,3.60,2026-09-14T01:38:15.896Z
KG09,KG18A,3.90,3.90,3.40,1.90,3.90,2026-09-14T01:38:16.039Z
KG09,KG20,3.70,3.70,3.20,1.80,3.70,2026-09-14T01:38:16.037Z
KG09,KG21,3.90,3.90,3.40,1.90,3.90,2026-09-14T01:38:16.034Z
KG09,KG22,4.00,4.00,3.50,2.00,4.00,2026-09-14T01:38:16.042Z
KG09,KG23,3.70,3.70,3.20,1.80,3.70,2026-09-14T01:38:16.040Z
KG09,KG24,3.80,3.80,3.30,1.90,3.80,2026-09-14T01:38:16.065Z
KG09,KG25,4.10,4.10,3.50,2.00,4.10,2026-09-14T01:38:16.054Z
KG09,KG26,4.30,4.30,3.70,2.10,4.30,2026-09-14T01:38:16.057Z
KG09,KG27,3.70,3.70,3.20,1.80,3.70,2026-09-14T01:38:16.200Z
KG09,KG28,3.90,3.90,3.40,1.90,3.90,2026-09-14T01:38:16.210Z
KG09,KG29,4.00,4.00,3.50,2.00,4.00,2026-09-14T01:38:16.209Z
KG09,KG30,4.10,4.10,3.60,2.00,4.10,2026-09-14T01:38:16.208Z
KG09,KG31,4.30,4.30,3.70,2.10,4.30,2026-09-14T01:38:16.209Z
KG09,KG33,4.70,4.70,4.00,2.30,4.70,2026-09-14T01:38:16.218Z
KG09,KG34,4.80,4.80,4.10,2.30,4.80,2026-09-14T01:38:16.217Z
KG09,KG35,4.90,4.90,4.30,2.40,4.90,2026-09-14T01:38:16.230Z
KG09,KJ1,6.50,6.50,5.60,3.20,6.50,2026-09-14T01:38:16.379Z
KG09,KJ10,4.70,4.70,4.10,2.30,4.70,2026-09-14T01:38:16.387Z
KG09,KJ11,4.50,4.50,4.00,2.20,4.50,2026-09-14T01:38:16.388Z
KG09,KJ12,4.20,4.20,3.70,2.10,4.20,2026-09-14T01:38:16.387Z
KG09,KJ13,3.80,3.80,3.40,1.90,3.80,2026-09-14T01:38:16.389Z
KG09,KJ14,3.50,3.50,3.10,1.70,3.50,2026-09-14T01:38:16.398Z
KG09,KJ15,4.00,4.00,3.50,1.90,4.00,2026-09-14T01:38:16.393Z
KG09,KJ16,4.30,4.30,3.80,2.10,4.30,2026-09-14T01:38:16.395Z
KG09,KJ17,4.70,4.70,4.10,2.30,4.70,2026-09-14T01:38:16.531Z
KG09,KJ18,4.70,4.70,4.10,2.30,4.70,2026-09-14T01:38:16.548Z
KG09,KJ19,4.90,4.90,4.30,2.40,4.90,2026-09-14T01:38:16.560Z
KG09,KJ2,6.20,6.20,5.30,3.00,6.20,2026-09-14T01:38:16.549Z
KG09,KJ20,5.60,5.60,4.80,2.70,5.60,2026-09-14T01:38:16.561Z
KG09,KJ21,5.80,5.80,5.00,2.90,5.80,2026-09-14T01:38:16.559Z
KG09,KJ22,5.70,5.70,5.00,2.80,5.70,2026-09-14T01:38:16.560Z
KG09,KJ23,6.00,6.00,5.20,3.00,6.00,2026-09-14T01:38:16.567Z
KG09,KJ24,6.30,6.30,5.40,3.10,6.30,2026-09-14T01:38:16.701Z
KG09,KJ25,6.10,6.10,5.20,3.00,6.10,2026-09-14T01:38:16.718Z
KG09,KJ26,6.20,6.20,5.40,3.10,6.20,2026-09-14T01:38:16.727Z
KG09,KJ27,6.50,6.50,5.60,3.20,6.50,2026-09-14T01:38:16.718Z
KG09,KJ28,6.70,6.70,5.70,3.30,6.70,2026-09-14T01:38:16.727Z
KG09,KJ29,6.30,6.30,5.40,3.10,6.30,2026-09-14T01:38:16.718Z
KG09,KJ3,6.30,6.30,5.40,3.10,6.30,2026-09-14T01:38:16.724Z
KG09,KJ30,6.50,6.50,5.60,3.20,6.50,2026-09-14T01:38:16.725Z
KG09,KJ31,6.80,6.80,5.80,3.30,6.80,2026-09-14T01:38:16.872Z
KG09,KJ32,6.60,6.60,5.60,3.20,6.60,2026-09-14T01:38:16.891Z
KG09,KJ33,6.20,6.20,5.30,3.00,6.20,2026-09-14T01:38:16.894Z
KG09,KJ34,6.30,6.30,5.40,3.10,6.30,2026-09-14T01:38:16.902Z
KG09,KJ35,6.50,6.50,5.60,3.20,6.50,2026-09-14T01:38:16.899Z
KG09,KJ36,6.70,6.70,5.70,3.30,6.70,2026-09-14T01:38:16.894Z
KG09,KJ37,6.90,6.90,5.90,3.40,6.90,2026-09-14T01:38:16.899Z
KG09,KJ4,6.00,6.00,5.20,3.00,6.00,2026-09-14T01:38:16.902Z
KG09,KJ5,5.90,5.90,5.10,2.90,5.90,2026-09-14T01:38:17.051Z
KG09,KJ6,5.60,5.60,4.90,2.80,5.60,2026-09-14T01:38:17.068Z
KG09,KJ7,5.50,5.50,4.70,2.70,5.50,2026-09-14T01:38:17.057Z
KG09,KJ8,5.20,5.20,4.50,2.60,5.20,2026-09-14T01:38:17.057Z
KG09,KJ9,4.90,4.90,4.30,2.40,4.90,2026-09-14T01:38:17.055Z
KG09,MR1,5.70,5.70,5.00,2.90,5.70,2026-09-14T01:38:17.059Z
KG09,MR10,5.40,5.40,4.70,2.60,5.40,2026-09-14T01:38:17.086Z
KG09,MR11,4.70,4.70,4.10,2.30,4.70,2026-09-14T01:38:17.072Z
KG09,MR2,5.40,5.40,4.70,2.70,5.40,2026-09-14T01:38:17.216Z
KG09,MR3,4.40,4.40,3.90,2.20,4.40,2026-09-14T01:38:17.216Z
KG09,MR4,3.80,3.80,3.40,1.90,3.80,2026-09-14T01:38:17.226Z
KG09,MR5,4.10,4.10,3.60,2.00,4.10,2026-09-14T01:38:17.231Z
KG09,MR6,4.40,4.40,3.90,2.20,4.40,2026-09-14T01:38:17.238Z
KG09,MR7,4.80,4.80,4.20,2.40,4.80,2026-09-14T01:38:17.233Z
KG09,MR8,5.30,5.30,4.70,2.70,5.30,2026-09-14T01:38:17.231Z
KG09,MR9,5.80,5.80,5.10,2.90,5.80,2026-09-14T01:38:17.248Z
KG09,PY01,2.90,2.90,2.60,1.40,2.90,2026-09-14T01:38:17.378Z
KG09,PY03,3.70,3.70,3.30,1.80,3.70,2026-09-14T01:38:17.390Z
KG09,PY04,4.10,4.10,3.60,2.00,4.10,2026-09-14T01:38:17.405Z
KG09,PY05,4.30,4.30,3.80,2.10,4.30,2026-09-14T01:38:17.423Z
KG09,PY06,4.80,4.80,4.20,2.40,4.80,2026-09-14T01:38:17.414Z
KG09,PY07,5.20,5.20,4.50,2.60,5.20,2026-09-14T01:38:17.402Z
KG09,PY08,5.10,5.10,4.40,2.50,5.10,2026-09-14T01:38:17.404Z
KG09,PY09,5.50,5.50,4.70,2.70,5.50,2026-09-14T01:38:17.424Z
KG09,PY10,5.70,5.70,4.90,2.80,5.70,2026-09-14T01:38:17.574Z
KG09,PY11,5.90,5.90,5.10,2.90,5.90,2026-09-14T01:38:17.577Z
KG09,PY12,5.60,5.60,4.80,2.70,5.60,2026-09-14T01:38:17.575Z
KG09,PY13,5.80,5.80,5.00,2.80,5.80,2026-09-14T01:38:17.576Z
KG09,PY14,5.90,5.90,5.10,2.90,5.90,2026-09-14T01:38:17.577Z
KG09,PY15,5.60,5.60,4.90,2.80,5.60,2026-09-14T01:38:17.576Z
KG09,PY16,5.20,5.20,4.60,2.60,5.20,2026-09-14T01:38:17.587Z
KG09,PY17,4.70,4.70,4.10,2.30,4.70,2026-09-14T01:38:17.588Z
KG09,PY18,4.90,4.90,4.20,2.40,4.90,2026-09-14T01:38:17.736Z
KG09,PY19,4.70,4.70,4.00,2.30,4.70,2026-09-14T01:38:17.740Z
KG09,PY20,4.30,4.30,3.70,2.10,4.30,2026-09-14T01:38:17.728Z
KG09,PY21,4.20,4.20,3.60,2.00,4.20,2026-09-14T01:38:17.736Z
KG09,PY22,4.00,4.00,3.40,1.90,4.00,2026-09-14T01:38:17.740Z
KG09,PY23,3.70,3.70,3.20,1.80,3.70,2026-09-14T01:38:17.739Z
KG09,PY24,4.20,4.20,3.60,2.10,4.20,2026-09-14T01:38:17.766Z
KG09,PY27,5.60,5.60,4.80,2.70,5.60,2026-09-14T01:38:17.760Z
KG09,PY28,6.00,6.00,5.10,2.90,6.00,2026-09-14T01:38:17.905Z
KG09,PY29,5.90,5.90,5.10,2.90,5.90,2026-09-14T01:38:17.912Z
KG09,PY31,6.50,6.50,5.60,3.20,6.50,2026-09-14T01:38:17.905Z
KG09,PY32,6.30,6.30,5.40,3.10,6.30,2026-09-14T01:38:17.899Z
KG09,PY33,6.50,6.50,5.50,3.20,6.50,2026-09-14T01:38:17.899Z
KG09,PY34,6.80,6.80,5.80,3.40,6.80,2026-09-14T01:38:17.905Z
KG09,PY36,6.80,6.80,5.80,3.40,6.80,2026-09-14T01:38:17.927Z
KG09,PY37,7.10,7.10,6.00,3.50,7.10,2026-09-14T01:38:17.931Z
KG09,PY38,6.50,6.50,5.50,3.20,6.50,2026-09-14T01:38:18.055Z
KG09,PY39,6.70,6.70,5.70,3.30,6.70,2026-09-14T01:38:18.082Z
KG09,PY40,6.80,6.80,5.80,3.40,6.80,2026-09-14T01:38:18.072Z
KG09,PY41,7.00,7.00,5.90,3.40,7.00,2026-09-14T01:38:18.072Z
KG09,SB1,11.20,11.20,9.50,5.50,11.20,2026-09-14T01:38:18.074Z
KG09,SB2,10.60,10.60,8.90,5.20,10.60,2026-09-14T01:38:18.077Z
KG09,SB3,9.90,9.90,8.40,4.90,9.90,2026-09-14T01:38:18.085Z
KG09,SB4,9.20,9.20,7.80,4.50,9.20,2026-09-14T01:38:18.100Z
KG09,SB5,8.50,8.50,7.20,4.20,8.50,2026-09-14T01:38:18.226Z
KG09,SB6,7.60,7.60,6.50,3.70,7.60,2026-09-14T01:38:18.250Z
KG09,SB7,6.80,6.80,5.80,3.30,6.80,2026-09-14T01:38:18.238Z
KG09,SP1,5.00,5.00,4.40,2.50,5.00,2026-09-14T01:38:18.247Z
KG09,SP10,4.10,4.10,3.60,2.00,4.10,2026-09-14T01:38:18.250Z
KG09,SP11,4.20,4.20,3.60,2.10,4.20,2026-09-14T01:38:18.254Z
KG09,SP12,4.60,4.60,4.00,2.30,4.60,2026-09-14T01:38:18.253Z
KG09,SP13,5.10,5.10,4.40,2.50,5.10,2026-09-14T01:38:18.258Z
KG09,SP14,5.40,5.40,4.70,2.70,5.40,2026-09-14T01:38:18.400Z
KG09,SP15,5.60,5.60,4.90,2.80,5.60,2026-09-14T01:38:18.402Z
KG09,SP16,5.90,5.90,5.10,2.90,5.90,2026-09-14T01:38:18.430Z
KG09,SP17,6.30,6.30,5.40,3.10,6.30,2026-09-14T01:38:18.430Z
KG09,SP18,6.40,6.40,5.60,3.20,6.40,2026-09-14T01:38:18.619Z
KG09,SP19,6.40,6.40,5.50,3.20,6.40,2026-09-14T01:38:18.428Z
KG09,SP2,4.80,4.80,4.20,2.40,4.80,2026-09-14T01:38:18.429Z
KG09,SP20,6.50,6.50,5.60,3.30,6.50,2026-09-14T01:38:18.445Z
KG09,SP21,6.80,6.80,5.80,3.40,6.80,2026-09-14T01:38:18.567Z
KG09,SP22,6.40,6.40,5.50,3.20,6.40,2026-09-14T01:38:18.566Z
KG09,SP24,6.80,6.80,5.80,3.40,6.80,2026-09-14T01:38:18.599Z
KG09,SP25,6.50,6.50,5.60,3.20,6.50,2026-09-14T01:38:18.599Z
KG09,SP26,6.30,6.30,5.40,3.20,6.30,2026-09-14T01:38:18.598Z
KG09,SP27,6.40,6.40,5.50,3.20,6.40,2026-09-14T01:38:18.600Z
KG09,SP28,6.50,6.50,5.70,3.30,6.50,2026-09-14T01:38:18.606Z
KG09,SP29,6.70,6.70,5.80,3.40,6.70,2026-09-14T01:38:18.744Z
KG09,SP3,4.70,4.70,4.10,2.30,4.70,2026-09-14T01:38:18.748Z
KG09,SP31,6.90,6.90,5.90,3.40,6.90,2026-09-14T01:38:18.776Z
KG09,SP4,4.40,4.40,3.90,2.20,4.40,2026-09-14T01:38:18.777Z
KG09,SP5,4.20,4.20,3.70,2.10,4.20,2026-09-14T01:38:18.776Z
KG09,SP6,4.00,4.00,3.60,2.00,4.00,2026-09-14T01:38:18.775Z
KG09,SP7,3.80,3.80,3.40,1.90,3.80,2026-09-14T01:38:18.776Z
KG09,SP8,3.60,3.60,3.20,1.80,3.60,2026-09-14T01:38:18.790Z
KG09,SP9,3.80,3.80,3.40,1.90,3.80,2026-09-14T01:38:18.906Z
KG10,KG12,1.30,1.30,1.20,0.60,1.30,2026-09-14T01:38:18.909Z
KG10,KG13,2.00,2.00,1.80,1.00,2.00,2026-09-14T01:38:18.943Z
KG10,KG14,2.70,2.70,2.40,1.40,2.70,2026-09-14T01:38:18.944Z
KG10,KG15,3.10,3.10,2.70,1.60,3.10,2026-09-14T01:38:18.963Z
KG10,KG16,3.10,3.10,2.70,1.50,3.10,2026-09-14T01:38:18.944Z
KG10,KG17,3.20,3.20,2.80,1.60,3.20,2026-09-14T01:38:18.943Z
KG10,KG18A,3.50,3.50,3.10,1.70,3.50,2026-09-14T01:38:18.958Z
KG10,KG20,3.80,3.80,3.30,1.90,3.80,2026-09-14T01:38:19.068Z
KG10,KG21,3.50,3.50,3.10,1.70,3.50,2026-09-14T01:38:19.083Z
KG10,KG22,3.70,3.70,3.20,1.80,3.70,2026-09-14T01:38:19.120Z
KG10,KG23,4.00,4.00,3.50,2.00,4.00,2026-09-14T01:38:19.120Z
KG10,KG24,4.20,4.20,3.70,2.10,4.20,2026-09-14T01:38:19.121Z
KG10,KG25,3.80,3.80,3.30,1.90,3.80,2026-09-14T01:38:19.118Z
KG10,KG26,4.00,4.00,3.50,2.00,4.00,2026-09-14T01:38:19.120Z
KG10,KG27,4.40,4.40,3.80,2.10,4.40,2026-09-14T01:38:19.118Z
KG10,KG28,3.70,3.70,3.20,1.80,3.70,2026-09-14T01:38:19.240Z
KG10,KG29,3.80,3.80,3.30,1.90,3.80,2026-09-14T01:38:19.250Z
KG10,KG30,3.90,3.90,3.40,1.90,3.90,2026-09-14T01:38:19.282Z
KG10,KG31,4.10,4.10,3.60,2.00,4.10,2026-09-14T01:38:19.292Z
KG10,KG33,4.50,4.50,3.90,2.20,4.50,2026-09-14T01:38:19.294Z
KG10,KG34,4.60,4.60,4.00,2.20,4.60,2026-09-14T01:38:19.294Z
KG10,KG35,4.70,4.70,4.10,2.30,4.70,2026-09-14T01:38:19.286Z
KG10,KJ1,6.10,6.10,5.20,3.00,6.10,2026-09-14T01:38:19.286Z
KG10,KJ10,4.30,4.30,3.70,2.10,4.30,2026-09-14T01:38:19.413Z
KG10,KJ11,4.10,4.10,3.60,2.00,4.10,2026-09-14T01:38:19.407Z
KG10,KJ12,3.80,3.80,3.30,1.90,3.80,2026-09-14T01:38:19.441Z
KG10,KJ13,3.40,3.40,3.00,1.70,3.40,2026-09-14T01:38:19.451Z
KG10,KJ14,3.10,3.10,2.70,1.50,3.10,2026-09-14T01:38:19.454Z
KG10,KJ15,3.60,3.60,3.10,1.70,3.60,2026-09-14T01:38:19.451Z
KG10,KJ16,3.90,3.90,3.40,1.90,3.90,2026-09-14T01:38:19.450Z
KG10,KJ17,4.30,4.30,3.70,2.10,4.30,2026-09-14T01:38:19.462Z
KG10,KJ18,4.30,4.30,3.70,2.10,4.30,2026-09-14T01:38:19.605Z
KG10,KJ19,4.50,4.50,3.90,2.20,4.50,2026-09-14T01:38:19.587Z
KG10,KJ2,5.80,5.80,4.90,2.80,5.80,2026-09-14T01:38:19.613Z
KG10,KJ20,5.20,5.20,4.40,2.50,5.20,2026-09-14T01:38:19.608Z
KG10,KJ21,5.40,5.40,4.60,2.70,5.40,2026-09-14T01:38:19.610Z
KG10,KJ22,5.30,5.30,4.60,2.60,5.30,2026-09-14T01:38:19.612Z
KG10,KJ23,5.60,5.60,4.80,2.80,5.60,2026-09-14T01:38:19.625Z
KG10,KJ24,5.90,5.90,5.00,2.90,5.90,2026-09-14T01:38:19.629Z
KG10,KJ25,5.70,5.70,4.80,2.80,5.70,2026-09-14T01:38:19.759Z
KG10,KJ26,5.80,5.80,5.00,2.90,5.80,2026-09-14T01:38:19.769Z
KG10,KJ27,6.10,6.10,5.20,3.00,6.10,2026-09-14T01:38:19.775Z
KG10,KJ28,6.30,6.30,5.30,3.10,6.30,2026-09-14T01:38:19.774Z
KG10,KJ29,5.90,5.90,5.00,2.90,5.90,2026-09-14T01:38:19.766Z
KG10,KJ3,5.90,5.90,5.00,2.90,5.90,2026-09-14T01:38:19.786Z
KG10,KJ30,6.10,6.10,5.20,3.00,6.10,2026-09-14T01:38:19.796Z
KG10,KJ31,6.40,6.40,5.40,3.10,6.40,2026-09-14T01:38:19.794Z
KG10,KJ32,6.20,6.20,5.20,3.00,6.20,2026-09-14T01:38:19.921Z
KG10,KJ33,5.80,5.80,4.90,2.80,5.80,2026-09-14T01:38:19.938Z
KG10,KJ34,5.90,5.90,5.00,2.90,5.90,2026-09-14T01:38:19.934Z
KG10,KJ35,6.10,6.10,5.20,3.00,6.10,2026-09-14T01:38:19.938Z
KG10,KJ36,6.30,6.30,5.30,3.10,6.30,2026-09-14T01:38:19.939Z
KG10,KJ37,6.50,6.50,5.50,3.20,6.50,2026-09-14T01:38:19.948Z
KG10,KJ4,5.60,5.60,4.80,2.80,5.60,2026-09-14T01:38:19.956Z
KG10,KJ5,5.50,5.50,4.70,2.70,5.50,2026-09-14T01:38:19.967Z
KG10,KJ6,5.20,5.20,4.50,2.60,5.20,2026-09-14T01:38:20.087Z
KG10,KJ7,5.10,5.10,4.30,2.50,5.10,2026-09-14T01:38:20.105Z
KG10,KJ8,4.80,4.80,4.10,2.40,4.80,2026-09-14T01:38:20.108Z
KG10,KJ9,4.50,4.50,3.90,2.20,4.50,2026-09-14T01:38:20.105Z
KG10,MR1,5.30,5.30,4.60,2.70,5.30,2026-09-14T01:38:20.111Z
KG10,MR10,5.00,5.00,4.30,2.40,5.00,2026-09-14T01:38:20.119Z
KG10,MR11,4.30,4.30,3.70,2.10,4.30,2026-09-14T01:38:20.119Z
KG10,MR2,5.00,5.00,4.30,2.50,5.00,2026-09-14T01:38:20.121Z
KG10,MR3,4.00,4.00,3.50,2.00,4.00,2026-09-14T01:38:20.260Z
KG10,MR4,3.40,3.40,3.00,1.70,3.40,2026-09-14T01:38:20.278Z
KG10,MR5,3.70,3.70,3.20,1.80,3.70,2026-09-14T01:38:20.280Z
KG10,MR6,4.00,4.00,3.50,2.00,4.00,2026-09-14T01:38:20.280Z
KG10,MR7,4.40,4.40,3.80,2.20,4.40,2026-09-14T01:38:20.280Z
KG10,MR8,4.90,4.90,4.30,2.50,4.90,2026-09-14T01:38:20.281Z
KG10,MR9,5.40,5.40,4.70,2.70,5.40,2026-09-14T01:38:20.288Z
KG10,PY01,3.30,3.30,2.90,1.60,3.30,2026-09-14T01:38:20.282Z
KG10,PY03,4.10,4.10,3.60,2.00,4.10,2026-09-14T01:38:20.432Z
KG10,PY04,4.50,4.50,3.90,2.20,4.50,2026-09-14T01:38:20.455Z
KG10,PY05,4.70,4.70,4.10,2.30,4.70,2026-09-14T01:38:20.450Z
KG10,PY06,5.20,5.20,4.50,2.60,5.20,2026-09-14T01:38:20.454Z
KG10,PY07,5.60,5.60,4.80,2.80,5.60,2026-09-14T01:38:20.451Z
KG10,PY08,5.50,5.50,4.70,2.70,5.50,2026-09-14T01:38:20.454Z
KG10,PY09,5.90,5.90,5.00,2.90,5.90,2026-09-14T01:38:20.453Z
KG10,PY10,6.10,6.10,5.20,3.00,6.10,2026-09-14T01:38:20.453Z
KG10,PY11,6.30,6.30,5.40,3.10,6.30,2026-09-14T01:38:20.609Z
KG10,PY12,6.00,6.00,5.10,2.90,6.00,2026-09-14T01:38:20.627Z
KG10,PY13,5.70,5.70,4.90,2.80,5.70,2026-09-14T01:38:20.625Z
KG10,PY14,5.50,5.50,4.70,2.70,5.50,2026-09-14T01:38:20.624Z
KG10,PY15,5.20,5.20,4.50,2.60,5.20,2026-09-14T01:38:20.626Z
KG10,PY16,4.80,4.80,4.20,2.40,4.80,2026-09-14T01:38:20.625Z
KG10,PY17,4.30,4.30,3.70,2.10,4.30,2026-09-14T01:38:20.623Z
KG10,PY18,4.60,4.60,4.00,2.30,4.60,2026-09-14T01:38:20.623Z
KG10,PY19,4.80,4.80,4.10,2.40,4.80,2026-09-14T01:38:20.773Z
KG10,PY20,4.40,4.40,3.80,2.20,4.40,2026-09-14T01:38:20.788Z
KG10,PY21,4.30,4.30,3.70,2.10,4.30,2026-09-14T01:38:20.797Z
KG10,PY22,4.10,4.10,3.50,2.00,4.10,2026-09-14T01:38:20.794Z
KG10,PY23,3.80,3.80,3.30,1.90,3.80,2026-09-14T01:38:20.795Z
KG10,PY24,4.00,4.00,3.40,2.00,4.00,2026-09-14T01:38:20.794Z
KG10,PY27,5.40,5.40,4.60,2.70,5.40,2026-09-14T01:38:20.797Z
KG10,PY28,5.80,5.80,4.90,2.90,5.80,2026-09-14T01:38:20.795Z
KG10,PY29,5.50,5.50,4.80,2.80,5.50,2026-09-14T01:38:20.946Z
KG10,PY31,6.30,6.30,5.40,3.20,6.30,2026-09-14T01:38:20.976Z
KG10,PY32,6.40,6.40,5.50,3.20,6.40,2026-09-14T01:38:20.964Z
KG10,PY33,6.60,6.60,5.60,3.30,6.60,2026-09-14T01:38:20.966Z
KG10,PY34,6.80,6.80,5.70,3.40,6.80,2026-09-14T01:38:21.201Z
KG10,PY36,6.90,6.90,5.80,3.40,6.90,2026-09-14T01:38:20.966Z
KG10,PY37,7.10,7.10,6.00,3.60,7.10,2026-09-14T01:38:20.960Z
KG10,PY38,6.60,6.60,5.60,3.30,6.60,2026-09-14T01:38:20.968Z
KG10,PY39,6.80,6.80,5.70,3.40,6.80,2026-09-14T01:38:21.129Z
KG10,PY40,6.90,6.90,5.90,3.50,6.90,2026-09-14T01:38:21.142Z
KG10,PY41,7.10,7.10,6.00,3.50,7.10,2026-09-14T01:38:21.161Z
KG10,SB1,10.80,10.80,9.10,5.30,10.80,2026-09-14T01:38:21.138Z
KG10,SB2,10.20,10.20,8.50,5.00,10.20,2026-09-14T01:38:21.137Z
KG10,SB3,9.50,9.50,8.00,4.70,9.50,2026-09-14T01:38:21.144Z
KG10,SB4,8.80,8.80,7.40,4.30,8.80,2026-09-14T01:38:21.142Z
KG10,SB5,8.10,8.10,6.80,4.00,8.10,2026-09-14T01:38:21.287Z
KG10,SB6,7.20,7.20,6.10,3.50,7.20,2026-09-14T01:38:21.309Z
KG10,SB7,6.40,6.40,5.40,3.10,6.40,2026-09-14T01:38:21.307Z
KG10,SP1,4.60,4.60,4.00,2.30,4.60,2026-09-14T01:38:21.307Z
KG10,SP10,3.70,3.70,3.20,1.80,3.70,2026-09-14T01:38:21.311Z
KG10,SP11,4.00,4.00,3.40,2.00,4.00,2026-09-14T01:38:21.313Z
KG10,SP12,4.30,4.30,3.70,2.10,4.30,2026-09-14T01:38:21.321Z
KG10,SP13,4.80,4.80,4.10,2.30,4.80,2026-09-14T01:38:21.348Z
KG10,SP14,5.10,5.10,4.40,2.50,5.10,2026-09-14T01:38:21.457Z
KG10,SP15,5.20,5.20,4.50,2.60,5.20,2026-09-14T01:38:21.481Z
KG10,SP16,5.50,5.50,4.80,2.80,5.50,2026-09-14T01:38:21.482Z
KG10,SP17,6.00,6.00,5.10,2.90,6.00,2026-09-14T01:38:21.480Z
KG10,SP18,6.00,6.00,5.20,3.00,6.00,2026-09-14T01:38:21.487Z
KG10,SP19,6.00,6.00,5.10,3.00,6.00,2026-09-14T01:38:21.481Z
KG10,SP2,4.40,4.40,3.80,2.20,4.40,2026-09-14T01:38:21.489Z
KG10,SP20,6.20,6.20,5.30,3.10,6.20,2026-09-14T01:38:21.502Z
KG10,SP21,6.40,6.40,5.50,3.20,6.40,2026-09-14T01:38:21.631Z
KG10,SP22,6.00,6.00,5.10,3.00,6.00,2026-09-14T01:38:21.652Z
KG10,SP24,6.40,6.40,5.40,3.20,6.40,2026-09-14T01:38:21.654Z
KG10,SP25,6.10,6.10,5.20,3.00,6.10,2026-09-14T01:38:21.651Z
KG10,SP26,5.90,5.90,5.00,3.00,5.90,2026-09-14T01:38:21.652Z
KG10,SP27,6.00,6.00,5.10,3.00,6.00,2026-09-14T01:38:21.666Z
KG10,SP28,6.10,6.10,5.30,3.10,6.10,2026-09-14T01:38:21.662Z
KG10,SP29,6.30,6.30,5.40,3.20,6.30,2026-09-14T01:38:21.667Z
KG10,SP3,4.30,4.30,3.70,2.10,4.30,2026-09-14T01:38:21.800Z
KG10,SP31,6.50,6.50,5.50,3.20,6.50,2026-09-14T01:38:21.818Z
KG10,SP4,4.00,4.00,3.50,2.00,4.00,2026-09-14T01:38:21.822Z
KG10,SP5,3.80,3.80,3.30,1.90,3.80,2026-09-14T01:38:21.817Z
KG10,SP6,3.60,3.60,3.20,1.80,3.60,2026-09-14T01:38:21.824Z
KG10,SP7,3.40,3.40,3.00,1.70,3.40,2026-09-14T01:38:21.844Z
KG10,SP8,3.20,3.20,2.80,1.60,3.20,2026-09-14T01:38:21.830Z
KG10,SP9,3.40,3.40,3.00,1.70,3.40,2026-09-14T01:38:21.845Z
KG12,KG13,1.70,1.70,1.50,0.80,1.70,2026-09-14T01:38:21.973Z
KG12,KG14,2.30,2.30,2.10,1.20,2.30,2026-09-14T01:38:21.996Z
KG12,KG15,2.70,2.70,2.40,1.40,2.70,2026-09-14T01:38:21.989Z
KG12,KG16,3.10,3.10,2.70,1.50,3.10,2026-09-14T01:38:21.993Z
KG12,KG17,2.90,2.90,2.60,1.40,2.90,2026-09-14T01:38:22.000Z
KG12,KG18A,3.20,3.20,2.80,1.50,3.20,2026-09-14T01:38:21.997Z
KG12,KG20,3.50,3.50,3.00,1.70,3.50,2026-09-14T01:38:22.006Z
KG12,KG21,3.70,3.70,3.30,1.80,3.70,2026-09-14T01:38:22.004Z
KG12,KG22,3.40,3.40,3.00,1.70,3.40,2026-09-14T01:38:22.130Z
KG12,KG23,3.80,3.80,3.30,1.80,3.80,2026-09-14T01:38:22.157Z
KG12,KG24,3.90,3.90,3.40,1.90,3.90,2026-09-14T01:38:22.157Z
KG12,KG25,4.20,4.20,3.70,2.10,4.20,2026-09-14T01:38:22.373Z
KG12,KG26,3.80,3.80,3.30,1.90,3.80,2026-09-14T01:38:22.163Z
KG12,KG27,4.10,4.10,3.60,2.00,4.10,2026-09-14T01:38:22.171Z
KG12,KG28,4.40,4.40,3.80,2.10,4.40,2026-09-14T01:38:22.183Z
KG12,KG29,3.70,3.70,3.20,1.80,3.70,2026-09-14T01:38:22.182Z
KG12,KG30,3.80,3.80,3.30,1.80,3.80,2026-09-14T01:38:22.285Z
KG12,KG31,3.90,3.90,3.40,1.90,3.90,2026-09-14T01:38:22.321Z
KG12,KG33,4.30,4.30,3.70,2.10,4.30,2026-09-14T01:38:22.317Z
KG12,KG34,4.40,4.40,3.80,2.20,4.40,2026-09-14T01:38:22.327Z
KG12,KG35,4.60,4.60,3.90,2.20,4.60,2026-09-14T01:38:22.334Z
KG12,KJ1,6.00,6.00,5.10,2.90,6.00,2026-09-14T01:38:22.331Z
KG12,KJ10,4.20,4.20,3.70,2.00,4.20,2026-09-14T01:38:22.331Z
KG12,KJ11,3.90,3.90,3.40,1.80,3.90,2026-09-14T01:38:22.463Z
KG12,KJ12,3.60,3.60,3.10,1.70,3.60,2026-09-14T01:38:22.503Z
KG12,KJ13,3.20,3.20,2.80,1.50,3.20,2026-09-14T01:38:22.501Z
KG12,KJ14,3.10,3.10,2.70,1.50,3.10,2026-09-14T01:38:22.507Z
KG12,KJ15,3.70,3.70,3.20,1.70,3.70,2026-09-14T01:38:22.511Z
KG12,KJ16,4.00,4.00,3.50,1.90,4.00,2026-09-14T01:38:22.509Z
KG12,KJ17,4.40,4.40,3.80,2.10,4.40,2026-09-14T01:38:22.510Z
KG12,KJ18,4.40,4.40,3.80,2.10,4.40,2026-09-14T01:38:22.540Z
KG12,KJ19,4.60,4.60,4.00,2.20,4.60,2026-09-14T01:38:22.632Z
KG12,KJ2,5.90,5.90,5.00,2.80,5.90,2026-09-14T01:38:22.685Z
KG12,KJ20,5.30,5.30,4.50,2.50,5.30,2026-09-14T01:38:22.680Z
KG12,KJ21,5.30,5.30,4.60,2.60,5.30,2026-09-14T01:38:22.673Z
KG12,KJ22,5.40,5.40,4.70,2.60,5.40,2026-09-14T01:38:22.679Z
KG12,KJ23,5.70,5.70,4.90,2.80,5.70,2026-09-14T01:38:22.686Z
KG12,KJ24,6.00,6.00,5.10,2.90,6.00,2026-09-14T01:38:22.680Z
KG12,KJ25,5.80,5.80,4.90,2.80,5.80,2026-09-14T01:38:22.708Z
KG12,KJ26,5.90,5.90,5.10,2.90,5.90,2026-09-14T01:38:22.801Z
KG12,KJ27,6.20,6.20,5.30,3.00,6.20,2026-09-14T01:38:22.855Z
KG12,KJ28,6.00,6.00,5.10,2.90,6.00,2026-09-14T01:38:22.854Z
KG12,KJ29,6.00,6.00,5.10,2.90,6.00,2026-09-14T01:38:22.854Z
KG12,KJ3,5.70,5.70,4.90,2.80,5.70,2026-09-14T01:38:22.854Z
KG12,KJ30,6.20,6.20,5.30,3.00,6.20,2026-09-14T01:38:22.846Z
KG12,KJ31,6.50,6.50,5.50,3.10,6.50,2026-09-14T01:38:22.850Z
KG12,KJ32,5.90,5.90,5.00,2.80,5.90,2026-09-14T01:38:22.878Z
KG12,KJ33,5.90,5.90,5.00,2.80,5.90,2026-09-14T01:38:22.979Z
KG12,KJ34,6.00,6.00,5.10,2.90,6.00,2026-09-14T01:38:23.020Z
KG12,KJ35,6.20,6.20,5.30,3.00,6.20,2026-09-14T01:38:23.028Z
KG12,KJ36,6.40,6.40,5.40,3.10,6.40,2026-09-14T01:38:23.254Z
KG12,KJ37,6.30,6.30,5.40,3.10,6.30,2026-09-14T01:38:23.027Z
KG12,KJ4,5.50,5.50,4.70,2.60,5.50,2026-09-14T01:38:23.020Z
KG12,KJ5,5.30,5.30,4.50,2.50,5.30,2026-09-14T01:38:23.021Z
KG12,KJ6,5.00,5.00,4.30,2.40,5.00,2026-09-14T01:38:23.035Z
KG12,KJ7,4.80,4.80,4.20,2.30,4.80,2026-09-14T01:38:23.150Z
KG12,KJ8,4.60,4.60,4.00,2.20,4.60,2026-09-14T01:38:23.193Z
KG12,KJ9,4.30,4.30,3.80,2.10,4.30,2026-09-14T01:38:23.189Z
KG12,MR1,5.00,5.00,4.40,2.50,5.00,2026-09-14T01:38:23.198Z
KG12,MR10,4.70,4.70,4.10,2.30,4.70,2026-09-14T01:38:23.191Z
KG12,MR11,4.10,4.10,3.60,2.00,4.10,2026-09-14T01:38:23.191Z
KG12,MR2,4.70,4.70,4.10,2.30,4.70,2026-09-14T01:38:23.193Z
KG12,MR3,3.70,3.70,3.30,1.80,3.70,2026-09-14T01:38:23.321Z
KG12,MR4,3.10,3.10,2.80,1.50,3.10,2026-09-14T01:38:23.369Z
KG12,MR5,3.40,3.40,3.00,1.60,3.40,2026-09-14T01:38:23.374Z
KG12,MR6,3.70,3.70,3.30,1.80,3.70,2026-09-14T01:38:23.365Z
KG12,MR7,4.10,4.10,3.60,2.00,4.10,2026-09-14T01:38:23.364Z
KG12,MR8,4.60,4.60,4.10,2.30,4.60,2026-09-14T01:38:23.375Z
KG12,MR9,5.10,5.10,4.50,2.50,5.10,2026-09-14T01:38:23.363Z
KG12,PY01,3.70,3.70,3.20,1.80,3.70,2026-09-14T01:38:23.409Z
KG12,PY03,4.50,4.50,3.90,2.20,4.50,2026-09-14T01:38:23.502Z
KG12,PY04,4.90,4.90,4.20,2.40,4.90,2026-09-14T01:38:23.532Z
KG12,PY05,5.10,5.10,4.40,2.50,5.10,2026-09-14T01:38:23.541Z
KG12,PY06,5.60,5.60,4.80,2.80,5.60,2026-09-14T01:38:23.541Z
KG12,PY07,6.00,6.00,5.10,3.00,6.00,2026-09-14T01:38:23.541Z
KG12,PY08,5.90,5.90,5.00,2.90,5.90,2026-09-14T01:38:23.582Z
KG12,PY09,6.10,6.10,5.10,3.00,6.10,2026-09-14T01:38:23.541Z
KG12,PY10,6.20,6.20,5.40,3.10,6.20,2026-09-14T01:38:23.590Z
KG12,PY11,6.00,6.00,5.20,2.90,6.00,2026-09-14T01:38:23.664Z
KG12,PY12,5.70,5.70,4.90,2.80,5.70,2026-09-14T01:38:23.697Z
KG12,PY13,5.40,5.40,4.70,2.60,5.40,2026-09-14T01:38:23.708Z
KG12,PY14,5.20,5.20,4.50,2.50,5.20,2026-09-14T01:38:23.705Z
KG12,PY15,4.90,4.90,4.30,2.40,4.90,2026-09-14T01:38:23.708Z
KG12,PY16,4.50,4.50,4.00,2.20,4.50,2026-09-14T01:38:23.708Z
KG12,PY17,4.10,4.10,3.60,2.00,4.10,2026-09-14T01:38:23.740Z
KG12,PY18,4.30,4.30,3.80,2.10,4.30,2026-09-14T01:38:23.750Z
KG12,PY19,4.50,4.50,3.80,2.20,4.50,2026-09-14T01:38:23.823Z
KG12,PY20,4.10,4.10,3.50,2.00,4.10,2026-09-14T01:38:23.870Z
KG12,PY21,4.00,4.00,3.40,1.90,4.00,2026-09-14T01:38:23.865Z
KG12,PY22,3.80,3.80,3.20,1.80,3.80,2026-09-14T01:38:23.874Z
KG12,PY23,3.50,3.50,3.00,1.70,3.50,2026-09-14T01:38:23.866Z
KG12,PY24,3.70,3.70,3.20,1.80,3.70,2026-09-14T01:38:23.868Z
KG12,PY27,5.10,5.10,4.40,2.50,5.10,2026-09-14T01:38:23.907Z
KG12,PY28,5.50,5.50,4.70,2.70,5.50,2026-09-14T01:38:23.906Z
KG12,PY29,5.20,5.20,4.60,2.60,5.20,2026-09-14T01:38:24.000Z
KG12,PY31,6.00,6.00,5.20,3.00,6.00,2026-09-14T01:38:24.044Z
KG12,PY32,6.10,6.10,5.20,3.00,6.10,2026-09-14T01:38:24.042Z
KG12,PY33,6.30,6.30,5.30,3.10,6.30,2026-09-14T01:38:24.046Z
KG12,PY34,6.50,6.50,5.50,3.20,6.50,2026-09-14T01:38:24.045Z
KG12,PY36,6.60,6.60,5.60,3.20,6.60,2026-09-14T01:38:24.043Z
KG12,PY37,6.80,6.80,5.80,3.40,6.80,2026-09-14T01:38:24.070Z
KG12,PY38,6.30,6.30,5.30,3.10,6.30,2026-09-14T01:38:24.070Z
KG12,PY39,6.50,6.50,5.50,3.20,6.50,2026-09-14T01:38:24.170Z
KG12,PY40,6.60,6.60,5.60,3.30,6.60,2026-09-14T01:38:24.212Z
KG12,PY41,6.80,6.80,5.70,3.30,6.80,2026-09-14T01:38:24.213Z
KG12,SB1,10.90,10.90,9.20,5.30,10.90,2026-09-14T01:38:24.212Z
KG12,SB2,10.30,10.30,8.60,5.00,10.30,2026-09-14T01:38:24.213Z
KG12,SB3,9.60,9.60,8.10,4.70,9.60,2026-09-14T01:38:24.213Z
KG12,SB4,8.90,8.90,7.50,4.30,8.90,2026-09-14T01:38:24.225Z
KG12,SB5,8.20,8.20,6.90,4.00,8.20,2026-09-14T01:38:24.225Z
KG12,SB6,7.30,7.30,6.20,3.50,7.30,2026-09-14T01:38:24.341Z
KG12,SB7,6.50,6.50,5.50,3.10,6.50,2026-09-14T01:38:24.381Z
KG12,SP1,4.30,4.30,3.80,2.10,4.30,2026-09-14T01:38:24.386Z
KG12,SP10,3.40,3.40,3.00,1.60,3.40,2026-09-14T01:38:24.388Z
KG12,SP11,3.70,3.70,3.20,1.80,3.70,2026-09-14T01:38:24.390Z
KG12,SP12,4.00,4.00,3.50,2.00,4.00,2026-09-14T01:38:24.390Z
KG12,SP13,4.50,4.50,3.90,2.20,4.50,2026-09-14T01:38:24.392Z
KG12,SP14,4.80,4.80,4.20,2.40,4.80,2026-09-14T01:38:24.394Z
KG12,SP15,4.90,4.90,4.30,2.40,4.90,2026-09-14T01:38:24.505Z
KG12,SP16,5.20,5.20,4.60,2.60,5.20,2026-09-14T01:38:24.553Z
KG12,SP17,5.70,5.70,4.90,2.80,5.70,2026-09-14T01:38:24.553Z
KG12,SP18,5.90,5.90,5.10,2.90,5.90,2026-09-14T01:38:24.552Z
KG12,SP19,5.70,5.70,4.90,2.80,5.70,2026-09-14T01:38:24.553Z
KG12,SP2,4.10,4.10,3.60,2.00,4.10,2026-09-14T01:38:24.552Z
KG12,SP20,5.90,5.90,5.10,2.90,5.90,2026-09-14T01:38:24.550Z
KG12,SP21,6.10,6.10,5.30,3.00,6.10,2026-09-14T01:38:24.549Z
KG12,SP22,5.70,5.70,4.90,2.80,5.70,2026-09-14T01:38:24.678Z
KG12,SP24,6.10,6.10,5.20,3.00,6.10,2026-09-14T01:38:24.708Z
KG12,SP25,6.20,6.20,5.30,3.00,6.20,2026-09-14T01:38:24.727Z
KG12,SP26,5.60,5.60,4.80,2.80,5.60,2026-09-14T01:38:24.721Z
KG12,SP27,5.70,5.70,4.90,2.80,5.70,2026-09-14T01:38:24.725Z
KG12,SP28,5.80,5.80,5.10,2.90,5.80,2026-09-14T01:38:24.723Z
KG12,SP29,6.00,6.00,5.20,3.00,6.00,2026-09-14T01:38:24.727Z
KG12,SP3,4.10,4.10,3.60,2.00,4.10,2026-09-14T01:38:24.724Z
KG12,SP31,6.30,6.30,5.40,3.10,6.30,2026-09-14T01:38:24.838Z
KG12,SP4,3.80,3.80,3.30,1.80,3.80,2026-09-14T01:38:24.888Z
KG12,SP5,3.60,3.60,3.20,1.70,3.60,2026-09-14T01:38:24.891Z
KG12,SP6,3.40,3.40,3.00,1.60,3.40,2026-09-14T01:38:24.883Z
KG12,SP7,3.20,3.20,2.80,1.50,3.20,2026-09-14T01:38:24.892Z
KG12,SP8,2.90,2.90,2.60,1.40,2.90,2026-09-14T01:38:24.885Z
KG12,SP9,3.10,3.10,2.80,1.50,3.10,2026-09-14T01:38:24.886Z
KG13,KG14,1.60,1.60,1.50,0.80,1.60,2026-09-14T01:38:24.886Z
KG13,KG15,2.00,2.00,1.80,1.00,2.00,2026-09-14T01:38:25.003Z
KG13,KG16,2.30,2.30,2.00,1.10,2.30,2026-09-14T01:38:25.055Z
KG13,KG17,2.50,2.50,2.20,1.20,2.50,2026-09-14T01:38:25.051Z
KG13,KG18A,2.80,2.80,2.50,1.40,2.80,2026-09-14T01:38:25.049Z
KG13,KG20,3.20,3.20,2.80,1.60,3.20,2026-09-14T01:38:25.054Z
KG13,KG21,3.10,3.10,2.70,1.50,3.10,2026-09-14T01:38:25.050Z
KG13,KG22,3.30,3.30,2.90,1.60,3.30,2026-09-14T01:38:25.053Z
KG13,KG23,3.70,3.70,3.20,1.80,3.70,2026-09-14T01:38:25.063Z
KG13,KG24,3.90,3.90,3.40,1.90,3.90,2026-09-14T01:38:25.185Z
KG13,KG25,3.70,3.70,3.30,1.80,3.70,2026-09-14T01:38:25.235Z
KG13,KG26,4.00,4.00,3.50,2.00,4.00,2026-09-14T01:38:25.243Z
KG13,KG27,3.70,3.70,3.20,1.80,3.70,2026-09-14T01:38:25.246Z
KG13,KG28,3.90,3.90,3.40,1.90,3.90,2026-09-14T01:38:25.247Z
KG13,KG29,4.20,4.20,3.60,2.00,4.20,2026-09-14T01:38:25.245Z
KG13,KG30,4.30,4.30,3.70,2.10,4.30,2026-09-14T01:38:25.247Z
KG13,KG31,3.60,3.60,3.20,1.80,3.60,2026-09-14T01:38:25.248Z
KG13,KG33,4.00,4.00,3.50,1.90,4.00,2026-09-14T01:38:25.351Z
KG13,KG34,4.10,4.10,3.60,2.00,4.10,2026-09-14T01:38:25.381Z
KG13,KG35,4.20,4.20,3.70,2.10,4.20,2026-09-14T01:38:25.406Z
KG13,KJ1,5.40,5.40,4.60,2.60,5.40,2026-09-14T01:38:25.405Z
KG13,KJ10,3.60,3.60,3.10,1.70,3.60,2026-09-14T01:38:25.414Z
KG13,KJ11,3.40,3.40,3.00,1.60,3.40,2026-09-14T01:38:25.408Z
KG13,KJ12,3.00,3.00,2.60,1.50,3.00,2026-09-14T01:38:25.411Z
KG13,KJ13,2.60,2.60,2.30,1.30,2.60,2026-09-14T01:38:25.407Z
KG13,KJ14,2.30,2.30,2.00,1.10,2.30,2026-09-14T01:38:25.528Z
KG13,KJ15,2.80,2.80,2.40,1.30,2.80,2026-09-14T01:38:25.537Z
KG13,KJ16,3.10,3.10,2.70,1.50,3.10,2026-09-14T01:38:25.580Z
KG13,KJ17,3.60,3.60,3.10,1.70,3.60,2026-09-14T01:38:25.586Z
KG13,KJ18,3.60,3.60,3.10,1.70,3.60,2026-09-14T01:38:25.585Z
KG13,KJ19,3.80,3.80,3.30,1.80,3.80,2026-09-14T01:38:25.580Z
KG13,KJ2,5.10,5.10,4.30,2.40,5.10,2026-09-14T01:38:25.583Z
KG13,KJ20,4.50,4.50,3.80,2.10,4.50,2026-09-14T01:38:25.587Z
KG13,KJ21,4.70,4.70,4.00,2.30,4.70,2026-09-14T01:38:25.700Z
KG13,KJ22,4.60,4.60,4.00,2.20,4.60,2026-09-14T01:38:25.701Z
KG13,KJ23,4.90,4.90,4.20,2.40,4.90,2026-09-14T01:38:25.743Z
KG13,KJ24,5.20,5.20,4.40,2.50,5.20,2026-09-14T01:38:25.742Z
KG13,KJ25,5.00,5.00,4.20,2.40,5.00,2026-09-14T01:38:25.742Z
KG13,KJ26,5.10,5.10,4.40,2.50,5.10,2026-09-14T01:38:25.747Z
KG13,KJ27,5.40,5.40,4.60,2.60,5.40,2026-09-14T01:38:25.756Z
KG13,KJ28,5.70,5.70,4.80,2.70,5.70,2026-09-14T01:38:25.756Z
KG13,KJ29,5.20,5.20,4.40,2.50,5.20,2026-09-14T01:38:25.850Z
KG13,KJ3,5.20,5.20,4.40,2.50,5.20,2026-09-14T01:38:25.867Z
KG13,KJ30,5.40,5.40,4.60,2.60,5.40,2026-09-14T01:38:25.903Z
KG13,KJ31,5.70,5.70,4.80,2.70,5.70,2026-09-14T01:38:25.901Z
KG13,KJ32,5.60,5.60,4.70,2.60,5.60,2026-09-14T01:38:25.896Z
KG13,KJ33,5.10,5.10,4.30,2.40,5.10,2026-09-14T01:38:25.906Z
KG13,KJ34,5.20,5.20,4.40,2.50,5.20,2026-09-14T01:38:25.915Z
KG13,KJ35,5.40,5.40,4.60,2.60,5.40,2026-09-14T01:38:25.921Z
KG13,KJ36,5.60,5.60,4.70,2.70,5.60,2026-09-14T01:38:26.018Z
KG13,KJ37,5.80,5.80,4.90,2.80,5.80,2026-09-14T01:38:26.034Z
KG13,KJ4,4.90,4.90,4.20,2.40,4.90,2026-09-14T01:38:26.062Z
KG13,KJ5,4.80,4.80,4.10,2.30,4.80,2026-09-14T01:38:26.066Z
KG13,KJ6,4.50,4.50,3.90,2.20,4.50,2026-09-14T01:38:26.082Z
KG13,KJ7,4.40,4.40,3.70,2.10,4.40,2026-09-14T01:38:26.082Z
KG13,KJ8,4.10,4.10,3.50,2.00,4.10,2026-09-14T01:38:26.072Z
KG13,KJ9,3.80,3.80,3.30,1.80,3.80,2026-09-14T01:38:26.094Z
KG13,MR1,4.70,4.70,4.10,2.30,4.70,2026-09-14T01:38:26.189Z
KG13,MR10,4.30,4.30,3.70,2.00,4.30,2026-09-14T01:38:26.206Z
KG13,MR11,3.60,3.60,3.10,1.70,3.60,2026-09-14T01:38:26.215Z
KG13,MR2,4.40,4.40,3.80,2.10,4.40,2026-09-14T01:38:26.231Z
KG13,MR3,3.40,3.40,3.00,1.60,3.40,2026-09-14T01:38:26.230Z
KG13,MR4,2.70,2.70,2.40,1.30,2.70,2026-09-14T01:38:26.236Z
KG13,MR5,3.10,3.10,2.70,1.40,3.10,2026-09-14T01:38:26.237Z
KG13,MR6,3.40,3.40,3.00,1.60,3.40,2026-09-14T01:38:26.234Z
KG13,MR7,3.80,3.80,3.30,1.80,3.80,2026-09-14T01:38:26.374Z
KG13,MR8,4.30,4.30,3.80,2.10,4.30,2026-09-14T01:38:26.388Z
KG13,MR9,4.80,4.80,4.20,2.30,4.80,2026-09-14T01:38:26.390Z
KG13,PY01,3.70,3.70,3.30,1.80,3.70,2026-09-14T01:38:26.425Z
KG13,PY03,4.50,4.50,4.00,2.20,4.50,2026-09-14T01:38:26.417Z
KG13,PY04,4.90,4.90,4.30,2.40,4.90,2026-09-14T01:38:26.409Z
KG13,PY05,5.10,5.10,4.50,2.50,5.10,2026-09-14T01:38:26.430Z
KG13,PY06,5.60,5.60,4.90,2.80,5.60,2026-09-14T01:38:26.429Z
KG13,PY07,6.00,6.00,5.20,3.00,6.00,2026-09-14T01:38:26.560Z
KG13,PY08,5.90,5.90,5.10,2.90,5.90,2026-09-14T01:38:26.547Z
KG13,PY09,5.90,5.90,5.00,2.90,5.90,2026-09-14T01:38:26.563Z
KG13,PY10,5.90,5.90,5.10,2.90,5.90,2026-09-14T01:38:26.583Z
KG13,PY11,5.70,5.70,4.90,2.70,5.70,2026-09-14T01:38:26.585Z
KG13,PY12,5.40,5.40,4.60,2.60,5.40,2026-09-14T01:38:26.590Z
KG13,PY13,5.10,5.10,4.40,2.40,5.10,2026-09-14T01:38:26.589Z
KG13,PY14,4.90,4.90,4.20,2.30,4.90,2026-09-14T01:38:26.597Z
KG13,PY15,4.60,4.60,4.00,2.20,4.60,2026-09-14T01:38:26.729Z
KG13,PY16,4.20,4.20,3.70,2.00,4.20,2026-09-14T01:38:26.726Z
KG13,PY17,3.60,3.60,3.10,1.70,3.60,2026-09-14T01:38:26.739Z
KG13,PY18,4.00,4.00,3.50,1.90,4.00,2026-09-14T01:38:26.758Z
KG13,PY19,4.30,4.30,3.70,2.10,4.30,2026-09-14T01:38:26.754Z
KG13,PY20,3.90,3.90,3.40,1.90,3.90,2026-09-14T01:38:26.760Z
KG13,PY21,3.80,3.80,3.30,1.80,3.80,2026-09-14T01:38:26.758Z
KG13,PY22,3.60,3.60,3.10,1.70,3.60,2026-09-14T01:38:26.764Z
KG13,PY23,3.20,3.20,2.80,1.60,3.20,2026-09-14T01:38:26.893Z
KG13,PY24,3.30,3.30,2.80,1.60,3.30,2026-09-14T01:38:26.895Z
KG13,PY27,4.80,4.80,4.10,2.30,4.80,2026-09-14T01:38:26.908Z
KG13,PY28,5.20,5.20,4.40,2.50,5.20,2026-09-14T01:38:26.911Z
KG13,PY29,4.90,4.90,4.30,2.40,4.90,2026-09-14T01:38:26.912Z
KG13,PY31,5.70,5.70,4.90,2.80,5.70,2026-09-14T01:38:26.909Z
KG13,PY32,5.90,5.90,5.10,2.90,5.90,2026-09-14T01:38:26.910Z
KG13,PY33,6.10,6.10,5.20,3.00,6.10,2026-09-14T01:38:26.922Z
KG13,PY34,6.20,6.20,5.20,3.00,6.20,2026-09-14T01:38:27.067Z
KG13,PY36,6.30,6.30,5.30,3.00,6.30,2026-09-14T01:38:27.070Z
KG13,PY37,6.50,6.50,5.50,3.20,6.50,2026-09-14T01:38:27.087Z
KG13,PY38,6.10,6.10,5.20,3.00,6.10,2026-09-14T01:38:27.080Z
KG13,PY39,6.20,6.20,5.20,3.00,6.20,2026-09-14T01:38:27.090Z
KG13,PY40,6.40,6.40,5.40,3.10,6.40,2026-09-14T01:38:27.085Z
KG13,PY41,6.50,6.50,5.50,3.10,6.50,2026-09-14T01:38:27.081Z
KG13,SB1,10.10,10.10,8.50,4.90,10.10,2026-09-14T01:38:27.100Z
KG13,SB2,9.50,9.50,7.90,4.60,9.50,2026-09-14T01:38:27.230Z
KG13,SB3,8.80,8.80,7.40,4.30,8.80,2026-09-14T01:38:27.238Z
KG13,SB4,8.10,8.10,6.80,3.90,8.10,2026-09-14T01:38:27.259Z
KG13,SB5,7.40,7.40,6.20,3.60,7.40,2026-09-14T01:38:27.256Z
KG13,SB6,6.50,6.50,5.50,3.10,6.50,2026-09-14T01:38:27.255Z
KG13,SB7,5.70,5.70,4.80,2.70,5.70,2026-09-14T01:38:27.255Z
KG13,SP1,3.90,3.90,3.40,1.90,3.90,2026-09-14T01:38:27.254Z
KG13,SP10,3.00,3.00,2.60,1.40,3.00,2026-09-14T01:38:27.267Z
KG13,SP11,3.30,3.30,2.80,1.60,3.30,2026-09-14T01:38:27.380Z
KG13,SP12,3.80,3.80,3.30,1.80,3.80,2026-09-14T01:38:27.405Z
KG13,SP13,4.20,4.20,3.60,2.00,4.20,2026-09-14T01:38:27.428Z
KG13,SP14,4.60,4.60,4.00,2.20,4.60,2026-09-14T01:38:27.429Z
KG13,SP15,4.60,4.60,4.00,2.20,4.60,2026-09-14T01:38:27.432Z
KG13,SP16,4.90,4.90,4.30,2.40,4.90,2026-09-14T01:38:27.429Z
KG13,SP17,5.40,5.40,4.60,2.60,5.40,2026-09-14T01:38:27.425Z
KG13,SP18,5.30,5.30,4.60,2.60,5.30,2026-09-14T01:38:27.430Z
KG13,SP19,5.40,5.40,4.60,2.60,5.40,2026-09-14T01:38:27.546Z
KG13,SP2,3.80,3.80,3.30,1.80,3.80,2026-09-14T01:38:27.574Z
KG13,SP20,5.60,5.60,4.80,2.70,5.60,2026-09-14T01:38:27.590Z
KG13,SP21,5.80,5.80,5.00,2.80,5.80,2026-09-14T01:38:27.596Z
KG13,SP22,5.40,5.40,4.60,2.60,5.40,2026-09-14T01:38:27.601Z
KG13,SP24,5.80,5.80,4.90,2.80,5.80,2026-09-14T01:38:27.596Z
KG13,SP25,5.40,5.40,4.60,2.60,5.40,2026-09-14T01:38:27.593Z
KG13,SP26,5.30,5.30,4.50,2.60,5.30,2026-09-14T01:38:27.597Z
KG13,SP27,5.40,5.40,4.60,2.60,5.40,2026-09-14T01:38:27.714Z
KG13,SP28,5.50,5.50,4.80,2.70,5.50,2026-09-14T01:38:27.745Z
KG13,SP29,5.70,5.70,4.90,2.80,5.70,2026-09-14T01:38:27.753Z
KG13,SP3,3.60,3.60,3.10,1.70,3.60,2026-09-14T01:38:27.756Z
KG13,SP31,5.80,5.80,4.90,2.80,5.80,2026-09-14T01:38:27.753Z
KG13,SP4,3.20,3.20,2.80,1.60,3.20,2026-09-14T01:38:27.751Z
KG13,SP5,3.00,3.00,2.60,1.50,3.00,2026-09-14T01:38:27.752Z
KG13,SP6,2.80,2.80,2.50,1.40,2.80,2026-09-14T01:38:27.763Z
KG13,SP7,2.60,2.60,2.30,1.30,2.60,2026-09-14T01:38:27.888Z
KG13,SP8,2.50,2.50,2.20,1.20,2.50,2026-09-14T01:38:27.914Z
KG13,SP9,2.70,2.70,2.40,1.30,2.70,2026-09-14T01:38:27.917Z
KG14,KG15,1.30,1.30,1.20,0.60,1.30,2026-09-14T01:38:27.914Z
KG14,KG16,1.70,1.70,1.50,0.80,1.70,2026-09-14T01:38:27.918Z
KG14,KG17,1.90,1.90,1.70,0.90,1.90,2026-09-14T01:38:27.919Z
KG14,KG18A,2.00,2.00,1.80,1.00,2.00,2026-09-14T01:38:27.917Z
KG14,KG20,2.40,2.40,2.20,1.20,2.40,2026-09-14T01:38:27.925Z
KG14,KG21,2.80,2.80,2.40,1.40,2.80,2026-09-14T01:38:28.040Z
KG14,KG22,3.00,3.00,2.60,1.50,3.00,2026-09-14T01:38:28.089Z
KG14,KG23,3.10,3.10,2.70,1.50,3.10,2026-09-14T01:38:28.091Z
KG14,KG24,3.30,3.30,2.90,1.60,3.30,2026-09-14T01:38:28.092Z
KG14,KG25,3.70,3.70,3.20,1.80,3.70,2026-09-14T01:38:28.089Z
KG14,KG26,3.50,3.50,3.10,1.70,3.50,2026-09-14T01:38:28.091Z
KG14,KG27,3.90,3.90,3.40,1.90,3.90,2026-09-14T01:38:28.085Z
KG14,KG28,4.20,4.20,3.60,2.00,4.20,2026-09-14T01:38:28.099Z
KG14,KG29,3.80,3.80,3.30,1.80,3.80,2026-09-14T01:38:28.205Z
KG14,KG30,3.90,3.90,3.40,1.90,3.90,2026-09-14T01:38:28.254Z
KG14,KG31,4.10,4.10,3.60,2.00,4.10,2026-09-14T01:38:28.262Z
KG14,KG33,3.70,3.70,3.20,1.80,3.70,2026-09-14T01:38:28.254Z
KG14,KG34,3.80,3.80,3.30,1.80,3.80,2026-09-14T01:38:28.253Z
KG14,KG35,3.90,3.90,3.40,1.90,3.90,2026-09-14T01:38:28.272Z
KG14,KJ1,4.80,4.80,4.10,2.30,4.80,2026-09-14T01:38:28.253Z
KG14,KJ10,2.90,2.90,2.50,1.40,2.90,2026-09-14T01:38:28.257Z
KG14,KJ11,2.70,2.70,2.40,1.30,2.70,2026-09-14T01:38:28.362Z
KG14,KJ12,2.40,2.40,2.10,1.20,2.40,2026-09-14T01:38:28.413Z
KG14,KJ13,2.00,2.00,1.80,1.00,2.00,2026-09-14T01:38:28.415Z
KG14,KJ14,1.70,1.70,1.50,0.80,1.70,2026-09-14T01:38:28.415Z
KG14,KJ15,2.20,2.20,1.90,1.00,2.20,2026-09-14T01:38:28.414Z
KG14,KJ16,2.50,2.50,2.20,1.20,2.50,2026-09-14T01:38:28.420Z
KG14,KJ17,2.90,2.90,2.50,1.40,2.90,2026-09-14T01:38:28.413Z
KG14,KJ18,2.90,2.90,2.50,1.40,2.90,2026-09-14T01:38:28.444Z
KG14,KJ19,3.10,3.10,2.70,1.50,3.10,2026-09-14T01:38:28.525Z
KG14,KJ2,4.50,4.50,3.80,2.10,4.50,2026-09-14T01:38:28.586Z
KG14,KJ20,3.90,3.90,3.30,1.80,3.90,2026-09-14T01:38:28.588Z
KG14,KJ21,4.10,4.10,3.50,2.00,4.10,2026-09-14T01:38:28.585Z
KG14,KJ22,4.00,4.00,3.50,1.90,4.00,2026-09-14T01:38:28.594Z
KG14,KJ23,4.30,4.30,3.70,2.10,4.30,2026-09-14T01:38:28.586Z
KG14,KJ24,4.60,4.60,3.90,2.20,4.60,2026-09-14T01:38:28.587Z
KG14,KJ25,4.40,4.40,3.70,2.10,4.40,2026-09-14T01:38:28.624Z
KG14,KJ26,4.50,4.50,3.90,2.20,4.50,2026-09-14T01:38:28.696Z
KG14,KJ27,4.80,4.80,4.10,2.30,4.80,2026-09-14T01:38:28.743Z
KG14,KJ28,5.10,5.10,4.30,2.40,5.10,2026-09-14T01:38:28.746Z
KG14,KJ29,4.60,4.60,3.90,2.20,4.60,2026-09-14T01:38:28.747Z
KG14,KJ3,4.60,4.60,3.90,2.20,4.60,2026-09-14T01:38:28.750Z
KG14,KJ30,4.80,4.80,4.10,2.30,4.80,2026-09-14T01:38:28.743Z
KG14,KJ31,5.10,5.10,4.30,2.40,5.10,2026-09-14T01:38:28.745Z
KG14,KJ32,5.00,5.00,4.20,2.30,5.00,2026-09-14T01:38:28.785Z
KG14,KJ33,4.50,4.50,3.80,2.10,4.50,2026-09-14T01:38:28.870Z
KG14,KJ34,4.60,4.60,3.90,2.20,4.60,2026-09-14T01:38:28.916Z
KG14,KJ35,4.80,4.80,4.10,2.30,4.80,2026-09-14T01:38:28.910Z
KG14,KJ36,5.00,5.00,4.20,2.40,5.00,2026-09-14T01:38:28.917Z
KG14,KJ37,5.20,5.20,4.40,2.50,5.20,2026-09-14T01:38:28.915Z
KG14,KJ4,4.30,4.30,3.70,2.10,4.30,2026-09-14T01:38:28.916Z
KG14,KJ5,4.20,4.20,3.60,2.00,4.20,2026-09-14T01:38:28.921Z
KG14,KJ6,3.90,3.90,3.40,1.90,3.90,2026-09-14T01:38:28.943Z
KG14,KJ7,3.80,3.80,3.20,1.80,3.80,2026-09-14T01:38:29.031Z
KG14,KJ8,3.50,3.50,3.00,1.70,3.50,2026-09-14T01:38:29.080Z
KG14,KJ9,3.10,3.10,2.70,1.50,3.10,2026-09-14T01:38:29.082Z
KG14,MR1,4.10,4.10,3.60,2.00,4.10,2026-09-14T01:38:29.079Z
KG14,MR10,3.70,3.70,3.20,1.70,3.70,2026-09-14T01:38:29.082Z
KG14,MR11,2.90,2.90,2.50,1.40,2.90,2026-09-14T01:38:29.075Z
KG14,MR2,3.80,3.80,3.30,1.80,3.80,2026-09-14T01:38:29.079Z
KG14,MR3,2.80,2.80,2.50,1.30,2.80,2026-09-14T01:38:29.111Z
KG14,MR4,2.10,2.10,1.90,1.00,2.10,2026-09-14T01:38:29.204Z
KG14,MR5,2.50,2.50,2.20,1.10,2.50,2026-09-14T01:38:29.247Z
KG14,MR6,2.80,2.80,2.50,1.30,2.80,2026-09-14T01:38:29.241Z
KG14,MR7,3.20,3.20,2.80,1.50,3.20,2026-09-14T01:38:29.245Z
KG14,MR8,3.70,3.70,3.30,1.80,3.70,2026-09-14T01:38:29.246Z
KG14,MR9,4.20,4.20,3.70,2.00,4.20,2026-09-14T01:38:29.239Z
KG14,PY01,4.20,4.20,3.70,2.10,4.20,2026-09-14T01:38:29.248Z
KG14,PY03,5.00,5.00,4.40,2.50,5.00,2026-09-14T01:38:29.265Z
KG14,PY04,5.40,5.40,4.70,2.70,5.40,2026-09-14T01:38:29.434Z
KG14,PY05,5.50,5.50,4.80,2.70,5.50,2026-09-14T01:38:29.487Z
KG14,PY06,5.80,5.80,4.90,2.80,5.80,2026-09-14T01:38:29.592Z
KG14,PY07,5.50,5.50,4.70,2.70,5.50,2026-09-14T01:38:29.492Z
KG14,PY08,5.40,5.40,4.70,2.60,5.40,2026-09-14T01:38:29.495Z
KG14,PY09,5.10,5.10,4.40,2.50,5.10,2026-09-14T01:38:29.487Z
KG14,PY10,5.30,5.30,4.60,2.60,5.30,2026-09-14T01:38:29.494Z
KG14,PY11,5.10,5.10,4.40,2.40,5.10,2026-09-14T01:38:29.489Z
KG14,PY12,4.80,4.80,4.10,2.30,4.80,2026-09-14T01:38:29.597Z
KG14,PY13,4.50,4.50,3.90,2.10,4.50,2026-09-14T01:38:29.661Z
KG14,PY14,4.30,4.30,3.70,2.00,4.30,2026-09-14T01:38:29.656Z
KG14,PY15,4.00,4.00,3.50,1.90,4.00,2026-09-14T01:38:29.641Z
KG14,PY16,3.50,3.50,3.10,1.70,3.50,2026-09-14T01:38:29.648Z
KG14,PY17,2.90,2.90,2.50,1.40,2.90,2026-09-14T01:38:29.644Z
KG14,PY18,3.30,3.30,2.90,1.60,3.30,2026-09-14T01:38:29.655Z
KG14,PY19,3.50,3.50,3.10,1.70,3.50,2026-09-14T01:38:29.752Z
KG14,PY20,3.00,3.00,2.70,1.50,3.00,2026-09-14T01:38:29.766Z
KG14,PY21,2.90,2.90,2.60,1.40,2.90,2026-09-14T01:38:29.807Z
KG14,PY22,2.70,2.70,2.40,1.30,2.70,2026-09-14T01:38:29.807Z
KG14,PY23,2.40,2.40,2.20,1.20,2.40,2026-09-14T01:38:29.807Z
KG14,PY24,2.70,2.70,2.30,1.30,2.70,2026-09-14T01:38:29.813Z
KG14,PY27,4.20,4.20,3.60,2.00,4.20,2026-09-14T01:38:29.810Z
KG14,PY28,4.60,4.60,3.90,2.20,4.60,2026-09-14T01:38:29.823Z
KG14,PY29,4.30,4.30,3.80,2.10,4.30,2026-09-14T01:38:29.920Z
KG14,PY31,5.10,5.10,4.40,2.50,5.10,2026-09-14T01:38:29.933Z
KG14,PY32,5.10,5.10,4.50,2.50,5.10,2026-09-14T01:38:29.969Z
KG14,PY33,5.30,5.30,4.60,2.60,5.30,2026-09-14T01:38:29.965Z
KG14,PY34,5.60,5.60,4.70,2.70,5.60,2026-09-14T01:38:29.966Z
KG14,PY36,5.60,5.60,4.80,2.70,5.60,2026-09-14T01:38:29.969Z
KG14,PY37,5.90,5.90,5.00,2.90,5.90,2026-09-14T01:38:29.971Z
KG14,PY38,5.30,5.30,4.60,2.60,5.30,2026-09-14T01:38:29.975Z
KG14,PY39,5.50,5.50,4.70,2.70,5.50,2026-09-14T01:38:30.100Z
KG14,PY40,5.60,5.60,4.90,2.80,5.60,2026-09-14T01:38:30.098Z
KG14,PY41,5.80,5.80,5.00,2.80,5.80,2026-09-14T01:38:30.160Z
KG14,SB1,9.50,9.50,8.00,4.60,9.50,2026-09-14T01:38:30.143Z
KG14,SB2,8.90,8.90,7.40,4.30,8.90,2026-09-14T01:38:30.160Z
KG14,SB3,8.20,8.20,6.90,4.00,8.20,2026-09-14T01:38:30.161Z
KG14,SB4,7.50,7.50,6.30,3.60,7.50,2026-09-14T01:38:30.160Z
KG14,SB5,6.80,6.80,5.70,3.30,6.80,2026-09-14T01:38:30.160Z
KG14,SB6,5.90,5.90,5.00,2.80,5.90,2026-09-14T01:38:30.258Z
KG14,SB7,5.10,5.10,4.30,2.40,5.10,2026-09-14T01:38:30.263Z
KG14,SP1,3.20,3.20,2.80,1.60,3.20,2026-09-14T01:38:30.329Z
KG14,SP10,2.40,2.40,2.10,1.10,2.40,2026-09-14T01:38:30.308Z
KG14,SP11,2.70,2.70,2.30,1.30,2.70,2026-09-14T01:38:30.308Z
KG14,SP12,3.10,3.10,2.70,1.50,3.10,2026-09-14T01:38:30.313Z
KG14,SP13,3.60,3.60,3.10,1.70,3.60,2026-09-14T01:38:30.310Z
KG14,SP14,4.00,4.00,3.50,1.90,4.00,2026-09-14T01:38:30.312Z
KG14,SP15,4.00,4.00,3.50,1.90,4.00,2026-09-14T01:38:30.416Z
KG14,SP16,4.30,4.30,3.80,2.10,4.30,2026-09-14T01:38:30.420Z
KG14,SP17,4.80,4.80,4.10,2.30,4.80,2026-09-14T01:38:30.466Z
KG14,SP18,4.70,4.70,4.10,2.30,4.70,2026-09-14T01:38:30.464Z
KG14,SP19,4.80,4.80,4.10,2.30,4.80,2026-09-14T01:38:30.472Z
KG14,SP2,3.10,3.10,2.70,1.50,3.10,2026-09-14T01:38:30.471Z
KG14,SP20,5.00,5.00,4.30,2.40,5.00,2026-09-14T01:38:30.469Z
KG14,SP21,5.20,5.20,4.50,2.50,5.20,2026-09-14T01:38:30.505Z
KG14,SP22,4.80,4.80,4.10,2.30,4.80,2026-09-14T01:38:30.586Z
KG14,SP24,5.20,5.20,4.40,2.50,5.20,2026-09-14T01:38:30.593Z
KG14,SP25,4.80,4.80,4.10,2.30,4.80,2026-09-14T01:38:30.640Z
KG14,SP26,4.70,4.70,4.00,2.30,4.70,2026-09-14T01:38:30.638Z
KG14,SP27,4.80,4.80,4.10,2.30,4.80,2026-09-14T01:38:30.639Z
KG14,SP28,4.90,4.90,4.30,2.40,4.90,2026-09-14T01:38:30.642Z
KG14,SP29,5.10,5.10,4.40,2.50,5.10,2026-09-14T01:38:30.647Z
KG14,SP3,2.90,2.90,2.50,1.40,2.90,2026-09-14T01:38:30.669Z
KG14,SP31,5.20,5.20,4.40,2.50,5.20,2026-09-14T01:38:30.761Z
KG14,SP4,2.60,2.60,2.30,1.30,2.60,2026-09-14T01:38:30.760Z
KG14,SP5,2.40,2.40,2.10,1.20,2.40,2026-09-14T01:38:30.802Z
KG14,SP6,2.20,2.20,2.00,1.10,2.20,2026-09-14T01:38:30.804Z
KG14,SP7,2.00,2.00,1.80,1.00,2.00,2026-09-14T01:38:30.804Z
KG14,SP8,1.90,1.90,1.70,0.90,1.90,2026-09-14T01:38:30.803Z
KG14,SP9,2.10,2.10,1.90,1.00,2.10,2026-09-14T01:38:30.823Z
KG15,KG16,1.20,1.20,1.10,0.60,1.20,2026-09-14T01:38:30.832Z
KG15,KG17,1.40,1.40,1.30,0.70,1.40,2026-09-14T01:38:30.924Z
KG15,KG18A,1.70,1.70,1.60,0.90,1.70,2026-09-14T01:38:30.933Z
KG15,KG20,2.00,2.00,1.80,1.00,2.00,2026-09-14T01:38:30.971Z
KG15,KG21,2.30,2.30,2.10,1.20,2.30,2026-09-14T01:38:30.972Z
KG15,KG22,2.60,2.60,2.30,1.30,2.60,2026-09-14T01:38:30.994Z
KG15,KG23,3.10,3.10,2.70,1.50,3.10,2026-09-14T01:38:30.969Z
KG15,KG24,3.00,3.00,2.60,1.40,3.00,2026-09-14T01:38:30.991Z
KG15,KG25,3.30,3.30,2.90,1.60,3.30,2026-09-14T01:38:30.986Z
KG15,KG26,3.70,3.70,3.20,1.80,3.70,2026-09-14T01:38:31.099Z
KG15,KG27,3.60,3.60,3.20,1.80,3.60,2026-09-14T01:38:31.106Z
KG15,KG28,3.90,3.90,3.40,1.90,3.90,2026-09-14T01:38:31.132Z
KG15,KG29,4.20,4.20,3.60,2.00,4.20,2026-09-14T01:38:31.140Z
KG15,KG30,3.70,3.70,3.20,1.80,3.70,2026-09-14T01:38:31.152Z
KG15,KG31,3.90,3.90,3.40,1.90,3.90,2026-09-14T01:38:31.155Z
KG15,KG33,3.50,3.50,3.10,1.70,3.50,2026-09-14T01:38:31.149Z
KG15,KG34,3.60,3.60,3.20,1.80,3.60,2026-09-14T01:38:31.151Z
KG15,KG35,3.80,3.80,3.30,1.80,3.80,2026-09-14T01:38:31.272Z
KG15,KJ1,4.30,4.30,3.70,2.10,4.30,2026-09-14T01:38:31.276Z
KG15,KJ10,2.40,2.40,2.10,1.20,2.40,2026-09-14T01:38:31.300Z
KG15,KJ11,2.20,2.20,2.00,1.10,2.20,2026-09-14T01:38:31.301Z
KG15,KJ12,1.90,1.90,1.70,1.00,1.90,2026-09-14T01:38:31.553Z
KG15,KJ13,1.50,1.50,1.40,0.80,1.50,2026-09-14T01:38:31.340Z
KG15,KJ14,1.20,1.20,1.10,0.60,1.20,2026-09-14T01:38:31.322Z
KG15,KJ15,1.70,1.70,1.50,0.80,1.70,2026-09-14T01:38:31.325Z
KG15,KJ16,2.00,2.00,1.80,1.00,2.00,2026-09-14T01:38:31.426Z
KG15,KJ17,2.40,2.40,2.10,1.20,2.40,2026-09-14T01:38:31.447Z
KG15,KJ18,2.40,2.40,2.10,1.20,2.40,2026-09-14T01:38:31.468Z
KG15,KJ19,2.60,2.60,2.30,1.30,2.60,2026-09-14T01:38:31.465Z
KG15,KJ2,4.00,4.00,3.40,1.90,4.00,2026-09-14T01:38:31.474Z
KG15,KJ20,3.40,3.40,2.90,1.60,3.40,2026-09-14T01:38:31.471Z
KG15,KJ21,3.60,3.60,3.10,1.80,3.60,2026-09-14T01:38:31.488Z
KG15,KJ22,3.50,3.50,3.10,1.70,3.50,2026-09-14T01:38:31.593Z
KG15,KJ23,3.80,3.80,3.30,1.90,3.80,2026-09-14T01:38:31.840Z
KG15,KJ24,4.10,4.10,3.50,2.00,4.10,2026-09-14T01:38:31.642Z
KG15,KJ25,3.90,3.90,3.30,1.90,3.90,2026-09-14T01:38:31.637Z
KG15,KJ26,4.00,4.00,3.50,2.00,4.00,2026-09-14T01:38:31.644Z
KG15,KJ27,4.30,4.30,3.70,2.10,4.30,2026-09-14T01:38:31.641Z
KG15,KJ28,4.60,4.60,3.90,2.20,4.60,2026-09-14T01:38:31.644Z
KG15,KJ29,4.10,4.10,3.50,2.00,4.10,2026-09-14T01:38:31.718Z
KG15,KJ3,4.10,4.10,3.50,2.00,4.10,2026-09-14T01:38:31.762Z
KG15,KJ30,4.30,4.30,3.70,2.10,4.30,2026-09-14T01:38:31.803Z
KG15,KJ31,4.60,4.60,3.90,2.20,4.60,2026-09-14T01:38:31.811Z
KG15,KJ32,4.50,4.50,3.80,2.10,4.50,2026-09-14T01:38:31.813Z
KG15,KJ33,4.00,4.00,3.40,1.90,4.00,2026-09-14T01:38:31.817Z
KG15,KJ34,4.10,4.10,3.50,2.00,4.10,2026-09-14T01:38:31.810Z
KG15,KJ35,4.30,4.30,3.70,2.10,4.30,2026-09-14T01:38:31.882Z
KG15,KJ36,4.50,4.50,3.80,2.20,4.50,2026-09-14T01:38:31.932Z
KG15,KJ37,4.70,4.70,4.00,2.30,4.70,2026-09-14T01:38:31.974Z
KG15,KJ4,3.80,3.80,3.30,1.90,3.80,2026-09-14T01:38:31.976Z
KG15,KJ5,3.70,3.70,3.20,1.80,3.70,2026-09-14T01:38:31.970Z
KG15,KJ6,3.40,3.40,3.00,1.70,3.40,2026-09-14T01:38:31.973Z
KG15,KJ7,3.20,3.20,2.70,1.60,3.20,2026-09-14T01:38:31.973Z
KG15,KJ8,2.90,2.90,2.50,1.50,2.90,2026-09-14T01:38:32.022Z
KG15,KJ9,2.60,2.60,2.30,1.30,2.60,2026-09-14T01:38:32.043Z
KG15,MR1,3.60,3.60,3.20,1.80,3.60,2026-09-14T01:38:32.092Z
KG15,MR10,3.20,3.20,2.80,1.50,3.20,2026-09-14T01:38:32.138Z
KG15,MR11,2.40,2.40,2.10,1.20,2.40,2026-09-14T01:38:32.141Z
KG15,MR2,3.30,3.30,2.90,1.60,3.30,2026-09-14T01:38:32.132Z
KG15,MR3,2.30,2.30,2.10,1.10,2.30,2026-09-14T01:38:32.139Z
KG15,MR4,1.60,1.60,1.50,0.80,1.60,2026-09-14T01:38:32.137Z
KG15,MR5,2.00,2.00,1.80,0.90,2.00,2026-09-14T01:38:32.179Z
KG15,MR6,2.30,2.30,2.10,1.10,2.30,2026-09-14T01:38:32.210Z
KG15,MR7,2.70,2.70,2.40,1.30,2.70,2026-09-14T01:38:32.258Z
KG15,MR8,3.20,3.20,2.90,1.60,3.20,2026-09-14T01:38:32.301Z
KG15,MR9,3.70,3.70,3.30,1.80,3.70,2026-09-14T01:38:32.296Z
KG15,PY01,3.80,3.80,3.30,1.80,3.80,2026-09-14T01:38:32.302Z
KG15,PY03,4.60,4.60,4.00,2.20,4.60,2026-09-14T01:38:32.303Z
KG15,PY04,5.00,5.00,4.30,2.40,5.00,2026-09-14T01:38:32.302Z
KG15,PY05,5.10,5.10,4.40,2.50,5.10,2026-09-14T01:38:32.339Z
KG15,PY06,5.30,5.30,4.50,2.60,5.30,2026-09-14T01:38:32.370Z
KG15,PY07,5.00,5.00,4.30,2.50,5.00,2026-09-14T01:38:32.414Z
KG15,PY08,5.00,5.00,4.30,2.40,5.00,2026-09-14T01:38:32.457Z
KG15,PY09,4.70,4.70,4.00,2.30,4.70,2026-09-14T01:38:32.463Z
KG15,PY10,4.80,4.80,4.20,2.40,4.80,2026-09-14T01:38:32.457Z
KG15,PY11,4.60,4.60,4.00,2.20,4.60,2026-09-14T01:38:32.469Z
KG15,PY12,4.30,4.30,3.70,2.10,4.30,2026-09-14T01:38:32.458Z
KG15,PY13,4.00,4.00,3.50,1.90,4.00,2026-09-14T01:38:32.506Z
KG15,PY14,3.80,3.80,3.30,1.80,3.80,2026-09-14T01:38:32.549Z
KG15,PY15,3.40,3.40,3.00,1.70,3.40,2026-09-14T01:38:32.580Z
KG15,PY16,3.00,3.00,2.70,1.50,3.00,2026-09-14T01:38:32.624Z
KG15,PY17,2.40,2.40,2.10,1.20,2.40,2026-09-14T01:38:32.626Z
KG15,PY18,2.80,2.80,2.50,1.40,2.80,2026-09-14T01:38:32.629Z
KG15,PY19,3.00,3.00,2.60,1.50,3.00,2026-09-14T01:38:32.621Z
KG15,PY20,2.60,2.60,2.30,1.30,2.60,2026-09-14T01:38:32.632Z
KG15,PY21,2.50,2.50,2.20,1.20,2.50,2026-09-14T01:38:32.655Z
KG15,PY22,2.30,2.30,2.00,1.10,2.30,2026-09-14T01:38:32.705Z
KG15,PY23,2.00,2.00,1.80,1.00,2.00,2026-09-14T01:38:32.749Z
KG15,PY24,2.20,2.20,1.90,1.10,2.20,2026-09-14T01:38:32.801Z
KG15,PY27,3.70,3.70,3.20,1.80,3.70,2026-09-14T01:38:32.812Z
KG15,PY28,4.10,4.10,3.50,2.00,4.10,2026-09-14T01:38:32.797Z
KG15,PY29,3.80,3.80,3.40,1.90,3.80,2026-09-14T01:38:32.793Z
KG15,PY31,4.60,4.60,4.00,2.30,4.60,2026-09-14T01:38:32.801Z
KG15,PY32,4.70,4.70,4.10,2.30,4.70,2026-09-14T01:38:32.829Z
KG15,PY33,4.90,4.90,4.20,2.40,4.90,2026-09-14T01:38:32.862Z
KG15,PY34,5.10,5.10,4.30,2.50,5.10,2026-09-14T01:38:32.918Z
KG15,PY36,5.20,5.20,4.40,2.50,5.20,2026-09-14T01:38:32.969Z
KG15,PY37,5.40,5.40,4.60,2.70,5.40,2026-09-14T01:38:32.992Z
KG15,PY38,4.90,4.90,4.20,2.40,4.90,2026-09-14T01:38:32.978Z
KG15,PY39,5.10,5.10,4.30,2.50,5.10,2026-09-14T01:38:32.975Z
KG15,PY40,5.20,5.20,4.50,2.60,5.20,2026-09-14T01:38:32.989Z
KG15,PY41,5.40,5.40,4.60,2.60,5.40,2026-09-14T01:38:33.006Z
KG15,SB1,9.00,9.00,7.60,4.40,9.00,2026-09-14T01:38:33.025Z
KG15,SB2,8.40,8.40,7.00,4.10,8.40,2026-09-14T01:38:33.080Z
KG15,SB3,7.70,7.70,6.50,3.80,7.70,2026-09-14T01:38:33.126Z
KG15,SB4,7.00,7.00,5.90,3.40,7.00,2026-09-14T01:38:33.133Z
KG15,SB5,6.30,6.30,5.30,3.10,6.30,2026-09-14T01:38:33.139Z
KG15,SB6,5.40,5.40,4.60,2.60,5.40,2026-09-14T01:38:33.150Z
KG15,SB7,4.60,4.60,3.90,2.20,4.60,2026-09-14T01:38:33.154Z
KG15,SP1,2.70,2.70,2.40,1.40,2.70,2026-09-14T01:38:33.154Z
KG15,SP10,1.90,1.90,1.70,0.90,1.90,2026-09-14T01:38:33.178Z
KG15,SP11,2.20,2.20,1.90,1.10,2.20,2026-09-14T01:38:33.265Z
KG15,SP12,2.60,2.60,2.30,1.30,2.60,2026-09-14T01:38:33.292Z
KG15,SP13,3.00,3.00,2.60,1.50,3.00,2026-09-14T01:38:33.319Z
KG15,SP14,3.50,3.50,3.10,1.70,3.50,2026-09-14T01:38:33.315Z
KG15,SP15,3.50,3.50,3.10,1.70,3.50,2026-09-14T01:38:33.313Z
KG15,SP16,3.80,3.80,3.40,1.90,3.80,2026-09-14T01:38:33.312Z
KG15,SP17,4.30,4.30,3.70,2.10,4.30,2026-09-14T01:38:33.548Z
KG15,SP18,4.20,4.20,3.70,2.10,4.20,2026-09-14T01:38:33.353Z
KG15,SP19,4.30,4.30,3.70,2.10,4.30,2026-09-14T01:38:33.429Z
KG15,SP2,2.60,2.60,2.30,1.30,2.60,2026-09-14T01:38:33.465Z
KG15,SP20,4.50,4.50,3.90,2.20,4.50,2026-09-14T01:38:33.463Z
KG15,SP21,4.70,4.70,4.10,2.30,4.70,2026-09-14T01:38:33.462Z
KG15,SP22,4.30,4.30,3.70,2.10,4.30,2026-09-14T01:38:33.512Z
KG15,SP24,4.70,4.70,4.00,2.30,4.70,2026-09-14T01:38:33.510Z
KG15,SP25,4.30,4.30,3.70,2.10,4.30,2026-09-14T01:38:33.521Z
KG15,SP26,4.20,4.20,3.60,2.10,4.20,2026-09-14T01:38:33.598Z
KG15,SP27,4.30,4.30,3.70,2.10,4.30,2026-09-14T01:38:33.634Z
KG15,SP28,4.40,4.40,3.90,2.20,4.40,2026-09-14T01:38:33.631Z
KG15,SP29,4.60,4.60,4.00,2.30,4.60,2026-09-14T01:38:33.636Z
KG15,SP3,2.40,2.40,2.10,1.20,2.40,2026-09-14T01:38:33.679Z
KG15,SP31,4.70,4.70,4.00,2.30,4.70,2026-09-14T01:38:33.688Z
KG15,SP4,2.10,2.10,1.90,1.10,2.10,2026-09-14T01:38:33.682Z
KG15,SP5,1.90,1.90,1.70,1.00,1.90,2026-09-14T01:38:33.723Z
KG15,SP6,1.70,1.70,1.60,0.90,1.70,2026-09-14T01:38:33.770Z
KG15,SP7,1.50,1.50,1.40,0.80,1.50,2026-09-14T01:38:33.803Z
KG15,SP8,1.40,1.40,1.30,0.70,1.40,2026-09-14T01:38:33.801Z
KG15,SP9,1.60,1.60,1.50,0.80,1.60,2026-09-14T01:38:33.803Z
KG16,KG17,1.00,1.00,1.00,0.50,1.00,2026-09-14T01:38:33.848Z
KG16,KG18A,1.40,1.40,1.30,0.70,1.40,2026-09-14T01:38:33.846Z
KG16,KG20,1.80,1.80,1.60,0.90,1.80,2026-09-14T01:38:33.845Z
KG16,KG21,2.00,2.00,1.80,1.00,2.00,2026-09-14T01:38:33.898Z
KG16,KG22,2.20,2.20,2.00,1.10,2.20,2026-09-14T01:38:33.944Z
KG16,KG23,2.70,2.70,2.40,1.40,2.70,2026-09-14T01:38:33.980Z
KG16,KG24,3.00,3.00,2.60,1.50,3.00,2026-09-14T01:38:33.980Z
KG16,KG25,3.10,3.10,2.70,1.50,3.10,2026-09-14T01:38:33.981Z
KG16,KG26,3.40,3.40,3.00,1.70,3.40,2026-09-14T01:38:34.019Z
KG16,KG27,3.90,3.90,3.40,1.90,3.90,2026-09-14T01:38:34.017Z
KG16,KG28,3.70,3.70,3.20,1.80,3.70,2026-09-14T01:38:34.021Z
KG16,KG29,4.00,4.00,3.50,1.90,4.00,2026-09-14T01:38:34.059Z
KG16,KG30,4.10,4.10,3.60,2.00,4.10,2026-09-14T01:38:34.099Z
KG16,KG31,3.70,3.70,3.30,1.80,3.70,2026-09-14T01:38:34.141Z
KG16,KG33,4.20,4.20,3.70,2.10,4.20,2026-09-14T01:38:34.148Z
KG16,KG34,4.30,4.30,3.80,2.10,4.30,2026-09-14T01:38:34.150Z
KG16,KG35,3.60,3.60,3.20,1.80,3.60,2026-09-14T01:38:34.187Z
KG16,KJ1,3.90,3.90,3.40,1.90,3.90,2026-09-14T01:38:34.207Z
KG16,KJ10,2.00,2.00,1.80,1.00,2.00,2026-09-14T01:38:34.207Z
KG16,KJ11,1.80,1.80,1.70,0.90,1.80,2026-09-14T01:38:34.226Z
KG16,KJ12,1.50,1.50,1.40,0.80,1.50,2026-09-14T01:38:34.251Z
KG16,KJ13,1.10,1.10,1.10,0.60,1.10,2026-09-14T01:38:34.298Z
KG16,KJ14,0.80,0.80,0.80,0.40,0.80,2026-09-14T01:38:34.304Z
KG16,KJ15,1.30,1.30,1.20,0.60,1.30,2026-09-14T01:38:34.299Z
KG16,KJ16,1.60,1.60,1.50,0.80,1.60,2026-09-14T01:38:34.339Z
KG16,KJ17,2.00,2.00,1.80,1.00,2.00,2026-09-14T01:38:34.361Z
KG16,KJ18,2.00,2.00,1.80,1.00,2.00,2026-09-14T01:38:34.368Z
KG16,KJ19,2.20,2.20,2.00,1.10,2.20,2026-09-14T01:38:34.380Z
KG16,KJ2,3.60,3.60,3.10,1.70,3.60,2026-09-14T01:38:34.401Z
KG16,KJ20,2.90,2.90,2.50,1.40,2.90,2026-09-14T01:38:34.451Z
KG16,KJ21,3.10,3.10,2.70,1.60,3.10,2026-09-14T01:38:34.460Z
KG16,KJ22,3.10,3.10,2.80,1.50,3.10,2026-09-14T01:38:34.467Z
KG16,KJ23,3.40,3.40,3.00,1.70,3.40,2026-09-14T01:38:34.498Z
KG16,KJ24,3.70,3.70,3.20,1.80,3.70,2026-09-14T01:38:34.510Z
KG16,KJ25,3.50,3.50,3.00,1.70,3.50,2026-09-14T01:38:34.527Z
KG16,KJ26,3.60,3.60,3.20,1.80,3.60,2026-09-14T01:38:34.535Z
KG16,KJ27,3.90,3.90,3.40,1.90,3.90,2026-09-14T01:38:34.551Z
KG16,KJ28,4.20,4.20,3.60,2.00,4.20,2026-09-14T01:38:34.608Z
KG16,KJ29,3.70,3.70,3.20,1.80,3.70,2026-09-14T01:38:34.622Z
KG16,KJ3,3.70,3.70,3.20,1.80,3.70,2026-09-14T01:38:34.626Z
KG16,KJ30,3.90,3.90,3.40,1.90,3.90,2026-09-14T01:38:34.649Z
KG16,KJ31,4.20,4.20,3.60,2.00,4.20,2026-09-14T01:38:34.661Z
KG16,KJ32,4.10,4.10,3.50,1.90,4.10,2026-09-14T01:38:34.690Z
KG16,KJ33,3.60,3.60,3.10,1.70,3.60,2026-09-14T01:38:34.688Z
KG16,KJ34,3.70,3.70,3.20,1.80,3.70,2026-09-14T01:38:34.704Z
KG16,KJ35,3.90,3.90,3.40,1.90,3.90,2026-09-14T01:38:34.781Z
KG16,KJ36,4.10,4.10,3.50,2.00,4.10,2026-09-14T01:38:34.802Z
KG16,KJ37,4.30,4.30,3.70,2.10,4.30,2026-09-14T01:38:34.793Z
KG16,KJ4,3.40,3.40,3.00,1.70,3.40,2026-09-14T01:38:34.806Z
KG16,KJ5,3.20,3.20,2.80,1.60,3.20,2026-09-14T01:38:34.821Z
KG16,KJ6,2.90,2.90,2.60,1.50,2.90,2026-09-14T01:38:34.842Z
KG16,KJ7,2.80,2.80,2.40,1.40,2.80,2026-09-14T01:38:34.839Z
KG16,KJ8,2.50,2.50,2.20,1.30,2.50,2026-09-14T01:38:34.864Z
KG16,KJ9,2.20,2.20,2.00,1.10,2.20,2026-09-14T01:38:34.955Z
KG16,MR1,3.20,3.20,2.90,1.60,3.20,2026-09-14T01:38:34.971Z
KG16,MR10,2.80,2.80,2.50,1.30,2.80,2026-09-14T01:38:34.972Z
KG16,MR11,2.00,2.00,1.80,1.00,2.00,2026-09-14T01:38:34.972Z
KG16,MR2,2.90,2.90,2.60,1.40,2.90,2026-09-14T01:38:35.214Z
KG16,MR3,1.90,1.90,1.80,0.90,1.90,2026-09-14T01:38:35.001Z
KG16,MR4,1.20,1.20,1.20,0.60,1.20,2026-09-14T01:38:35.001Z
KG16,MR5,1.60,1.60,1.50,0.70,1.60,2026-09-14T01:38:35.031Z
KG16,MR6,1.90,1.90,1.80,0.90,1.90,2026-09-14T01:38:35.140Z
KG16,MR7,2.30,2.30,2.10,1.10,2.30,2026-09-14T01:38:35.141Z
KG16,MR8,2.80,2.80,2.60,1.40,2.80,2026-09-14T01:38:35.140Z
KG16,MR9,3.30,3.30,3.00,1.60,3.30,2026-09-14T01:38:35.145Z
KG16,PY01,4.00,4.00,3.50,1.90,4.00,2026-09-14T01:38:35.172Z
KG16,PY03,4.60,4.60,4.00,2.30,4.60,2026-09-14T01:38:35.166Z
KG16,PY04,5.10,5.10,4.40,2.50,5.10,2026-09-14T01:38:35.185Z
KG16,PY05,4.90,4.90,4.20,2.40,4.90,2026-09-14T01:38:35.307Z
KG16,PY06,4.90,4.90,4.20,2.40,4.90,2026-09-14T01:38:35.308Z
KG16,PY07,4.60,4.60,4.00,2.30,4.60,2026-09-14T01:38:35.306Z
KG16,PY08,4.40,4.40,3.80,2.20,4.40,2026-09-14T01:38:35.311Z
KG16,PY09,4.50,4.50,3.80,2.20,4.50,2026-09-14T01:38:35.342Z
KG16,PY10,4.20,4.20,3.70,2.10,4.20,2026-09-14T01:38:35.341Z
KG16,PY11,4.00,4.00,3.50,1.90,4.00,2026-09-14T01:38:35.345Z
KG16,PY12,3.70,3.70,3.20,1.80,3.70,2026-09-14T01:38:35.385Z
KG16,PY13,3.30,3.30,2.90,1.60,3.30,2026-09-14T01:38:35.481Z
KG16,PY14,3.10,3.10,2.70,1.50,3.10,2026-09-14T01:38:35.488Z
KG16,PY15,2.80,2.80,2.50,1.40,2.80,2026-09-14T01:38:35.475Z
KG16,PY16,2.40,2.40,2.20,1.20,2.40,2026-09-14T01:38:35.482Z
KG16,PY17,2.00,2.00,1.80,1.00,2.00,2026-09-14T01:38:35.507Z
KG16,PY18,2.20,2.20,2.00,1.10,2.20,2026-09-14T01:38:35.506Z
KG16,PY19,2.60,2.60,2.30,1.30,2.60,2026-09-14T01:38:35.506Z
KG16,PY20,2.40,2.40,2.10,1.20,2.40,2026-09-14T01:38:35.547Z
KG16,PY21,2.30,2.30,2.00,1.10,2.30,2026-09-14T01:38:35.654Z
KG16,PY22,2.10,2.10,1.80,1.00,2.10,2026-09-14T01:38:35.651Z
KG16,PY23,1.80,1.80,1.60,0.90,1.80,2026-09-14T01:38:35.650Z
KG16,PY24,1.80,1.80,1.60,0.90,1.80,2026-09-14T01:38:35.655Z
KG16,PY27,3.20,3.20,2.80,1.60,3.20,2026-09-14T01:38:35.698Z
KG16,PY28,3.70,3.70,3.20,1.80,3.70,2026-09-14T01:38:35.691Z
KG16,PY29,3.40,3.40,3.10,1.70,3.40,2026-09-14T01:38:35.692Z
KG16,PY31,4.20,4.20,3.70,2.10,4.20,2026-09-14T01:38:35.698Z
KG16,PY32,4.50,4.50,3.90,2.20,4.50,2026-09-14T01:38:35.828Z
KG16,PY33,4.70,4.70,4.00,2.30,4.70,2026-09-14T01:38:35.831Z
KG16,PY34,4.70,4.70,4.00,2.30,4.70,2026-09-14T01:38:35.819Z
KG16,PY36,4.80,4.80,4.10,2.30,4.80,2026-09-14T01:38:35.824Z
KG16,PY37,5.00,5.00,4.30,2.50,5.00,2026-09-14T01:38:35.867Z
KG16,PY38,4.70,4.70,4.00,2.30,4.70,2026-09-14T01:38:35.862Z
KG16,PY39,4.70,4.70,4.00,2.30,4.70,2026-09-14T01:38:35.866Z
KG16,PY40,4.90,4.90,4.20,2.40,4.90,2026-09-14T01:38:35.868Z
KG16,PY41,5.00,5.00,4.30,2.40,5.00,2026-09-14T01:38:35.976Z
KG16,SB1,8.60,8.60,7.30,4.20,8.60,2026-09-14T01:38:35.985Z
KG16,SB2,8.00,8.00,6.70,3.90,8.00,2026-09-14T01:38:35.994Z
KG16,SB3,7.30,7.30,6.20,3.60,7.30,2026-09-14T01:38:35.992Z
KG16,SB4,6.60,6.60,5.60,3.20,6.60,2026-09-14T01:38:36.032Z
KG16,SB5,5.90,5.90,5.00,2.90,5.90,2026-09-14T01:38:36.034Z
KG16,SB6,5.00,5.00,4.30,2.40,5.00,2026-09-14T01:38:36.033Z
KG16,SB7,4.20,4.20,3.60,2.00,4.20,2026-09-14T01:38:36.031Z
KG16,SP1,2.30,2.30,2.10,1.20,2.30,2026-09-14T01:38:36.142Z
KG16,SP10,1.50,1.50,1.40,0.70,1.50,2026-09-14T01:38:36.144Z
KG16,SP11,1.80,1.80,1.60,0.90,1.80,2026-09-14T01:38:36.164Z
KG16,SP12,2.20,2.20,2.00,1.10,2.20,2026-09-14T01:38:36.165Z
KG16,SP13,2.60,2.60,2.30,1.30,2.60,2026-09-14T01:38:36.199Z
KG16,SP14,3.00,3.00,2.70,1.50,3.00,2026-09-14T01:38:36.195Z
KG16,SP15,3.10,3.10,2.80,1.50,3.10,2026-09-14T01:38:36.185Z
KG16,SP16,3.40,3.40,3.10,1.70,3.40,2026-09-14T01:38:36.196Z
KG16,SP17,3.90,3.90,3.40,1.90,3.90,2026-09-14T01:38:36.320Z
KG16,SP18,3.80,3.80,3.40,1.90,3.80,2026-09-14T01:38:36.325Z
KG16,SP19,3.90,3.90,3.40,1.90,3.90,2026-09-14T01:38:36.324Z
KG16,SP2,2.20,2.20,2.00,1.10,2.20,2026-09-14T01:38:36.328Z
KG16,SP20,4.10,4.10,3.60,2.00,4.10,2026-09-14T01:38:36.344Z
KG16,SP21,4.30,4.30,3.80,2.10,4.30,2026-09-14T01:38:36.357Z
KG16,SP22,3.90,3.90,3.40,1.90,3.90,2026-09-14T01:38:36.359Z
KG16,SP24,4.30,4.30,3.70,2.10,4.30,2026-09-14T01:38:36.358Z
KG16,SP25,3.90,3.90,3.40,1.90,3.90,2026-09-14T01:38:36.477Z
KG16,SP26,3.80,3.80,3.30,1.90,3.80,2026-09-14T01:38:36.497Z
KG16,SP27,3.90,3.90,3.40,1.90,3.90,2026-09-14T01:38:36.747Z
KG16,SP28,4.00,4.00,3.60,2.00,4.00,2026-09-14T01:38:36.496Z
KG16,SP29,4.20,4.20,3.70,2.10,4.20,2026-09-14T01:38:36.507Z
KG16,SP3,2.00,2.00,1.80,1.00,2.00,2026-09-14T01:38:36.521Z
KG16,SP31,4.30,4.30,3.70,2.10,4.30,2026-09-14T01:38:36.525Z
KG16,SP4,1.70,1.70,1.60,0.90,1.70,2026-09-14T01:38:36.525Z
KG16,SP5,1.50,1.50,1.40,0.80,1.50,2026-09-14T01:38:36.647Z
KG16,SP6,1.30,1.30,1.30,0.70,1.30,2026-09-14T01:38:36.680Z
KG16,SP7,1.10,1.10,1.10,0.60,1.10,2026-09-14T01:38:36.669Z
KG16,SP8,1.00,1.00,1.00,0.50,1.00,2026-09-14T01:38:36.678Z
KG16,SP9,1.20,1.20,1.20,0.60,1.20,2026-09-14T01:38:36.691Z
KG17,KG18A,1.20,1.20,1.10,0.60,1.20,2026-09-14T01:38:36.708Z
KG17,KG20,1.60,1.60,1.50,0.80,1.60,2026-09-14T01:38:36.716Z
KG17,KG21,2.00,2.00,1.80,1.00,2.00,2026-09-14T01:38:36.804Z
KG17,KG22,2.00,2.00,1.80,1.00,2.00,2026-09-14T01:38:36.839Z
KG17,KG23,2.50,2.50,2.30,1.30,2.50,2026-09-14T01:38:36.845Z
KG17,KG24,2.80,2.80,2.50,1.40,2.80,2026-09-14T01:38:36.847Z
KG17,KG25,2.90,2.90,2.60,1.40,2.90,2026-09-14T01:38:36.848Z
KG17,KG26,3.30,3.30,2.90,1.60,3.30,2026-09-14T01:38:36.870Z
KG17,KG27,3.80,3.80,3.30,1.80,3.80,2026-09-14T01:38:36.885Z
KG17,KG28,3.60,3.60,3.10,1.70,3.60,2026-09-14T01:38:36.899Z
KG17,KG29,3.80,3.80,3.40,1.90,3.80,2026-09-14T01:38:36.981Z
KG17,KG30,4.00,4.00,3.50,1.90,4.00,2026-09-14T01:38:37.018Z
KG17,KG31,4.30,4.30,3.70,2.10,4.30,2026-09-14T01:38:37.007Z
KG17,KG33,4.10,4.10,3.60,2.00,4.10,2026-09-14T01:38:37.008Z
KG17,KG34,4.20,4.20,3.70,2.10,4.20,2026-09-14T01:38:37.012Z
KG17,KG35,3.60,3.60,3.10,1.70,3.60,2026-09-14T01:38:37.023Z
KG17,KJ1,4.00,4.00,3.40,1.90,4.00,2026-09-14T01:38:37.054Z
KG17,KJ10,2.10,2.10,1.90,1.00,2.10,2026-09-14T01:38:37.053Z
KG17,KJ11,1.80,1.80,1.60,0.80,1.80,2026-09-14T01:38:37.147Z
KG17,KJ12,1.50,1.50,1.30,0.70,1.50,2026-09-14T01:38:37.183Z
KG17,KJ13,1.10,1.10,1.00,0.50,1.10,2026-09-14T01:38:37.191Z
KG17,KJ14,1.00,1.00,1.00,0.50,1.00,2026-09-14T01:38:37.184Z
KG17,KJ15,1.50,1.50,1.40,0.70,1.50,2026-09-14T01:38:37.182Z
KG17,KJ16,1.80,1.80,1.70,0.90,1.80,2026-09-14T01:38:37.190Z
KG17,KJ17,2.20,2.20,2.00,1.10,2.20,2026-09-14T01:38:37.238Z
KG17,KJ18,2.20,2.20,2.00,1.10,2.20,2026-09-14T01:38:37.239Z
KG17,KJ19,2.40,2.40,2.20,1.20,2.40,2026-09-14T01:38:37.317Z
KG17,KJ2,3.80,3.80,3.30,1.80,3.80,2026-09-14T01:38:37.351Z
KG17,KJ20,3.10,3.10,2.70,1.50,3.10,2026-09-14T01:38:37.351Z
KG17,KJ21,3.30,3.30,2.90,1.60,3.30,2026-09-14T01:38:37.351Z
KG17,KJ22,3.30,3.30,3.00,1.60,3.30,2026-09-14T01:38:37.366Z
KG17,KJ23,3.60,3.60,3.20,1.80,3.60,2026-09-14T01:38:37.381Z
KG17,KJ24,3.90,3.90,3.40,1.90,3.90,2026-09-14T01:38:37.396Z
KG17,KJ25,3.70,3.70,3.20,1.80,3.70,2026-09-14T01:38:37.396Z
KG17,KJ26,3.80,3.80,3.40,1.90,3.80,2026-09-14T01:38:37.490Z
KG17,KJ27,4.10,4.10,3.60,2.00,4.10,2026-09-14T01:38:37.525Z
KG17,KJ28,4.00,4.00,3.40,1.90,4.00,2026-09-14T01:38:37.524Z
KG17,KJ29,3.90,3.90,3.40,1.90,3.90,2026-09-14T01:38:37.525Z
KG17,KJ3,3.70,3.70,3.20,1.80,3.70,2026-09-14T01:38:37.534Z
KG17,KJ30,4.10,4.10,3.60,2.00,4.10,2026-09-14T01:38:37.538Z
KG17,KJ31,4.40,4.40,3.80,2.10,4.40,2026-09-14T01:38:37.563Z
KG17,KJ32,3.90,3.90,3.30,1.80,3.90,2026-09-14T01:38:37.559Z
KG17,KJ33,3.80,3.80,3.30,1.80,3.80,2026-09-14T01:38:37.658Z
KG17,KJ34,3.90,3.90,3.40,1.90,3.90,2026-09-14T01:38:37.688Z
KG17,KJ35,4.10,4.10,3.60,2.00,4.10,2026-09-14T01:38:37.690Z
KG17,KJ36,4.30,4.30,3.70,2.10,4.30,2026-09-14T01:38:37.686Z
KG17,KJ37,4.30,4.30,3.70,2.10,4.30,2026-09-14T01:38:37.700Z
KG17,KJ4,3.50,3.50,3.00,1.60,3.50,2026-09-14T01:38:37.700Z
KG17,KJ5,3.20,3.20,2.70,1.50,3.20,2026-09-14T01:38:37.728Z
KG17,KJ6,2.90,2.90,2.50,1.40,2.90,2026-09-14T01:38:37.731Z
KG17,KJ7,2.70,2.70,2.40,1.30,2.70,2026-09-14T01:38:37.823Z
KG17,KJ8,2.50,2.50,2.20,1.20,2.50,2026-09-14T01:38:37.867Z
KG17,KJ9,2.20,2.20,2.00,1.10,2.20,2026-09-14T01:38:37.866Z
KG17,MR1,3.00,3.00,2.70,1.50,3.00,2026-09-14T01:38:37.864Z
KG17,MR10,2.70,2.70,2.40,1.30,2.70,2026-09-14T01:38:37.866Z
KG17,MR11,2.00,2.00,1.80,1.00,2.00,2026-09-14T01:38:37.866Z
KG17,MR2,2.70,2.70,2.40,1.30,2.70,2026-09-14T01:38:37.884Z
KG17,MR3,1.70,1.70,1.60,0.80,1.70,2026-09-14T01:38:37.902Z
KG17,MR4,1.00,1.00,1.00,0.50,1.00,2026-09-14T01:38:37.965Z
KG17,MR5,1.40,1.40,1.30,0.60,1.40,2026-09-14T01:38:38.008Z
KG17,MR6,1.70,1.70,1.60,0.80,1.70,2026-09-14T01:38:38.010Z
KG17,MR7,2.10,2.10,1.90,1.00,2.10,2026-09-14T01:38:38.027Z
KG17,MR8,2.60,2.60,2.40,1.30,2.60,2026-09-14T01:38:38.026Z
KG17,MR9,3.10,3.10,2.80,1.50,3.10,2026-09-14T01:38:38.030Z
KG17,PY01,4.10,4.10,3.50,2.00,4.10,2026-09-14T01:38:38.028Z
KG17,PY03,4.40,4.40,3.80,2.20,4.40,2026-09-14T01:38:38.046Z
KG17,PY04,4.90,4.90,4.30,2.40,4.90,2026-09-14T01:38:38.141Z
KG17,PY05,4.70,4.70,4.10,2.30,4.70,2026-09-14T01:38:38.168Z
KG17,PY06,4.70,4.70,4.00,2.30,4.70,2026-09-14T01:38:38.171Z
KG17,PY07,4.40,4.40,3.80,2.20,4.40,2026-09-14T01:38:38.185Z
KG17,PY08,4.40,4.40,3.80,2.20,4.40,2026-09-14T01:38:38.181Z
KG17,PY09,4.30,4.30,3.70,2.10,4.30,2026-09-14T01:38:38.189Z
KG17,PY10,4.20,4.20,3.70,2.10,4.20,2026-09-14T01:38:38.203Z
KG17,PY11,4.00,4.00,3.50,1.90,4.00,2026-09-14T01:38:38.198Z
KG17,PY12,3.70,3.70,3.20,1.80,3.70,2026-09-14T01:38:38.308Z
KG17,PY13,3.30,3.30,2.90,1.60,3.30,2026-09-14T01:38:38.347Z
KG17,PY14,3.10,3.10,2.70,1.50,3.10,2026-09-14T01:38:38.355Z
KG17,PY15,2.80,2.80,2.50,1.40,2.80,2026-09-14T01:38:38.346Z
KG17,PY16,2.40,2.40,2.20,1.20,2.40,2026-09-14T01:38:38.348Z
KG17,PY17,2.00,2.00,1.80,1.00,2.00,2026-09-14T01:38:38.373Z
KG17,PY18,2.20,2.20,2.00,1.10,2.20,2026-09-14T01:38:38.351Z
KG17,PY19,2.60,2.60,2.30,1.30,2.60,2026-09-14T01:38:38.364Z
KG17,PY20,2.20,2.20,2.00,1.10,2.20,2026-09-14T01:38:38.475Z
KG17,PY21,2.10,2.10,1.90,1.00,2.10,2026-09-14T01:38:38.519Z
KG17,PY22,1.90,1.90,1.70,0.90,1.90,2026-09-14T01:38:38.519Z
KG17,PY23,1.60,1.60,1.50,0.80,1.60,2026-09-14T01:38:38.517Z
KG17,PY24,1.60,1.60,1.40,0.80,1.60,2026-09-14T01:38:38.518Z
KG17,PY27,3.00,3.00,2.60,1.50,3.00,2026-09-14T01:38:38.519Z
KG17,PY28,3.50,3.50,3.00,1.70,3.50,2026-09-14T01:38:38.520Z
KG17,PY29,3.20,3.20,2.90,1.60,3.20,2026-09-14T01:38:38.546Z
KG17,PY31,4.00,4.00,3.50,2.00,4.00,2026-09-14T01:38:38.635Z
KG17,PY32,4.30,4.30,3.80,2.10,4.30,2026-09-14T01:38:38.678Z
KG17,PY33,4.50,4.50,3.90,2.20,4.50,2026-09-14T01:38:38.681Z
KG17,PY34,4.50,4.50,3.80,2.20,4.50,2026-09-14T01:38:38.681Z
KG17,PY36,4.60,4.60,3.90,2.20,4.60,2026-09-14T01:38:38.683Z
KG17,PY37,4.80,4.80,4.10,2.40,4.80,2026-09-14T01:38:38.682Z
KG17,PY38,4.50,4.50,3.90,2.20,4.50,2026-09-14T01:38:38.675Z
KG17,PY39,4.50,4.50,3.80,2.20,4.50,2026-09-14T01:38:38.716Z
KG17,PY40,4.70,4.70,4.00,2.30,4.70,2026-09-14T01:38:38.812Z
KG17,PY41,4.80,4.80,4.10,2.30,4.80,2026-09-14T01:38:38.840Z
KG17,SB1,8.80,8.80,7.50,4.30,8.80,2026-09-14T01:38:38.841Z
KG17,SB2,8.20,8.20,6.90,4.00,8.20,2026-09-14T01:38:38.853Z
KG17,SB3,7.50,7.50,6.40,3.70,7.50,2026-09-14T01:38:38.858Z
KG17,SB4,6.80,6.80,5.80,3.30,6.80,2026-09-14T01:38:38.851Z
KG17,SB5,6.10,6.10,5.20,3.00,6.10,2026-09-14T01:38:38.855Z
KG17,SB6,5.20,5.20,4.50,2.50,5.20,2026-09-14T01:38:38.878Z
KG17,SB7,4.40,4.40,3.80,2.10,4.40,2026-09-14T01:38:38.975Z
KG17,SP1,2.20,2.20,2.00,1.10,2.20,2026-09-14T01:38:39.011Z
KG17,SP10,1.30,1.30,1.20,0.60,1.30,2026-09-14T01:38:39.010Z
KG17,SP11,1.60,1.60,1.40,0.80,1.60,2026-09-14T01:38:39.017Z
KG17,SP12,2.00,2.00,1.80,1.00,2.00,2026-09-14T01:38:39.017Z
KG17,SP13,2.40,2.40,2.10,1.20,2.40,2026-09-14T01:38:39.025Z
KG17,SP14,2.80,2.80,2.50,1.40,2.80,2026-09-14T01:38:39.027Z
KG17,SP15,2.90,2.90,2.60,1.40,2.90,2026-09-14T01:38:39.040Z
KG17,SP16,3.20,3.20,2.90,1.60,3.20,2026-09-14T01:38:39.140Z
KG17,SP17,3.70,3.70,3.20,1.80,3.70,2026-09-14T01:38:39.194Z
KG17,SP18,3.90,3.90,3.40,1.90,3.90,2026-09-14T01:38:39.194Z
KG17,SP19,3.70,3.70,3.20,1.80,3.70,2026-09-14T01:38:39.193Z
KG17,SP2,2.00,2.00,1.80,1.00,2.00,2026-09-14T01:38:39.188Z
KG17,SP20,3.90,3.90,3.40,1.90,3.90,2026-09-14T01:38:39.199Z
KG17,SP21,4.10,4.10,3.60,2.00,4.10,2026-09-14T01:38:39.199Z
KG17,SP22,3.70,3.70,3.20,1.80,3.70,2026-09-14T01:38:39.193Z
KG17,SP24,4.10,4.10,3.50,2.00,4.10,2026-09-14T01:38:39.304Z
KG17,SP25,4.10,4.10,3.60,2.00,4.10,2026-09-14T01:38:39.357Z
KG17,SP26,3.60,3.60,3.10,1.80,3.60,2026-09-14T01:38:39.354Z
KG17,SP27,3.70,3.70,3.20,1.80,3.70,2026-09-14T01:38:39.358Z
KG17,SP28,3.80,3.80,3.40,1.90,3.80,2026-09-14T01:38:39.372Z
KG17,SP29,4.00,4.00,3.50,2.00,4.00,2026-09-14T01:38:39.355Z
KG17,SP3,2.00,2.00,1.80,1.00,2.00,2026-09-14T01:38:39.354Z
KG17,SP31,4.30,4.30,3.70,2.10,4.30,2026-09-14T01:38:39.374Z
KG17,SP4,1.70,1.70,1.50,0.80,1.70,2026-09-14T01:38:39.461Z
KG17,SP5,1.50,1.50,1.40,0.70,1.50,2026-09-14T01:38:39.516Z
KG17,SP6,1.30,1.30,1.20,0.60,1.30,2026-09-14T01:38:39.522Z
KG17,SP7,1.10,1.10,1.00,0.50,1.10,2026-09-14T01:38:39.515Z
KG17,SP8,0.80,0.80,0.80,0.40,0.80,2026-09-14T01:38:39.516Z
KG17,SP9,1.00,1.00,1.00,0.50,1.00,2026-09-14T01:38:39.522Z
KG18A,KG20,1.20,1.20,1.20,0.60,1.20,2026-09-14T01:38:39.543Z
KG18A,KG21,1.60,1.60,1.50,0.80,1.60,2026-09-14T01:38:39.545Z
KG18A,KG22,1.90,1.90,1.70,1.00,1.90,2026-09-14T01:38:39.638Z
KG18A,KG23,2.20,2.20,2.00,1.10,2.20,2026-09-14T01:38:39.687Z
KG18A,KG24,2.50,2.50,2.20,1.30,2.50,2026-09-14T01:38:39.688Z
KG18A,KG25,3.00,3.00,2.60,1.50,3.00,2026-09-14T01:38:39.686Z
KG18A,KG26,3.00,3.00,2.70,1.50,3.00,2026-09-14T01:38:39.698Z
KG18A,KG27,3.50,3.50,3.10,1.70,3.50,2026-09-14T01:38:39.698Z
KG18A,KG28,3.80,3.80,3.30,1.90,3.80,2026-09-14T01:38:39.708Z
KG18A,KG29,3.60,3.60,3.20,1.80,3.60,2026-09-14T01:38:39.698Z
KG18A,KG30,3.80,3.80,3.30,1.80,3.80,2026-09-14T01:38:39.805Z
KG18A,KG31,4.10,4.10,3.60,2.00,4.10,2026-09-14T01:38:39.854Z
KG18A,KG33,3.90,3.90,3.40,1.90,3.90,2026-09-14T01:38:39.855Z
KG18A,KG34,4.10,4.10,3.50,2.00,4.10,2026-09-14T01:38:39.851Z
KG18A,KG35,4.30,4.30,3.70,2.10,4.30,2026-09-14T01:38:39.851Z
KG18A,KJ1,4.40,4.40,3.70,2.10,4.40,2026-09-14T01:38:39.852Z
KG18A,KJ10,2.50,2.50,2.20,1.20,2.50,2026-09-14T01:38:39.856Z
KG18A,KJ11,2.20,2.20,1.90,1.00,2.20,2026-09-14T01:38:39.865Z
KG18A,KJ12,1.90,1.90,1.60,0.90,1.90,2026-09-14T01:38:39.981Z
KG18A,KJ13,1.50,1.50,1.30,0.70,1.50,2026-09-14T01:38:40.034Z
KG18A,KJ14,1.40,1.40,1.30,0.70,1.40,2026-09-14T01:38:40.033Z
KG18A,KJ15,1.90,1.90,1.70,0.90,1.90,2026-09-14T01:38:40.034Z
KG18A,KJ16,2.20,2.20,2.00,1.10,2.20,2026-09-14T01:38:40.041Z
KG18A,KJ17,2.60,2.60,2.30,1.30,2.60,2026-09-14T01:38:40.039Z
KG18A,KJ18,2.60,2.60,2.30,1.30,2.60,2026-09-14T01:38:40.039Z
KG18A,KJ19,2.80,2.80,2.50,1.40,2.80,2026-09-14T01:38:40.036Z
KG18A,KJ2,4.20,4.20,3.60,2.00,4.20,2026-09-14T01:38:40.143Z
KG18A,KJ20,3.60,3.60,3.10,1.70,3.60,2026-09-14T01:38:40.194Z
KG18A,KJ21,3.70,3.70,3.20,1.80,3.70,2026-09-14T01:38:40.198Z
KG18A,KJ22,3.70,3.70,3.30,1.80,3.70,2026-09-14T01:38:40.193Z
KG18A,KJ23,4.00,4.00,3.50,2.00,4.00,2026-09-14T01:38:40.199Z
KG18A,KJ24,4.30,4.30,3.70,2.10,4.30,2026-09-14T01:38:40.198Z
KG18A,KJ25,4.10,4.10,3.50,2.00,4.10,2026-09-14T01:38:40.200Z
KG18A,KJ26,4.20,4.20,3.70,2.10,4.20,2026-09-14T01:38:40.199Z
KG18A,KJ27,4.50,4.50,3.90,2.20,4.50,2026-09-14T01:38:40.305Z
KG18A,KJ28,4.40,4.40,3.70,2.10,4.40,2026-09-14T01:38:40.384Z
KG18A,KJ29,4.30,4.30,3.70,2.10,4.30,2026-09-14T01:38:40.385Z
KG18A,KJ3,4.10,4.10,3.50,2.00,4.10,2026-09-14T01:38:40.383Z
KG18A,KJ30,4.50,4.50,3.90,2.20,4.50,2026-09-14T01:38:40.384Z
KG18A,KJ31,4.80,4.80,4.10,2.30,4.80,2026-09-14T01:38:40.384Z
KG18A,KJ32,4.30,4.30,3.60,2.00,4.30,2026-09-14T01:38:40.384Z
KG18A,KJ33,4.20,4.20,3.60,2.00,4.20,2026-09-14T01:38:40.385Z
KG18A,KJ34,4.30,4.30,3.70,2.10,4.30,2026-09-14T01:38:40.477Z
KG18A,KJ35,4.50,4.50,3.90,2.20,4.50,2026-09-14T01:38:40.574Z
KG18A,KJ36,4.70,4.70,4.00,2.30,4.70,2026-09-14T01:38:40.575Z
KG18A,KJ37,4.70,4.70,4.00,2.30,4.70,2026-09-14T01:38:40.570Z
KG18A,KJ4,3.90,3.90,3.30,1.80,3.90,2026-09-14T01:38:40.576Z
KG18A,KJ5,3.70,3.70,3.10,1.70,3.70,2026-09-14T01:38:40.569Z
KG18A,KJ6,3.30,3.30,2.80,1.60,3.30,2026-09-14T01:38:40.572Z
KG18A,KJ7,3.10,3.10,2.70,1.50,3.10,2026-09-14T01:38:40.566Z
KG18A,KJ8,2.90,2.90,2.50,1.40,2.90,2026-09-14T01:38:40.642Z
KG18A,KJ9,2.60,2.60,2.30,1.30,2.60,2026-09-14T01:38:40.750Z
KG18A,MR1,3.40,3.40,3.00,1.70,3.40,2026-09-14T01:38:40.751Z
KG18A,MR10,3.10,3.10,2.70,1.50,3.10,2026-09-14T01:38:40.750Z
KG18A,MR11,2.40,2.40,2.10,1.20,2.40,2026-09-14T01:38:40.750Z
KG18A,MR2,3.10,3.10,2.70,1.50,3.10,2026-09-14T01:38:40.751Z
KG18A,MR3,2.10,2.10,1.90,1.00,2.10,2026-09-14T01:38:40.751Z
KG18A,MR4,1.40,1.40,1.30,0.70,1.40,2026-09-14T01:38:40.746Z
KG18A,MR5,1.80,1.80,1.60,0.80,1.80,2026-09-14T01:38:40.805Z
KG18A,MR6,2.10,2.10,1.90,1.00,2.10,2026-09-14T01:38:40.911Z
KG18A,MR7,2.50,2.50,2.20,1.20,2.50,2026-09-14T01:38:40.912Z
KG18A,MR8,3.00,3.00,2.70,1.50,3.00,2026-09-14T01:38:40.919Z
KG18A,MR9,3.50,3.50,3.10,1.70,3.50,2026-09-14T01:38:40.920Z
KG18A,PY01,4.10,4.10,3.60,2.00,4.10,2026-09-14T01:38:40.913Z
KG18A,PY03,4.70,4.70,4.10,2.30,4.70,2026-09-14T01:38:40.921Z
KG18A,PY04,4.50,4.50,4.00,2.20,4.50,2026-09-14T01:38:40.930Z
KG18A,PY05,4.30,4.30,3.80,2.10,4.30,2026-09-14T01:38:40.960Z
KG18A,PY06,4.70,4.70,4.10,2.30,4.70,2026-09-14T01:38:41.084Z
KG18A,PY07,4.40,4.40,3.90,2.20,4.40,2026-09-14T01:38:41.088Z
KG18A,PY08,4.20,4.20,3.70,2.00,4.20,2026-09-14T01:38:41.088Z
KG18A,PY09,3.90,3.90,3.40,1.90,3.90,2026-09-14T01:38:41.121Z
KG18A,PY10,4.20,4.20,3.70,2.00,4.20,2026-09-14T01:38:41.087Z
KG18A,PY11,4.00,4.00,3.50,1.90,4.00,2026-09-14T01:38:41.087Z
KG18A,PY12,3.70,3.70,3.30,1.80,3.70,2026-09-14T01:38:41.094Z
KG18A,PY13,3.50,3.50,3.10,1.70,3.50,2026-09-14T01:38:41.128Z
KG18A,PY14,3.50,3.50,3.00,1.70,3.50,2026-09-14T01:38:41.260Z
KG18A,PY15,3.20,3.20,2.80,1.60,3.20,2026-09-14T01:38:41.261Z
KG18A,PY16,2.80,2.80,2.50,1.40,2.80,2026-09-14T01:38:41.261Z
KG18A,PY17,2.40,2.40,2.10,1.20,2.40,2026-09-14T01:38:41.260Z
KG18A,PY18,2.40,2.40,2.20,1.20,2.40,2026-09-14T01:38:41.258Z
KG18A,PY19,2.20,2.20,2.00,1.10,2.20,2026-09-14T01:38:41.260Z
KG18A,PY20,1.80,1.80,1.70,0.90,1.80,2026-09-14T01:38:41.287Z
KG18A,PY21,1.70,1.70,1.60,0.80,1.70,2026-09-14T01:38:41.293Z
KG18A,PY22,1.50,1.50,1.40,0.70,1.50,2026-09-14T01:38:41.422Z
KG18A,PY23,1.20,1.20,1.20,0.60,1.20,2026-09-14T01:38:41.422Z
KG18A,PY24,1.70,1.70,1.60,0.90,1.70,2026-09-14T01:38:41.423Z
KG18A,PY27,3.10,3.10,2.80,1.50,3.10,2026-09-14T01:38:41.426Z
KG18A,PY28,3.60,3.60,3.20,1.70,3.60,2026-09-14T01:38:41.427Z
KG18A,PY29,3.60,3.60,3.20,1.70,3.60,2026-09-14T01:38:41.427Z
KG18A,PY31,4.10,4.10,3.70,2.00,4.10,2026-09-14T01:38:41.453Z
KG18A,PY32,3.90,3.90,3.50,1.90,3.90,2026-09-14T01:38:41.452Z
KG18A,PY33,4.10,4.10,3.60,2.00,4.10,2026-09-14T01:38:41.593Z
KG18A,PY34,4.40,4.40,3.90,2.20,4.40,2026-09-14T01:38:41.597Z
KG18A,PY36,4.40,4.40,3.90,2.20,4.40,2026-09-14T01:38:41.606Z
KG18A,PY37,4.70,4.70,4.10,2.30,4.70,2026-09-14T01:38:41.603Z
KG18A,PY38,4.10,4.10,3.60,2.00,4.10,2026-09-14T01:38:41.608Z
KG18A,PY39,4.30,4.30,3.80,2.10,4.30,2026-09-14T01:38:41.605Z
KG18A,PY40,4.40,4.40,3.90,2.20,4.40,2026-09-14T01:38:41.632Z
KG18A,PY41,4.60,4.60,4.00,2.20,4.60,2026-09-14T01:38:41.631Z
KG18A,SB1,9.20,9.20,7.80,4.50,9.20,2026-09-14T01:38:41.769Z
KG18A,SB2,8.60,8.60,7.20,4.20,8.60,2026-09-14T01:38:41.767Z
KG18A,SB3,7.90,7.90,6.70,3.90,7.90,2026-09-14T01:38:41.761Z
KG18A,SB4,7.20,7.20,6.10,3.50,7.20,2026-09-14T01:38:41.766Z
KG18A,SB5,6.50,6.50,5.50,3.20,6.50,2026-09-14T01:38:41.780Z
KG18A,SB6,5.60,5.60,4.80,2.70,5.60,2026-09-14T01:38:41.780Z
KG18A,SB7,4.80,4.80,4.10,2.30,4.80,2026-09-14T01:38:41.800Z
KG18A,SP1,2.60,2.60,2.30,1.30,2.60,2026-09-14T01:38:41.797Z
KG18A,SP10,1.70,1.70,1.50,0.80,1.70,2026-09-14T01:38:41.939Z
KG18A,SP11,1.70,1.70,1.60,0.90,1.70,2026-09-14T01:38:41.935Z
KG18A,SP12,2.30,2.30,2.10,1.20,2.30,2026-09-14T01:38:41.943Z
KG18A,SP13,2.70,2.70,2.40,1.40,2.70,2026-09-14T01:38:41.943Z
KG18A,SP14,3.00,3.00,2.70,1.60,3.00,2026-09-14T01:38:41.952Z
KG18A,SP15,3.30,3.30,2.90,1.60,3.30,2026-09-14T01:38:41.947Z
KG18A,SP16,3.60,3.60,3.20,1.70,3.60,2026-09-14T01:38:41.966Z
KG18A,SP17,4.00,4.00,3.50,2.00,4.00,2026-09-14T01:38:41.962Z
KG18A,SP18,4.20,4.20,3.70,2.10,4.20,2026-09-14T01:38:42.113Z
KG18A,SP19,4.10,4.10,3.50,2.00,4.10,2026-09-14T01:38:42.111Z
KG18A,SP2,2.40,2.40,2.10,1.20,2.40,2026-09-14T01:38:42.110Z
KG18A,SP20,4.30,4.30,3.70,2.10,4.30,2026-09-14T01:38:42.117Z
KG18A,SP21,4.50,4.50,3.90,2.20,4.50,2026-09-14T01:38:42.114Z
KG18A,SP22,4.10,4.10,3.50,2.00,4.10,2026-09-14T01:38:42.115Z
KG18A,SP24,4.50,4.50,3.80,2.20,4.50,2026-09-14T01:38:42.117Z
KG18A,SP25,4.50,4.50,3.90,2.20,4.50,2026-09-14T01:38:42.139Z
KG18A,SP26,4.00,4.00,3.40,2.00,4.00,2026-09-14T01:38:42.273Z
KG18A,SP27,4.10,4.10,3.50,2.00,4.10,2026-09-14T01:38:42.275Z
KG18A,SP28,4.20,4.20,3.70,2.10,4.20,2026-09-14T01:38:42.275Z
KG18A,SP29,4.40,4.40,3.80,2.20,4.40,2026-09-14T01:38:42.274Z
KG18A,SP3,2.40,2.40,2.10,1.20,2.40,2026-09-14T01:38:42.276Z
KG18A,SP31,4.70,4.70,4.00,2.30,4.70,2026-09-14T01:38:42.286Z
KG18A,SP4,2.10,2.10,1.80,1.00,2.10,2026-09-14T01:38:42.291Z
KG18A,SP5,1.90,1.90,1.70,0.90,1.90,2026-09-14T01:38:42.304Z
KG18A,SP6,1.70,1.70,1.50,0.80,1.70,2026-09-14T01:38:42.453Z
KG18A,SP7,1.50,1.50,1.30,0.70,1.50,2026-09-14T01:38:42.460Z
KG18A,SP8,1.20,1.20,1.10,0.60,1.20,2026-09-14T01:38:42.453Z
KG18A,SP9,1.40,1.40,1.30,0.70,1.40,2026-09-14T01:38:42.450Z
KG20,KG21,1.20,1.20,1.10,0.60,1.20,2026-09-14T01:38:42.452Z
KG20,KG22,1.50,1.50,1.40,0.70,1.50,2026-09-14T01:38:42.461Z
KG20,KG23,2.00,2.00,1.80,1.00,2.00,2026-09-14T01:38:42.466Z
KG20,KG24,2.10,2.10,1.90,1.10,2.10,2026-09-14T01:38:42.471Z
KG20,KG25,2.60,2.60,2.30,1.30,2.60,2026-09-14T01:38:42.622Z
KG20,KG26,3.00,3.00,2.60,1.50,3.00,2026-09-14T01:38:42.626Z
KG20,KG27,3.20,3.20,2.80,1.50,3.20,2026-09-14T01:38:42.621Z
KG20,KG28,3.50,3.50,3.10,1.70,3.50,2026-09-14T01:38:42.621Z
KG20,KG29,3.90,3.90,3.40,1.90,3.90,2026-09-14T01:38:42.634Z
KG20,KG30,3.50,3.50,3.10,1.70,3.50,2026-09-14T01:38:42.634Z
KG20,KG31,3.80,3.80,3.30,1.90,3.80,2026-09-14T01:38:42.631Z
KG20,KG33,3.70,3.70,3.30,1.80,3.70,2026-09-14T01:38:42.639Z
KG20,KG34,3.90,3.90,3.40,1.90,3.90,2026-09-14T01:38:42.793Z
KG20,KG35,4.10,4.10,3.50,2.00,4.10,2026-09-14T01:38:42.789Z
KG20,KJ1,4.80,4.80,4.10,2.30,4.80,2026-09-14T01:38:42.792Z
KG20,KJ10,2.90,2.90,2.60,1.40,2.90,2026-09-14T01:38:42.792Z
KG20,KJ11,2.60,2.60,2.30,1.20,2.60,2026-09-14T01:38:42.801Z
KG20,KJ12,2.30,2.30,2.00,1.10,2.30,2026-09-14T01:38:42.803Z
KG20,KJ13,1.90,1.90,1.70,0.90,1.90,2026-09-14T01:38:42.802Z
KG20,KJ14,1.80,1.80,1.60,0.90,1.80,2026-09-14T01:38:42.808Z
KG20,KJ15,2.30,2.30,2.00,1.10,2.30,2026-09-14T01:38:42.981Z
KG20,KJ16,2.60,2.60,2.30,1.30,2.60,2026-09-14T01:38:42.983Z
KG20,KJ17,3.00,3.00,2.60,1.50,3.00,2026-09-14T01:38:42.981Z
KG20,KJ18,3.00,3.00,2.60,1.50,3.00,2026-09-14T01:38:42.966Z
KG20,KJ19,3.20,3.20,2.80,1.60,3.20,2026-09-14T01:38:42.966Z
KG20,KJ2,4.60,4.60,3.90,2.20,4.60,2026-09-14T01:38:42.966Z
KG20,KJ20,4.00,4.00,3.40,1.90,4.00,2026-09-14T01:38:42.967Z
KG20,KJ21,4.10,4.10,3.60,2.00,4.10,2026-09-14T01:38:42.981Z
KG20,KJ22,4.10,4.10,3.60,2.00,4.10,2026-09-14T01:38:43.162Z
KG20,KJ23,4.40,4.40,3.80,2.20,4.40,2026-09-14T01:38:43.166Z
KG20,KJ24,4.70,4.70,4.00,2.30,4.70,2026-09-14T01:38:43.157Z
KG20,KJ25,4.50,4.50,3.80,2.20,4.50,2026-09-14T01:38:43.159Z
KG20,KJ26,4.60,4.60,4.00,2.30,4.60,2026-09-14T01:38:43.159Z
KG20,KJ27,4.90,4.90,4.20,2.40,4.90,2026-09-14T01:38:43.158Z
KG20,KJ28,4.80,4.80,4.10,2.30,4.80,2026-09-14T01:38:43.162Z
KG20,KJ29,4.70,4.70,4.00,2.30,4.70,2026-09-14T01:38:43.168Z
KG20,KJ3,4.50,4.50,3.90,2.20,4.50,2026-09-14T01:38:43.326Z
KG20,KJ30,4.90,4.90,4.20,2.40,4.90,2026-09-14T01:38:43.326Z
KG20,KJ31,5.20,5.20,4.40,2.50,5.20,2026-09-14T01:38:43.323Z
KG20,KJ32,4.70,4.70,4.00,2.20,4.70,2026-09-14T01:38:43.320Z
KG20,KJ33,4.60,4.60,3.90,2.20,4.60,2026-09-14T01:38:43.334Z
KG20,KJ34,4.70,4.70,4.00,2.30,4.70,2026-09-14T01:38:43.339Z
KG20,KJ35,4.90,4.90,4.20,2.40,4.90,2026-09-14T01:38:43.339Z
KG20,KJ36,5.00,5.00,4.30,2.50,5.00,2026-09-14T01:38:43.340Z
KG20,KJ37,4.50,4.50,3.90,2.30,4.50,2026-09-14T01:38:43.496Z
KG20,KJ4,4.30,4.30,3.70,2.00,4.30,2026-09-14T01:38:43.497Z
KG20,KJ5,4.10,4.10,3.50,1.90,4.10,2026-09-14T01:38:43.500Z
KG20,KJ6,3.80,3.80,3.30,1.80,3.80,2026-09-14T01:38:43.499Z
KG20,KJ7,3.60,3.60,3.20,1.70,3.60,2026-09-14T01:38:43.512Z
KG20,KJ8,3.30,3.30,2.90,1.60,3.30,2026-09-14T01:38:43.513Z
KG20,KJ9,3.00,3.00,2.70,1.50,3.00,2026-09-14T01:38:43.512Z
KG20,MR1,3.80,3.80,3.40,1.90,3.80,2026-09-14T01:38:43.504Z
KG20,MR10,3.00,3.00,2.70,1.40,3.00,2026-09-14T01:38:43.668Z
KG20,MR11,2.20,2.20,2.00,1.10,2.20,2026-09-14T01:38:43.668Z
KG20,MR2,3.50,3.50,3.10,1.70,3.50,2026-09-14T01:38:43.665Z
KG20,MR3,2.50,2.50,2.30,1.20,2.50,2026-09-14T01:38:43.666Z
KG20,MR4,1.80,1.80,1.70,0.90,1.80,2026-09-14T01:38:43.665Z
KG20,MR5,2.20,2.20,2.00,1.00,2.20,2026-09-14T01:38:43.667Z
KG20,MR6,2.50,2.50,2.30,1.20,2.50,2026-09-14T01:38:43.670Z
KG20,MR7,2.90,2.90,2.60,1.40,2.90,2026-09-14T01:38:43.669Z
KG20,MR8,3.40,3.40,3.10,1.70,3.40,2026-09-14T01:38:43.814Z
KG20,MR9,3.60,3.60,3.20,1.80,3.60,2026-09-14T01:38:43.812Z
KG20,PY01,3.60,3.60,3.10,1.70,3.60,2026-09-14T01:38:43.828Z
KG20,PY03,4.30,4.30,3.70,2.10,4.30,2026-09-14T01:38:43.815Z
KG20,PY04,4.10,4.10,3.60,2.00,4.10,2026-09-14T01:38:43.819Z
KG20,PY05,3.90,3.90,3.40,1.90,3.90,2026-09-14T01:38:43.818Z
KG20,PY06,4.30,4.30,3.70,2.10,4.30,2026-09-14T01:38:43.824Z
KG20,PY07,4.00,4.00,3.50,2.00,4.00,2026-09-14T01:38:43.837Z
KG20,PY08,3.80,3.80,3.30,1.80,3.80,2026-09-14T01:38:43.990Z
KG20,PY09,3.50,3.50,3.00,1.70,3.50,2026-09-14T01:38:44.003Z
KG20,PY10,3.80,3.80,3.30,1.80,3.80,2026-09-14T01:38:43.989Z
KG20,PY11,3.60,3.60,3.10,1.70,3.60,2026-09-14T01:38:44.001Z
KG20,PY12,3.30,3.30,2.90,1.60,3.30,2026-09-14T01:38:43.999Z
KG20,PY13,3.10,3.10,2.70,1.50,3.10,2026-09-14T01:38:43.990Z
KG20,PY14,3.10,3.10,2.70,1.60,3.10,2026-09-14T01:38:44.003Z
KG20,PY15,2.90,2.90,2.60,1.50,2.90,2026-09-14T01:38:44.009Z
KG20,PY16,2.60,2.60,2.30,1.30,2.60,2026-09-14T01:38:44.158Z
KG20,PY17,2.20,2.20,2.00,1.10,2.20,2026-09-14T01:38:44.159Z
KG20,PY18,2.00,2.00,1.80,1.00,2.00,2026-09-14T01:38:44.159Z
KG20,PY19,1.80,1.80,1.60,0.90,1.80,2026-09-14T01:38:44.177Z
KG20,PY20,1.40,1.40,1.30,0.70,1.40,2026-09-14T01:38:44.179Z
KG20,PY21,1.30,1.30,1.20,0.60,1.30,2026-09-14T01:38:44.182Z
KG20,PY22,1.10,1.10,1.00,0.50,1.10,2026-09-14T01:38:44.231Z
KG20,PY23,0.80,0.80,0.80,0.40,0.80,2026-09-14T01:38:44.176Z
KG20,PY24,1.30,1.30,1.20,0.70,1.30,2026-09-14T01:38:44.338Z
KG20,PY27,2.70,2.70,2.40,1.30,2.70,2026-09-14T01:38:44.336Z
KG20,PY28,3.10,3.10,2.70,1.50,3.10,2026-09-14T01:38:44.342Z
KG20,PY29,3.20,3.20,2.80,1.50,3.20,2026-09-14T01:38:44.357Z
KG20,PY31,3.70,3.70,3.30,1.80,3.70,2026-09-14T01:38:44.358Z
KG20,PY32,3.50,3.50,3.10,1.70,3.50,2026-09-14T01:38:44.358Z
KG20,PY33,3.70,3.70,3.20,1.80,3.70,2026-09-14T01:38:44.358Z
KG20,PY34,4.00,4.00,3.50,2.00,4.00,2026-09-14T01:38:44.379Z
KG20,PY36,4.00,4.00,3.50,2.00,4.00,2026-09-14T01:38:44.499Z
KG20,PY37,4.30,4.30,3.70,2.10,4.30,2026-09-14T01:38:44.497Z
KG20,PY38,3.70,3.70,3.20,1.80,3.70,2026-09-14T01:38:44.509Z
KG20,PY39,3.90,3.90,3.40,1.90,3.90,2026-09-14T01:38:44.530Z
KG20,PY40,4.00,4.00,3.50,2.00,4.00,2026-09-14T01:38:44.529Z
KG20,PY41,4.20,4.20,3.60,2.00,4.20,2026-09-14T01:38:44.524Z
KG20,SB1,9.60,9.60,8.10,4.70,9.60,2026-09-14T01:38:44.527Z
KG20,SB2,9.00,9.00,7.50,4.40,9.00,2026-09-14T01:38:44.534Z
KG20,SB3,8.30,8.30,7.00,4.10,8.30,2026-09-14T01:38:44.671Z
KG20,SB4,7.60,7.60,6.40,3.70,7.60,2026-09-14T01:38:44.669Z
KG20,SB5,6.90,6.90,5.80,3.40,6.90,2026-09-14T01:38:44.669Z
KG20,SB6,6.00,6.00,5.10,2.90,6.00,2026-09-14T01:38:44.679Z
KG20,SB7,5.20,5.20,4.40,2.50,5.20,2026-09-14T01:38:44.702Z
KG20,SP1,2.70,2.70,2.40,1.30,2.70,2026-09-14T01:38:44.697Z
KG20,SP10,1.60,1.60,1.50,0.90,1.60,2026-09-14T01:38:44.701Z
KG20,SP11,1.30,1.30,1.20,0.70,1.30,2026-09-14T01:38:44.697Z
KG20,SP12,1.90,1.90,1.70,1.00,1.90,2026-09-14T01:38:44.844Z
KG20,SP13,2.30,2.30,2.00,1.20,2.30,2026-09-14T01:38:44.843Z
KG20,SP14,2.60,2.60,2.30,1.40,2.60,2026-09-14T01:38:44.840Z
KG20,SP15,3.10,3.10,2.70,1.60,3.10,2026-09-14T01:38:44.866Z
KG20,SP16,3.20,3.20,2.80,1.50,3.20,2026-09-14T01:38:44.868Z
KG20,SP17,3.60,3.60,3.20,1.80,3.60,2026-09-14T01:38:44.855Z
KG20,SP18,3.80,3.80,3.30,1.90,3.80,2026-09-14T01:38:44.859Z
KG20,SP19,4.20,4.20,3.60,2.10,4.20,2026-09-14T01:38:44.849Z
KG20,SP2,2.40,2.40,2.20,1.20,2.40,2026-09-14T01:38:45.009Z
KG20,SP20,4.10,4.10,3.60,2.00,4.10,2026-09-14T01:38:45.010Z
KG20,SP21,4.10,4.10,3.60,2.10,4.10,2026-09-14T01:38:45.015Z
KG20,SP22,4.40,4.40,3.80,2.20,4.40,2026-09-14T01:38:45.012Z
KG20,SP24,4.20,4.20,3.60,2.10,4.20,2026-09-14T01:38:45.013Z
KG20,SP25,4.50,4.50,3.80,2.20,4.50,2026-09-14T01:38:45.033Z
KG20,SP26,4.40,4.40,3.80,2.20,4.40,2026-09-14T01:38:45.027Z
KG20,SP27,4.50,4.50,3.90,2.20,4.50,2026-09-14T01:38:45.025Z
KG20,SP28,4.10,4.10,3.50,2.00,4.10,2026-09-14T01:38:45.182Z
KG20,SP29,4.20,4.20,3.70,2.10,4.20,2026-09-14T01:38:45.186Z
KG20,SP3,2.20,2.20,2.00,1.10,2.20,2026-09-14T01:38:45.188Z
KG20,SP31,4.50,4.50,3.90,2.30,4.50,2026-09-14T01:38:45.183Z
KG20,SP4,2.50,2.50,2.20,1.20,2.50,2026-09-14T01:38:45.184Z
KG20,SP5,2.30,2.30,2.10,1.10,2.30,2026-09-14T01:38:45.183Z
KG20,SP6,2.10,2.10,1.90,1.00,2.10,2026-09-14T01:38:45.185Z
KG20,SP7,1.90,1.90,1.70,0.90,1.90,2026-09-14T01:38:45.184Z
KG20,SP8,1.60,1.60,1.50,0.80,1.60,2026-09-14T01:38:45.344Z
KG20,SP9,1.80,1.80,1.70,0.90,1.80,2026-09-14T01:38:45.341Z
KG21,KG22,1.10,1.10,1.10,0.60,1.10,2026-09-14T01:38:45.344Z
KG21,KG23,1.60,1.60,1.50,0.80,1.60,2026-09-14T01:38:45.340Z
KG21,KG24,1.90,1.90,1.80,1.00,1.90,2026-09-14T01:38:45.343Z
KG21,KG25,2.30,2.30,2.00,1.10,2.30,2026-09-14T01:38:45.342Z
KG21,KG26,2.70,2.70,2.40,1.30,2.70,2026-09-14T01:38:45.343Z
KG21,KG27,2.90,2.90,2.60,1.40,2.90,2026-09-14T01:38:45.338Z
KG21,KG28,3.30,3.30,2.90,1.60,3.30,2026-09-14T01:38:45.516Z
KG21,KG29,3.60,3.60,3.20,1.80,3.60,2026-09-14T01:38:45.541Z
KG21,KG30,3.80,3.80,3.30,1.80,3.80,2026-09-14T01:38:45.515Z
KG21,KG31,3.60,3.60,3.20,1.80,3.60,2026-09-14T01:38:45.510Z
KG21,KG33,4.20,4.20,3.70,2.10,4.20,2026-09-14T01:38:45.541Z
KG21,KG34,3.70,3.70,3.20,1.80,3.70,2026-09-14T01:38:45.534Z
KG21,KG35,3.90,3.90,3.40,1.90,3.90,2026-09-14T01:38:45.534Z
KG21,KJ1,5.10,5.10,4.40,2.50,5.10,2026-09-14T01:38:45.534Z
KG21,KJ10,3.30,3.30,2.90,1.60,3.30,2026-09-14T01:38:45.698Z
KG21,KJ11,3.00,3.00,2.60,1.40,3.00,2026-09-14T01:38:45.686Z
KG21,KJ12,2.70,2.70,2.30,1.30,2.70,2026-09-14T01:38:45.695Z
KG21,KJ13,2.30,2.30,2.00,1.10,2.30,2026-09-14T01:38:45.702Z
KG21,KJ14,2.00,2.00,1.80,1.00,2.00,2026-09-14T01:38:45.707Z
KG21,KJ15,2.50,2.50,2.20,1.20,2.50,2026-09-14T01:38:45.706Z
KG21,KJ16,2.80,2.80,2.50,1.40,2.80,2026-09-14T01:38:45.719Z
KG21,KJ17,3.20,3.20,2.80,1.60,3.20,2026-09-14T01:38:45.721Z
KG21,KJ18,3.30,3.30,2.90,1.60,3.30,2026-09-14T01:38:45.855Z
KG21,KJ19,3.50,3.50,3.10,1.70,3.50,2026-09-14T01:38:45.900Z
KG21,KJ2,4.80,4.80,4.10,2.30,4.80,2026-09-14T01:38:45.884Z
KG21,KJ20,4.20,4.20,3.60,2.00,4.20,2026-09-14T01:38:45.880Z
KG21,KJ21,4.40,4.40,3.80,2.20,4.40,2026-09-14T01:38:45.881Z
KG21,KJ22,4.30,4.30,3.80,2.10,4.30,2026-09-14T01:38:45.883Z
KG21,KJ23,4.60,4.60,4.00,2.30,4.60,2026-09-14T01:38:45.886Z
KG21,KJ24,4.90,4.90,4.20,2.40,4.90,2026-09-14T01:38:45.906Z
KG21,KJ25,4.70,4.70,4.00,2.30,4.70,2026-09-14T01:38:46.020Z
KG21,KJ26,4.80,4.80,4.20,2.40,4.80,2026-09-14T01:38:46.041Z
KG21,KJ27,5.10,5.10,4.40,2.50,5.10,2026-09-14T01:38:46.044Z
KG21,KJ28,5.20,5.20,4.40,2.50,5.20,2026-09-14T01:38:46.046Z
KG21,KJ29,4.90,4.90,4.20,2.40,4.90,2026-09-14T01:38:46.042Z
KG21,KJ3,4.90,4.90,4.20,2.40,4.90,2026-09-14T01:38:46.042Z
KG21,KJ30,5.10,5.10,4.40,2.50,5.10,2026-09-14T01:38:46.073Z
KG21,KJ31,5.40,5.40,4.60,2.60,5.40,2026-09-14T01:38:46.081Z
KG21,KJ32,5.10,5.10,4.30,2.40,5.10,2026-09-14T01:38:46.181Z
KG21,KJ33,4.80,4.80,4.10,2.30,4.80,2026-09-14T01:38:46.219Z
KG21,KJ34,4.90,4.90,4.20,2.40,4.90,2026-09-14T01:38:46.220Z
KG21,KJ35,5.10,5.10,4.40,2.50,5.10,2026-09-14T01:38:46.218Z
KG21,KJ36,4.90,4.90,4.20,2.50,4.90,2026-09-14T01:38:46.222Z
KG21,KJ37,4.40,4.40,3.80,2.20,4.40,2026-09-14T01:38:46.220Z
KG21,KJ4,4.60,4.60,4.00,2.20,4.60,2026-09-14T01:38:46.225Z
KG21,KJ5,4.50,4.50,3.80,2.10,4.50,2026-09-14T01:38:46.228Z
KG21,KJ6,4.20,4.20,3.60,2.00,4.20,2026-09-14T01:38:46.348Z
KG21,KJ7,4.00,4.00,3.50,1.90,4.00,2026-09-14T01:38:46.371Z
KG21,KJ8,3.80,3.80,3.30,1.80,3.80,2026-09-14T01:38:46.373Z
KG21,KJ9,3.50,3.50,3.10,1.70,3.50,2026-09-14T01:38:46.369Z
KG21,MR1,4.20,4.20,3.70,2.10,4.20,2026-09-14T01:38:46.376Z
KG21,MR10,3.40,3.40,3.00,1.60,3.40,2026-09-14T01:38:46.380Z
KG21,MR11,2.60,2.60,2.30,1.30,2.60,2026-09-14T01:38:46.380Z
KG21,MR2,3.90,3.90,3.40,1.90,3.90,2026-09-14T01:38:46.383Z
KG21,MR3,2.90,2.90,2.60,1.40,2.90,2026-09-14T01:38:46.524Z
KG21,MR4,2.20,2.20,2.00,1.10,2.20,2026-09-14T01:38:46.545Z
KG21,MR5,2.60,2.60,2.30,1.20,2.60,2026-09-14T01:38:46.542Z
KG21,MR6,2.90,2.90,2.60,1.40,2.90,2026-09-14T01:38:46.544Z
KG21,MR7,3.30,3.30,2.90,1.60,3.30,2026-09-14T01:38:46.546Z
KG21,MR8,3.80,3.80,3.40,1.90,3.80,2026-09-14T01:38:46.560Z
KG21,MR9,4.00,4.00,3.50,2.00,4.00,2026-09-14T01:38:46.559Z
KG21,PY01,3.70,3.70,3.20,1.80,3.70,2026-09-14T01:38:46.559Z
KG21,PY03,4.50,4.50,3.90,2.20,4.50,2026-09-14T01:38:46.694Z
KG21,PY04,4.50,4.50,3.90,2.20,4.50,2026-09-14T01:38:46.715Z
KG21,PY05,4.30,4.30,3.70,2.10,4.30,2026-09-14T01:38:46.714Z
KG21,PY06,4.70,4.70,4.00,2.30,4.70,2026-09-14T01:38:46.712Z
KG21,PY07,4.40,4.40,3.80,2.20,4.40,2026-09-14T01:38:46.716Z
KG21,PY08,4.20,4.20,3.60,2.00,4.20,2026-09-14T01:38:46.718Z
KG21,PY09,3.90,3.90,3.30,1.90,3.90,2026-09-14T01:38:46.721Z
KG21,PY10,4.20,4.20,3.60,2.00,4.20,2026-09-14T01:38:46.727Z
KG21,PY11,4.00,4.00,3.40,1.90,4.00,2026-09-14T01:38:46.872Z
KG21,PY12,3.70,3.70,3.20,1.80,3.70,2026-09-14T01:38:46.886Z
KG21,PY13,3.50,3.50,3.00,1.70,3.50,2026-09-14T01:38:46.893Z
KG21,PY14,3.60,3.60,3.10,1.80,3.60,2026-09-14T01:38:46.893Z
KG21,PY15,3.40,3.40,3.00,1.70,3.40,2026-09-14T01:38:46.898Z
KG21,PY16,3.00,3.00,2.60,1.50,3.00,2026-09-14T01:38:46.898Z
KG21,PY17,2.60,2.60,2.30,1.30,2.60,2026-09-14T01:38:46.891Z
KG21,PY18,2.40,2.40,2.10,1.20,2.40,2026-09-14T01:38:46.907Z
KG21,PY19,2.20,2.20,1.90,1.10,2.20,2026-09-14T01:38:47.062Z
KG21,PY20,1.80,1.80,1.60,0.90,1.80,2026-09-14T01:38:47.063Z
KG21,PY21,1.70,1.70,1.50,0.80,1.70,2026-09-14T01:38:47.079Z
KG21,PY22,1.50,1.50,1.30,0.70,1.50,2026-09-14T01:38:47.058Z
KG21,PY23,1.20,1.20,1.10,0.60,1.20,2026-09-14T01:38:47.078Z
KG21,PY24,1.70,1.70,1.50,0.90,1.70,2026-09-14T01:38:47.085Z
KG21,PY27,3.10,3.10,2.70,1.50,3.10,2026-09-14T01:38:47.091Z
KG21,PY28,3.60,3.60,3.10,1.70,3.60,2026-09-14T01:38:47.075Z
KG21,PY29,3.40,3.40,3.10,1.70,3.40,2026-09-14T01:38:47.227Z
KG21,PY31,4.10,4.10,3.60,2.00,4.10,2026-09-14T01:38:47.223Z
KG21,PY32,3.90,3.90,3.40,1.90,3.90,2026-09-14T01:38:47.230Z
KG21,PY33,4.10,4.10,3.50,2.00,4.10,2026-09-14T01:38:47.243Z
KG21,PY34,4.40,4.40,3.80,2.20,4.40,2026-09-14T01:38:47.243Z
KG21,PY36,4.40,4.40,3.80,2.20,4.40,2026-09-14T01:38:47.248Z
KG21,PY37,4.70,4.70,4.00,2.30,4.70,2026-09-14T01:38:47.255Z
KG21,PY38,4.10,4.10,3.50,2.00,4.10,2026-09-14T01:38:47.253Z
KG21,PY39,4.30,4.30,3.70,2.10,4.30,2026-09-14T01:38:47.396Z
KG21,PY40,4.40,4.40,3.80,2.20,4.40,2026-09-14T01:38:47.397Z
KG21,PY41,4.60,4.60,3.90,2.20,4.60,2026-09-14T01:38:47.401Z
KG21,SB1,9.80,9.80,8.30,4.80,9.80,2026-09-14T01:38:47.425Z
KG21,SB2,9.20,9.20,7.70,4.50,9.20,2026-09-14T01:38:47.419Z
KG21,SB3,8.50,8.50,7.20,4.20,8.50,2026-09-14T01:38:47.430Z
KG21,SB4,7.80,7.80,6.60,3.80,7.80,2026-09-14T01:38:47.430Z
KG21,SB5,7.10,7.10,6.00,3.50,7.10,2026-09-14T01:38:47.431Z
KG21,SB6,6.20,6.20,5.30,3.00,6.20,2026-09-14T01:38:47.568Z
KG21,SB7,5.40,5.40,4.60,2.60,5.40,2026-09-14T01:38:47.573Z
KG21,SP1,3.10,3.10,2.70,1.50,3.10,2026-09-14T01:38:47.572Z
KG21,SP10,2.00,2.00,1.80,1.00,2.00,2026-09-14T01:38:47.587Z
KG21,SP11,1.70,1.70,1.50,0.90,1.70,2026-09-14T01:38:47.624Z
KG21,SP12,1.70,1.70,1.60,0.90,1.70,2026-09-14T01:38:47.602Z
KG21,SP13,2.20,2.20,2.00,1.10,2.20,2026-09-14T01:38:47.600Z
KG21,SP14,2.50,2.50,2.30,1.30,2.50,2026-09-14T01:38:47.605Z
KG21,SP15,3.00,3.00,2.70,1.50,3.00,2026-09-14T01:38:47.731Z
KG21,SP16,3.40,3.40,3.10,1.70,3.40,2026-09-14T01:38:47.742Z
KG21,SP17,3.50,3.50,3.10,1.70,3.50,2026-09-14T01:38:47.756Z
KG21,SP18,3.70,3.70,3.30,1.80,3.70,2026-09-14T01:38:47.760Z
KG21,SP19,4.10,4.10,3.60,2.00,4.10,2026-09-14T01:38:47.777Z
KG21,SP2,2.80,2.80,2.50,1.40,2.80,2026-09-14T01:38:47.772Z
KG21,SP20,3.70,3.70,3.30,1.90,3.70,2026-09-14T01:38:47.777Z
KG21,SP21,4.00,4.00,3.50,2.00,4.00,2026-09-14T01:38:47.776Z
KG21,SP22,4.20,4.20,3.70,2.10,4.20,2026-09-14T01:38:47.895Z
KG21,SP24,4.00,4.00,3.60,2.00,4.00,2026-09-14T01:38:47.907Z
KG21,SP25,4.30,4.30,3.80,2.10,4.30,2026-09-14T01:38:47.923Z
KG21,SP26,4.50,4.50,3.90,2.20,4.50,2026-09-14T01:38:47.923Z
KG21,SP27,4.60,4.60,4.00,2.30,4.60,2026-09-14T01:38:47.939Z
KG21,SP28,3.90,3.90,3.40,1.90,3.90,2026-09-14T01:38:47.941Z
KG21,SP29,4.10,4.10,3.60,2.00,4.10,2026-09-14T01:38:47.940Z
KG21,SP3,2.60,2.60,2.30,1.30,2.60,2026-09-14T01:38:47.944Z
KG21,SP31,4.40,4.40,3.80,2.20,4.40,2026-09-14T01:38:48.134Z
KG21,SP4,2.90,2.90,2.50,1.40,2.90,2026-09-14T01:38:48.089Z
KG21,SP5,2.70,2.70,2.40,1.30,2.70,2026-09-14T01:38:48.092Z
KG21,SP6,2.50,2.50,2.20,1.20,2.50,2026-09-14T01:38:48.093Z
KG21,SP7,2.30,2.30,2.00,1.10,2.30,2026-09-14T01:38:48.132Z
KG21,SP8,2.00,2.00,1.80,1.00,2.00,2026-09-14T01:38:48.120Z
KG21,SP9,2.20,2.20,2.00,1.10,2.20,2026-09-14T01:38:48.131Z
KG22,KG23,1.30,1.30,1.30,0.70,1.30,2026-09-14T01:38:48.123Z
KG22,KG24,1.60,1.60,1.50,0.80,1.60,2026-09-14T01:38:48.259Z
KG22,KG25,2.00,2.00,1.80,1.00,2.00,2026-09-14T01:38:48.259Z
KG22,KG26,2.40,2.40,2.10,1.20,2.40,2026-09-14T01:38:48.275Z
KG22,KG27,3.00,3.00,2.60,1.50,3.00,2026-09-14T01:38:48.282Z
KG22,KG28,3.00,3.00,2.70,1.50,3.00,2026-09-14T01:38:48.286Z
KG22,KG29,3.40,3.40,3.00,1.60,3.40,2026-09-14T01:38:48.283Z
KG22,KG30,3.60,3.60,3.10,1.70,3.60,2026-09-14T01:38:48.289Z
KG22,KG31,3.40,3.40,3.00,1.70,3.40,2026-09-14T01:38:48.281Z
KG22,KG33,4.00,4.00,3.50,2.00,4.00,2026-09-14T01:38:48.424Z
KG22,KG34,4.20,4.20,3.60,2.10,4.20,2026-09-14T01:38:48.425Z
KG22,KG35,3.70,3.70,3.30,1.80,3.70,2026-09-14T01:38:48.447Z
KG22,KJ1,5.10,5.10,4.40,2.50,5.10,2026-09-14T01:38:48.444Z
KG22,KJ10,3.20,3.20,2.90,1.60,3.20,2026-09-14T01:38:48.441Z
KG22,KJ11,2.90,2.90,2.60,1.40,2.90,2026-09-14T01:38:48.440Z
KG22,KJ12,2.60,2.60,2.30,1.30,2.60,2026-09-14T01:38:48.439Z
KG22,KJ13,2.20,2.20,2.00,1.10,2.20,2026-09-14T01:38:48.441Z
KG22,KJ14,2.20,2.20,2.00,1.10,2.20,2026-09-14T01:38:48.585Z
KG22,KJ15,2.70,2.70,2.40,1.30,2.70,2026-09-14T01:38:48.595Z
KG22,KJ16,3.00,3.00,2.70,1.50,3.00,2026-09-14T01:38:48.614Z
KG22,KJ17,3.50,3.50,3.10,1.70,3.50,2026-09-14T01:38:48.613Z
KG22,KJ18,3.50,3.50,3.10,1.70,3.50,2026-09-14T01:38:48.615Z
KG22,KJ19,3.70,3.70,3.30,1.80,3.70,2026-09-14T01:38:48.623Z
KG22,KJ2,5.00,5.00,4.30,2.40,5.00,2026-09-14T01:38:48.613Z
KG22,KJ20,4.40,4.40,3.80,2.10,4.40,2026-09-14T01:38:48.613Z
KG22,KJ21,4.40,4.40,3.90,2.20,4.40,2026-09-14T01:38:48.750Z
KG22,KJ22,4.50,4.50,4.00,2.20,4.50,2026-09-14T01:38:48.771Z
KG22,KJ23,4.80,4.80,4.20,2.40,4.80,2026-09-14T01:38:48.792Z
KG22,KJ24,5.10,5.10,4.40,2.50,5.10,2026-09-14T01:38:48.785Z
KG22,KJ25,4.90,4.90,4.20,2.40,4.90,2026-09-14T01:38:48.789Z
KG22,KJ26,5.00,5.00,4.40,2.50,5.00,2026-09-14T01:38:48.786Z
KG22,KJ27,5.30,5.30,4.60,2.60,5.30,2026-09-14T01:38:48.788Z
KG22,KJ28,5.10,5.10,4.40,2.50,5.10,2026-09-14T01:38:48.792Z
KG22,KJ29,5.10,5.10,4.40,2.50,5.10,2026-09-14T01:38:48.960Z
KG22,KJ3,4.80,4.80,4.20,2.40,4.80,2026-09-14T01:38:48.958Z
KG22,KJ30,5.30,5.30,4.60,2.60,5.30,2026-09-14T01:38:48.954Z
KG22,KJ31,5.60,5.60,4.80,2.70,5.60,2026-09-14T01:38:48.958Z
KG22,KJ32,5.00,5.00,4.30,2.40,5.00,2026-09-14T01:38:48.960Z
KG22,KJ33,5.00,5.00,4.30,2.40,5.00,2026-09-14T01:38:48.959Z
KG22,KJ34,5.10,5.10,4.40,2.50,5.10,2026-09-14T01:38:48.956Z
KG22,KJ35,5.10,5.10,4.30,2.50,5.10,2026-09-14T01:38:48.956Z
KG22,KJ36,4.60,4.60,3.90,2.30,4.60,2026-09-14T01:38:49.134Z
KG22,KJ37,4.10,4.10,3.50,2.00,4.10,2026-09-14T01:38:49.129Z
KG22,KJ4,4.60,4.60,4.00,2.20,4.60,2026-09-14T01:38:49.130Z
KG22,KJ5,4.40,4.40,3.80,2.10,4.40,2026-09-14T01:38:49.129Z
KG22,KJ6,4.10,4.10,3.60,2.00,4.10,2026-09-14T01:38:49.129Z
KG22,KJ7,3.90,3.90,3.50,1.90,3.90,2026-09-14T01:38:49.129Z
KG22,KJ8,3.70,3.70,3.30,1.80,3.70,2026-09-14T01:38:49.129Z
KG22,KJ9,3.40,3.40,3.10,1.70,3.40,2026-09-14T01:38:49.129Z
KG22,MR1,4.00,4.00,3.50,2.00,4.00,2026-09-14T01:38:49.303Z
KG22,MR10,3.70,3.70,3.20,1.70,3.70,2026-09-14T01:38:49.302Z
KG22,MR11,2.90,2.90,2.60,1.40,2.90,2026-09-14T01:38:49.303Z
KG22,MR2,3.70,3.70,3.20,1.80,3.70,2026-09-14T01:38:49.300Z
KG22,MR3,2.70,2.70,2.40,1.30,2.70,2026-09-14T01:38:49.305Z
KG22,MR4,2.00,2.00,1.80,1.00,2.00,2026-09-14T01:38:49.302Z
KG22,MR5,2.40,2.40,2.10,1.10,2.40,2026-09-14T01:38:49.302Z
KG22,MR6,2.70,2.70,2.40,1.30,2.70,2026-09-14T01:38:49.298Z
KG22,MR7,3.10,3.10,2.70,1.50,3.10,2026-09-14T01:38:49.470Z
KG22,MR8,3.60,3.60,3.20,1.80,3.60,2026-09-14T01:38:49.489Z
KG22,MR9,4.10,4.10,3.60,2.00,4.10,2026-09-14T01:38:49.487Z
KG22,PY01,3.80,3.80,3.30,1.90,3.80,2026-09-14T01:38:49.482Z
KG22,PY03,4.20,4.20,3.70,2.10,4.20,2026-09-14T01:38:49.470Z
KG22,PY04,4.80,4.80,4.20,2.30,4.80,2026-09-14T01:38:49.476Z
KG22,PY05,4.60,4.60,4.00,2.20,4.60,2026-09-14T01:38:49.479Z
KG22,PY06,4.50,4.50,3.90,2.20,4.50,2026-09-14T01:38:49.489Z
KG22,PY07,4.20,4.20,3.70,2.10,4.20,2026-09-14T01:38:49.637Z
KG22,PY08,4.50,4.50,3.90,2.10,4.50,2026-09-14T01:38:49.640Z
KG22,PY09,4.20,4.20,3.60,2.00,4.20,2026-09-14T01:38:49.642Z
KG22,PY10,4.20,4.20,3.70,2.10,4.20,2026-09-14T01:38:49.658Z
KG22,PY11,4.00,4.00,3.50,2.00,4.00,2026-09-14T01:38:49.656Z
KG22,PY12,4.00,4.00,3.50,1.90,4.00,2026-09-14T01:38:49.653Z
KG22,PY13,3.80,3.80,3.30,1.80,3.80,2026-09-14T01:38:49.661Z
KG22,PY14,3.80,3.80,3.30,1.80,3.80,2026-09-14T01:38:49.653Z
KG22,PY15,3.60,3.60,3.20,1.80,3.60,2026-09-14T01:38:49.812Z
KG22,PY16,3.30,3.30,2.90,1.60,3.30,2026-09-14T01:38:49.815Z
KG22,PY17,2.90,2.90,2.60,1.40,2.90,2026-09-14T01:38:49.812Z
KG22,PY18,2.70,2.70,2.40,1.30,2.70,2026-09-14T01:38:49.829Z
KG22,PY19,2.50,2.50,2.20,1.20,2.50,2026-09-14T01:38:49.833Z
KG22,PY20,2.10,2.10,1.90,1.00,2.10,2026-09-14T01:38:49.852Z
KG22,PY21,2.00,2.00,1.80,0.90,2.00,2026-09-14T01:38:49.832Z
KG22,PY22,1.80,1.80,1.60,0.80,1.80,2026-09-14T01:38:49.829Z
KG22,PY23,1.50,1.50,1.40,0.70,1.50,2026-09-14T01:38:49.990Z
KG22,PY24,1.40,1.40,1.30,0.70,1.40,2026-09-14T01:38:49.980Z
KG22,PY27,2.80,2.80,2.50,1.40,2.80,2026-09-14T01:38:49.986Z
KG22,PY28,3.20,3.20,2.80,1.60,3.20,2026-09-14T01:38:49.998Z
KG22,PY29,3.00,3.00,2.70,1.50,3.00,2026-09-14T01:38:50.004Z
KG22,PY31,3.90,3.90,3.40,1.90,3.90,2026-09-14T01:38:49.998Z
KG22,PY32,4.20,4.20,3.70,2.00,4.20,2026-09-14T01:38:50.000Z
KG22,PY33,4.40,4.40,3.80,2.10,4.40,2026-09-14T01:38:50.023Z
KG22,PY34,4.30,4.30,3.70,2.10,4.30,2026-09-14T01:38:50.160Z
KG22,PY36,4.40,4.40,3.80,2.10,4.40,2026-09-14T01:38:50.166Z
KG22,PY37,4.60,4.60,4.00,2.30,4.60,2026-09-14T01:38:50.155Z
KG22,PY38,4.40,4.40,3.80,2.10,4.40,2026-09-14T01:38:50.171Z
KG22,PY39,4.30,4.30,3.70,2.10,4.30,2026-09-14T01:38:50.175Z
KG22,PY40,4.50,4.50,3.90,2.20,4.50,2026-09-14T01:38:50.171Z
KG22,PY41,4.60,4.60,4.00,2.20,4.60,2026-09-14T01:38:50.172Z
KG22,SB1,10.00,10.00,8.50,4.90,10.00,2026-09-14T01:38:50.187Z
KG22,SB2,9.40,9.40,7.90,4.60,9.40,2026-09-14T01:38:50.328Z
KG22,SB3,8.70,8.70,7.40,4.30,8.70,2026-09-14T01:38:50.330Z
KG22,SB4,8.00,8.00,6.80,3.90,8.00,2026-09-14T01:38:50.349Z
KG22,SB5,7.30,7.30,6.20,3.60,7.30,2026-09-14T01:38:50.344Z
KG22,SB6,6.40,6.40,5.50,3.10,6.40,2026-09-14T01:38:50.350Z
KG22,SB7,5.60,5.60,4.80,2.70,5.60,2026-09-14T01:38:50.349Z
KG22,SP1,3.00,3.00,2.70,1.50,3.00,2026-09-14T01:38:50.350Z
KG22,SP10,1.70,1.70,1.50,0.80,1.70,2026-09-14T01:38:50.355Z
KG22,SP11,1.40,1.40,1.30,0.70,1.40,2026-09-14T01:38:50.497Z
KG22,SP12,1.40,1.40,1.30,0.70,1.40,2026-09-14T01:38:50.500Z
KG22,SP13,1.90,1.90,1.70,0.90,1.90,2026-09-14T01:38:50.515Z
KG22,SP14,2.20,2.20,2.00,1.10,2.20,2026-09-14T01:38:50.520Z
KG22,SP15,2.70,2.70,2.40,1.30,2.70,2026-09-14T01:38:50.522Z
KG22,SP16,3.00,3.00,2.70,1.50,3.00,2026-09-14T01:38:50.518Z
KG22,SP17,3.20,3.20,2.80,1.50,3.20,2026-09-14T01:38:50.523Z
KG22,SP18,3.40,3.40,3.00,1.60,3.40,2026-09-14T01:38:50.527Z
KG22,SP19,3.80,3.80,3.30,1.80,3.80,2026-09-14T01:38:50.664Z
KG22,SP2,3.10,3.10,2.80,1.50,3.10,2026-09-14T01:38:50.659Z
KG22,SP20,3.40,3.40,3.00,1.70,3.40,2026-09-14T01:38:50.679Z
KG22,SP21,3.70,3.70,3.20,1.80,3.70,2026-09-14T01:38:50.674Z
KG22,SP22,3.90,3.90,3.40,1.90,3.90,2026-09-14T01:38:50.699Z
KG22,SP24,3.70,3.70,3.30,1.80,3.70,2026-09-14T01:38:50.690Z
KG22,SP25,4.00,4.00,3.50,1.90,4.00,2026-09-14T01:38:50.696Z
KG22,SP26,4.20,4.20,3.60,2.00,4.20,2026-09-14T01:38:50.699Z
KG22,SP27,4.30,4.30,3.70,2.10,4.30,2026-09-14T01:38:51.116Z
KG22,SP28,3.60,3.60,3.10,1.70,3.60,2026-09-14T01:38:50.845Z
KG22,SP29,3.80,3.80,3.30,1.80,3.80,2026-09-14T01:38:50.842Z
KG22,SP3,2.90,2.90,2.60,1.40,2.90,2026-09-14T01:38:50.852Z
KG22,SP31,4.10,4.10,3.50,2.00,4.10,2026-09-14T01:38:50.851Z
KG22,SP4,2.80,2.80,2.40,1.40,2.80,2026-09-14T01:38:50.865Z
KG22,SP5,2.60,2.60,2.30,1.30,2.60,2026-09-14T01:38:50.873Z
KG22,SP6,2.40,2.40,2.20,1.20,2.40,2026-09-14T01:38:50.871Z
KG22,SP7,2.20,2.20,2.00,1.10,2.20,2026-09-14T01:38:51.008Z
KG22,SP8,2.00,2.00,1.80,1.00,2.00,2026-09-14T01:38:51.007Z
KG22,SP9,2.00,2.00,1.80,1.00,2.00,2026-09-14T01:38:51.020Z
KG23,KG24,1.10,1.10,1.10,0.60,1.10,2026-09-14T01:38:51.023Z
KG23,KG25,1.60,1.60,1.50,0.80,1.60,2026-09-14T01:38:51.039Z
KG23,KG26,1.90,1.90,1.70,1.00,1.90,2026-09-14T01:38:51.035Z
KG23,KG27,2.50,2.50,2.30,1.30,2.50,2026-09-14T01:38:51.036Z
KG23,KG28,2.90,2.90,2.60,1.50,2.90,2026-09-14T01:38:51.171Z
KG23,KG29,3.00,3.00,2.60,1.50,3.00,2026-09-14T01:38:51.177Z
KG23,KG30,3.20,3.20,2.80,1.50,3.20,2026-09-14T01:38:51.188Z
KG23,KG31,3.60,3.60,3.10,1.70,3.60,2026-09-14T01:38:51.190Z
KG23,KG33,3.70,3.70,3.20,1.80,3.70,2026-09-14T01:38:51.210Z
KG23,KG34,3.90,3.90,3.40,1.90,3.90,2026-09-14T01:38:51.211Z
KG23,KG35,4.10,4.10,3.60,2.00,4.10,2026-09-14T01:38:51.211Z
KG23,KJ1,5.60,5.60,4.90,2.80,5.60,2026-09-14T01:38:51.279Z
KG23,KJ10,3.80,3.80,3.50,1.90,3.80,2026-09-14T01:38:51.323Z
KG23,KJ11,3.50,3.50,3.20,1.70,3.50,2026-09-14T01:38:51.330Z
KG23,KJ12,3.10,3.10,2.80,1.60,3.10,2026-09-14T01:38:51.344Z
KG23,KJ13,2.70,2.70,2.50,1.40,2.70,2026-09-14T01:38:51.360Z
KG23,KJ14,2.70,2.70,2.40,1.40,2.70,2026-09-14T01:38:51.364Z
KG23,KJ15,3.20,3.20,2.80,1.60,3.20,2026-09-14T01:38:51.364Z
KG23,KJ16,3.60,3.60,3.20,1.80,3.60,2026-09-14T01:38:51.369Z
KG23,KJ17,4.00,4.00,3.50,2.00,4.00,2026-09-14T01:38:51.457Z
KG23,KJ18,4.00,4.00,3.50,2.00,4.00,2026-09-14T01:38:51.489Z
KG23,KJ19,4.20,4.20,3.70,2.10,4.20,2026-09-14T01:38:51.501Z
KG23,KJ2,5.50,5.50,4.70,2.70,5.50,2026-09-14T01:38:51.518Z
KG23,KJ20,4.90,4.90,4.20,2.40,4.90,2026-09-14T01:38:51.535Z
KG23,KJ21,4.90,4.90,4.40,2.50,4.90,2026-09-14T01:38:51.529Z
KG23,KJ22,5.00,5.00,4.40,2.50,5.00,2026-09-14T01:38:51.528Z
KG23,KJ23,5.30,5.30,4.60,2.70,5.30,2026-09-14T01:38:51.546Z
KG23,KJ24,5.60,5.60,4.80,2.80,5.60,2026-09-14T01:38:51.630Z
KG23,KJ25,5.40,5.40,4.60,2.70,5.40,2026-09-14T01:38:51.663Z
KG23,KJ26,5.50,5.50,4.80,2.80,5.50,2026-09-14T01:38:51.675Z
KG23,KJ27,5.80,5.80,5.00,2.90,5.80,2026-09-14T01:38:51.675Z
KG23,KJ28,5.60,5.60,4.90,2.80,5.60,2026-09-14T01:38:51.675Z
KG23,KJ29,5.60,5.60,4.80,2.80,5.60,2026-09-14T01:38:51.699Z
KG23,KJ3,5.30,5.30,4.70,2.70,5.30,2026-09-14T01:38:51.707Z
KG23,KJ30,5.80,5.80,5.00,2.90,5.80,2026-09-14T01:38:51.707Z
KG23,KJ31,6.10,6.10,5.20,3.00,6.10,2026-09-14T01:38:51.809Z
KG23,KJ32,5.50,5.50,4.80,2.70,5.50,2026-09-14T01:38:51.830Z
KG23,KJ33,5.50,5.50,4.70,2.70,5.50,2026-09-14T01:38:51.822Z
KG23,KJ34,5.60,5.60,4.80,2.80,5.60,2026-09-14T01:38:51.832Z
KG23,KJ35,5.60,5.60,4.80,2.80,5.60,2026-09-14T01:38:51.835Z
KG23,KJ36,5.10,5.10,4.40,2.60,5.10,2026-09-14T01:38:51.861Z
KG23,KJ37,4.60,4.60,4.00,2.30,4.60,2026-09-14T01:38:51.875Z
KG23,KJ4,5.10,5.10,4.50,2.50,5.10,2026-09-14T01:38:51.856Z
KG23,KJ5,4.90,4.90,4.30,2.40,4.90,2026-09-14T01:38:51.980Z
KG23,KJ6,4.60,4.60,4.10,2.30,4.60,2026-09-14T01:38:52.023Z
KG23,KJ7,4.40,4.40,4.00,2.20,4.40,2026-09-14T01:38:52.019Z
KG23,KJ8,4.20,4.20,3.80,2.10,4.20,2026-09-14T01:38:52.023Z
KG23,KJ9,3.90,3.90,3.60,2.00,3.90,2026-09-14T01:38:52.020Z
KG23,MR1,4.50,4.50,4.00,2.30,4.50,2026-09-14T01:38:52.044Z
KG23,MR10,4.20,4.20,3.70,2.00,4.20,2026-09-14T01:38:52.045Z
KG23,MR11,3.50,3.50,3.10,1.70,3.50,2026-09-14T01:38:52.044Z
KG23,MR2,4.20,4.20,3.70,2.10,4.20,2026-09-14T01:38:52.164Z
KG23,MR3,3.20,3.20,2.90,1.60,3.20,2026-09-14T01:38:52.209Z
KG23,MR4,2.50,2.50,2.30,1.30,2.50,2026-09-14T01:38:52.197Z
KG23,MR5,2.90,2.90,2.60,1.40,2.90,2026-09-14T01:38:52.199Z
KG23,MR6,3.20,3.20,2.90,1.60,3.20,2026-09-14T01:38:52.209Z
KG23,MR7,3.60,3.60,3.20,1.80,3.60,2026-09-14T01:38:52.215Z
KG23,MR8,4.10,4.10,3.70,2.10,4.10,2026-09-14T01:38:52.232Z
KG23,MR9,4.60,4.60,4.10,2.30,4.60,2026-09-14T01:38:52.214Z
KG23,PY01,4.00,4.00,3.50,2.00,4.00,2026-09-14T01:38:52.613Z
KG23,PY03,4.70,4.70,4.20,2.40,4.70,2026-09-14T01:38:52.360Z
KG23,PY04,5.20,5.20,4.50,2.60,5.20,2026-09-14T01:38:52.373Z
KG23,PY05,5.10,5.10,4.40,2.50,5.10,2026-09-14T01:38:52.374Z
KG23,PY06,5.00,5.00,4.40,2.50,5.00,2026-09-14T01:38:52.376Z
KG23,PY07,4.70,4.70,4.20,2.40,4.70,2026-09-14T01:38:52.372Z
KG23,PY08,5.00,5.00,4.30,2.40,5.00,2026-09-14T01:38:52.373Z
KG23,PY09,4.70,4.70,4.00,2.30,4.70,2026-09-14T01:38:52.403Z
KG23,PY10,4.70,4.70,4.20,2.40,4.70,2026-09-14T01:38:52.545Z
KG23,PY11,4.50,4.50,4.00,2.30,4.50,2026-09-14T01:38:52.540Z
KG23,PY12,4.50,4.50,3.90,2.20,4.50,2026-09-14T01:38:52.534Z
KG23,PY13,4.30,4.30,3.70,2.10,4.30,2026-09-14T01:38:52.539Z
KG23,PY14,4.30,4.30,3.80,2.10,4.30,2026-09-14T01:38:52.545Z
KG23,PY15,4.10,4.10,3.70,2.10,4.10,2026-09-14T01:38:52.546Z
KG23,PY16,3.90,3.90,3.40,1.90,3.90,2026-09-14T01:38:52.575Z
KG23,PY17,3.50,3.50,3.10,1.70,3.50,2026-09-14T01:38:52.722Z
KG23,PY18,3.20,3.20,2.80,1.60,3.20,2026-09-14T01:38:52.724Z
KG23,PY19,3.00,3.00,2.60,1.50,3.00,2026-09-14T01:38:52.720Z
KG23,PY20,2.60,2.60,2.30,1.30,2.60,2026-09-14T01:38:52.726Z
KG23,PY21,2.50,2.50,2.20,1.20,2.50,2026-09-14T01:38:52.722Z
KG23,PY22,2.30,2.30,2.00,1.10,2.30,2026-09-14T01:38:52.723Z
KG23,PY23,2.00,2.00,1.80,1.00,2.00,2026-09-14T01:38:52.747Z
KG23,PY24,1.90,1.90,1.80,1.00,1.90,2026-09-14T01:38:52.767Z
KG23,PY27,3.40,3.40,3.10,1.70,3.40,2026-09-14T01:38:52.902Z
KG23,PY28,3.80,3.80,3.40,1.90,3.80,2026-09-14T01:38:52.899Z
KG23,PY29,3.60,3.60,3.30,1.80,3.60,2026-09-14T01:38:52.900Z
KG23,PY31,4.40,4.40,3.90,2.20,4.40,2026-09-14T01:38:52.912Z
KG23,PY32,4.70,4.70,4.10,2.30,4.70,2026-09-14T01:38:52.922Z
KG23,PY33,4.90,4.90,4.20,2.40,4.90,2026-09-14T01:38:52.901Z
KG23,PY34,4.80,4.80,4.20,2.40,4.80,2026-09-14T01:38:52.943Z
KG23,PY36,4.90,4.90,4.30,2.40,4.90,2026-09-14T01:38:52.944Z
KG23,PY37,5.10,5.10,4.50,2.60,5.10,2026-09-14T01:38:53.080Z
KG23,PY38,4.90,4.90,4.20,2.40,4.90,2026-09-14T01:38:53.082Z
KG23,PY39,4.80,4.80,4.20,2.40,4.80,2026-09-14T01:38:53.087Z
KG23,PY40,5.00,5.00,4.40,2.50,5.00,2026-09-14T01:38:53.090Z
KG23,PY41,5.10,5.10,4.50,2.50,5.10,2026-09-14T01:38:53.090Z
KG23,SB1,10.50,10.50,8.90,5.20,10.50,2026-09-14T01:38:53.093Z
KG23,SB2,9.90,9.90,8.30,4.90,9.90,2026-09-14T01:38:53.134Z
KG23,SB3,9.20,9.20,7.80,4.60,9.20,2026-09-14T01:38:53.134Z
KG23,SB4,8.50,8.50,7.20,4.20,8.50,2026-09-14T01:38:53.241Z
KG23,SB5,7.80,7.80,6.60,3.90,7.80,2026-09-14T01:38:53.243Z
KG23,SB6,6.90,6.90,5.90,3.40,6.90,2026-09-14T01:38:53.266Z
KG23,SB7,6.10,6.10,5.20,3.00,6.10,2026-09-14T01:38:53.263Z
KG23,SP1,3.50,3.50,3.20,1.80,3.50,2026-09-14T01:38:53.267Z
KG23,SP10,2.20,2.20,2.00,1.10,2.20,2026-09-14T01:38:53.269Z
KG23,SP11,1.90,1.90,1.80,1.00,1.90,2026-09-14T01:38:53.295Z
KG23,SP12,1.90,1.90,1.80,1.00,1.90,2026-09-14T01:38:53.298Z
KG23,SP13,2.40,2.40,2.20,1.20,2.40,2026-09-14T01:38:53.417Z
KG23,SP14,2.70,2.70,2.50,1.40,2.70,2026-09-14T01:38:53.432Z
KG23,SP15,3.20,3.20,2.90,1.60,3.20,2026-09-14T01:38:53.437Z
KG23,SP16,3.60,3.60,3.30,1.80,3.60,2026-09-14T01:38:53.432Z
KG23,SP17,3.70,3.70,3.30,1.80,3.70,2026-09-14T01:38:53.437Z
KG23,SP18,3.90,3.90,3.50,1.90,3.90,2026-09-14T01:38:53.432Z
KG23,SP19,4.30,4.30,3.80,2.10,4.30,2026-09-14T01:38:53.463Z
KG23,SP2,3.70,3.70,3.30,1.80,3.70,2026-09-14T01:38:53.463Z
KG23,SP20,3.90,3.90,3.50,2.00,3.90,2026-09-14T01:38:53.591Z
KG23,SP21,4.20,4.20,3.70,2.10,4.20,2026-09-14T01:38:53.589Z
KG23,SP22,4.40,4.40,3.90,2.20,4.40,2026-09-14T01:38:53.589Z
KG23,SP24,4.20,4.20,3.80,2.10,4.20,2026-09-14T01:38:53.591Z
KG23,SP25,4.50,4.50,4.00,2.20,4.50,2026-09-14T01:38:53.832Z
KG23,SP26,4.70,4.70,4.10,2.30,4.70,2026-09-14T01:38:53.599Z
KG23,SP27,4.80,4.80,4.20,2.40,4.80,2026-09-14T01:38:53.634Z
KG23,SP28,4.10,4.10,3.60,2.00,4.10,2026-09-14T01:38:53.635Z
KG23,SP29,4.30,4.30,3.80,2.10,4.30,2026-09-14T01:38:53.758Z
KG23,SP3,3.50,3.50,3.10,1.70,3.50,2026-09-14T01:38:53.759Z
KG23,SP31,4.60,4.60,4.00,2.30,4.60,2026-09-14T01:38:53.755Z
KG23,SP4,3.40,3.40,3.00,1.70,3.40,2026-09-14T01:38:53.758Z
KG23,SP5,3.10,3.10,2.80,1.60,3.10,2026-09-14T01:38:53.780Z
KG23,SP6,2.90,2.90,2.70,1.50,2.90,2026-09-14T01:38:53.798Z
KG23,SP7,2.70,2.70,2.50,1.40,2.70,2026-09-14T01:38:54.025Z
KG23,SP8,2.50,2.50,2.30,1.30,2.50,2026-09-14T01:38:53.933Z
KG23,SP9,2.50,2.50,2.30,1.30,2.50,2026-09-14T01:38:53.927Z
KG24,KG25,1.30,1.30,1.20,0.70,1.30,2026-09-14T01:38:53.927Z
KG24,KG26,1.80,1.80,1.60,0.90,1.80,2026-09-14T01:38:53.923Z
KG24,KG27,2.30,2.30,2.00,1.10,2.30,2026-09-14T01:38:53.937Z
KG24,KG28,2.70,2.70,2.40,1.30,2.70,2026-09-14T01:38:53.955Z
KG24,KG29,3.10,3.10,2.70,1.60,3.10,2026-09-14T01:38:53.982Z
KG24,KG30,3.00,3.00,2.60,1.40,3.00,2026-09-14T01:38:54.081Z
KG24,KG31,3.30,3.30,2.90,1.60,3.30,2026-09-14T01:38:54.103Z
KG24,KG33,3.50,3.50,3.10,1.70,3.50,2026-09-14T01:38:54.105Z
KG24,KG34,3.70,3.70,3.20,1.80,3.70,2026-09-14T01:38:54.095Z
KG24,KG35,4.00,4.00,3.40,1.90,4.00,2026-09-14T01:38:54.103Z
KG24,KJ1,5.90,5.90,5.10,2.90,5.90,2026-09-14T01:38:54.115Z
KG24,KJ10,4.10,4.10,3.70,2.00,4.10,2026-09-14T01:38:54.129Z
KG24,KJ11,3.80,3.80,3.40,1.80,3.80,2026-09-14T01:38:54.184Z
KG24,KJ12,3.50,3.50,3.10,1.70,3.50,2026-09-14T01:38:54.242Z
KG24,KJ13,3.00,3.00,2.70,1.50,3.00,2026-09-14T01:38:54.252Z
KG24,KJ14,3.00,3.00,2.60,1.50,3.00,2026-09-14T01:38:54.268Z
KG24,KJ15,3.60,3.60,3.10,1.70,3.60,2026-09-14T01:38:54.268Z
KG24,KJ16,3.90,3.90,3.40,1.90,3.90,2026-09-14T01:38:54.270Z
KG24,KJ17,4.30,4.30,3.70,2.10,4.30,2026-09-14T01:38:54.284Z
KG24,KJ18,4.30,4.30,3.70,2.10,4.30,2026-09-14T01:38:54.296Z
KG24,KJ19,4.50,4.50,3.90,2.20,4.50,2026-09-14T01:38:54.329Z
KG24,KJ2,5.80,5.80,4.90,2.80,5.80,2026-09-14T01:38:54.411Z
KG24,KJ20,5.20,5.20,4.40,2.50,5.20,2026-09-14T01:38:54.435Z
KG24,KJ21,5.20,5.20,4.60,2.60,5.20,2026-09-14T01:38:54.435Z
KG24,KJ22,5.30,5.30,4.60,2.60,5.30,2026-09-14T01:38:54.443Z
KG24,KJ23,5.60,5.60,4.80,2.80,5.60,2026-09-14T01:38:54.441Z
KG24,KJ24,5.90,5.90,5.00,2.90,5.90,2026-09-14T01:38:54.469Z
KG24,KJ25,5.70,5.70,4.80,2.80,5.70,2026-09-14T01:38:54.465Z
KG24,KJ26,5.80,5.80,5.00,2.90,5.80,2026-09-14T01:38:54.483Z
KG24,KJ27,6.10,6.10,5.20,3.00,6.10,2026-09-14T01:38:54.581Z
KG24,KJ28,5.90,5.90,5.10,2.90,5.90,2026-09-14T01:38:54.594Z
KG24,KJ29,5.90,5.90,5.00,2.90,5.90,2026-09-14T01:38:54.593Z
KG24,KJ3,5.60,5.60,4.90,2.80,5.60,2026-09-14T01:38:54.613Z
KG24,KJ30,6.10,6.10,5.20,3.00,6.10,2026-09-14T01:38:54.613Z
KG24,KJ31,6.40,6.40,5.40,3.10,6.40,2026-09-14T01:38:54.620Z
KG24,KJ32,5.80,5.80,5.00,2.80,5.80,2026-09-14T01:38:54.636Z
KG24,KJ33,5.80,5.80,4.90,2.80,5.80,2026-09-14T01:38:54.642Z
KG24,KJ34,5.90,5.90,5.00,2.90,5.90,2026-09-14T01:38:54.749Z
KG24,KJ35,5.90,5.90,5.00,2.90,5.90,2026-09-14T01:38:54.768Z
KG24,KJ36,5.40,5.40,4.60,2.70,5.40,2026-09-14T01:38:54.769Z
KG24,KJ37,4.90,4.90,4.20,2.40,4.90,2026-09-14T01:38:54.793Z
KG24,KJ4,5.40,5.40,4.70,2.60,5.40,2026-09-14T01:38:54.799Z
KG24,KJ5,5.20,5.20,4.50,2.50,5.20,2026-09-14T01:38:54.793Z
KG24,KJ6,4.90,4.90,4.30,2.40,4.90,2026-09-14T01:38:54.789Z
KG24,KJ7,4.70,4.70,4.20,2.30,4.70,2026-09-14T01:38:54.791Z
KG24,KJ8,4.50,4.50,4.00,2.20,4.50,2026-09-14T01:38:54.925Z
KG24,KJ9,4.20,4.20,3.80,2.10,4.20,2026-09-14T01:38:54.936Z
KG24,MR1,4.80,4.80,4.20,2.40,4.80,2026-09-14T01:38:54.932Z
KG24,MR10,4.30,4.30,3.80,2.10,4.30,2026-09-14T01:38:54.963Z
KG24,MR11,3.60,3.60,3.20,1.80,3.60,2026-09-14T01:38:54.949Z
KG24,MR2,4.50,4.50,3.90,2.20,4.50,2026-09-14T01:38:54.963Z
KG24,MR3,3.50,3.50,3.10,1.70,3.50,2026-09-14T01:38:55.216Z
KG24,MR4,2.80,2.80,2.50,1.40,2.80,2026-09-14T01:38:54.965Z
KG24,MR5,3.20,3.20,2.80,1.50,3.20,2026-09-14T01:38:55.086Z
KG24,MR6,3.50,3.50,3.10,1.70,3.50,2026-09-14T01:38:55.111Z
KG24,MR7,3.90,3.90,3.40,1.90,3.90,2026-09-14T01:38:55.101Z
KG24,MR8,4.40,4.40,3.90,2.20,4.40,2026-09-14T01:38:55.130Z
KG24,MR9,4.90,4.90,4.30,2.40,4.90,2026-09-14T01:38:55.130Z
KG24,PY01,4.10,4.10,3.60,2.00,4.10,2026-09-14T01:38:55.135Z
KG24,PY03,4.90,4.90,4.30,2.40,4.90,2026-09-14T01:38:55.129Z
KG24,PY04,5.30,5.30,4.60,2.60,5.30,2026-09-14T01:38:55.256Z
KG24,PY05,5.20,5.20,4.50,2.60,5.20,2026-09-14T01:38:55.258Z
KG24,PY06,5.30,5.30,4.60,2.60,5.30,2026-09-14T01:38:55.260Z
KG24,PY07,5.00,5.00,4.40,2.50,5.00,2026-09-14T01:38:55.310Z
KG24,PY08,5.10,5.10,4.40,2.50,5.10,2026-09-14T01:38:55.403Z
KG24,PY09,4.80,4.80,4.10,2.40,4.80,2026-09-14T01:38:55.310Z
KG24,PY10,5.00,5.00,4.40,2.50,5.00,2026-09-14T01:38:55.311Z
KG24,PY11,4.80,4.80,4.20,2.40,4.80,2026-09-14T01:38:55.380Z
KG24,PY12,4.60,4.60,4.00,2.30,4.60,2026-09-14T01:38:57.217Z
KG24,PY13,4.40,4.40,3.80,2.20,4.40,2026-09-14T01:38:57.221Z
KG24,PY14,4.50,4.50,3.90,2.20,4.50,2026-09-14T01:38:55.423Z
KG24,PY15,4.30,4.30,3.80,2.20,4.30,2026-09-14T01:38:57.221Z
KG24,PY16,4.00,4.00,3.50,2.00,4.00,2026-09-14T01:38:57.219Z
KG24,PY17,3.60,3.60,3.20,1.80,3.60,2026-09-14T01:38:55.474Z
KG24,PY18,3.40,3.40,3.00,1.70,3.40,2026-09-14T01:38:55.551Z
KG24,PY19,3.10,3.10,2.70,1.60,3.10,2026-09-14T01:38:57.221Z
KG24,PY20,2.70,2.70,2.40,1.40,2.70,2026-09-14T01:38:55.592Z
KG24,PY21,2.60,2.60,2.30,1.30,2.60,2026-09-14T01:38:57.221Z
KG24,PY22,2.40,2.40,2.10,1.20,2.40,2026-09-14T01:38:57.234Z
KG24,PY23,2.10,2.10,1.90,1.10,2.10,2026-09-14T01:38:57.234Z
KG24,PY24,2.20,2.20,2.00,1.10,2.20,2026-09-14T01:38:57.387Z
KG24,PY27,3.70,3.70,3.30,1.80,3.70,2026-09-14T01:38:57.379Z
KG24,PY28,4.10,4.10,3.60,2.00,4.10,2026-09-14T01:38:57.421Z
KG24,PY29,3.90,3.90,3.50,1.90,3.90,2026-09-14T01:38:57.401Z
KG24,PY31,4.70,4.70,4.10,2.30,4.70,2026-09-14T01:38:57.397Z
KG24,PY32,4.80,4.80,4.20,2.40,4.80,2026-09-14T01:38:57.397Z
KG24,PY33,5.00,5.00,4.30,2.50,5.00,2026-09-14T01:38:57.398Z
KG24,PY34,5.10,5.10,4.40,2.50,5.10,2026-09-14T01:38:57.405Z
KG24,PY36,5.20,5.20,4.50,2.50,5.20,2026-09-14T01:38:57.554Z
KG24,PY37,5.40,5.40,4.70,2.70,5.40,2026-09-14T01:38:57.559Z
KG24,PY38,5.00,5.00,4.30,2.50,5.00,2026-09-14T01:38:57.563Z
KG24,PY39,5.10,5.10,4.40,2.50,5.10,2026-09-14T01:38:57.563Z
KG24,PY40,5.30,5.30,4.60,2.60,5.30,2026-09-14T01:38:57.562Z
KG24,PY41,5.40,5.40,4.70,2.60,5.40,2026-09-14T01:38:57.556Z
KG24,SB1,10.80,10.80,9.10,5.30,10.80,2026-09-14T01:38:57.559Z
KG24,SB2,10.20,10.20,8.50,5.00,10.20,2026-09-14T01:38:57.586Z
KG24,SB3,9.50,9.50,8.00,4.70,9.50,2026-09-14T01:38:57.723Z
KG24,SB4,8.80,8.80,7.40,4.30,8.80,2026-09-14T01:38:57.718Z
KG24,SB5,8.10,8.10,6.80,4.00,8.10,2026-09-14T01:38:57.719Z
KG24,SB6,7.20,7.20,6.10,3.50,7.20,2026-09-14T01:38:57.719Z
KG24,SB7,6.40,6.40,5.40,3.10,6.40,2026-09-14T01:38:57.738Z
KG24,SP1,3.80,3.80,3.40,1.90,3.80,2026-09-14T01:38:57.735Z
KG24,SP10,2.50,2.50,2.20,1.20,2.50,2026-09-14T01:38:57.738Z
KG24,SP11,2.20,2.20,2.00,1.10,2.20,2026-09-14T01:38:57.760Z
KG24,SP12,2.20,2.20,2.00,1.10,2.20,2026-09-14T01:38:57.904Z
KG24,SP13,2.70,2.70,2.40,1.30,2.70,2026-09-14T01:38:57.911Z
KG24,SP14,3.00,3.00,2.70,1.50,3.00,2026-09-14T01:38:57.903Z
KG24,SP15,3.60,3.60,3.20,1.70,3.60,2026-09-14T01:38:57.889Z
KG24,SP16,3.90,3.90,3.50,1.90,3.90,2026-09-14T01:38:57.910Z
KG24,SP17,4.00,4.00,3.50,1.90,4.00,2026-09-14T01:38:57.908Z
KG24,SP18,4.20,4.20,3.70,2.00,4.20,2026-09-14T01:38:57.906Z
KG24,SP19,4.60,4.60,4.00,2.20,4.60,2026-09-14T01:38:57.917Z
KG24,SP2,3.80,3.80,3.40,1.90,3.80,2026-09-14T01:38:58.064Z
KG24,SP20,4.20,4.20,3.70,2.10,4.20,2026-09-14T01:38:58.076Z
KG24,SP21,4.50,4.50,3.90,2.20,4.50,2026-09-14T01:38:58.080Z
KG24,SP22,4.70,4.70,4.10,2.30,4.70,2026-09-14T01:38:58.080Z
KG24,SP24,4.50,4.50,4.00,2.20,4.50,2026-09-14T01:38:58.086Z
KG24,SP25,4.80,4.80,4.20,2.30,4.80,2026-09-14T01:38:58.080Z
KG24,SP26,5.00,5.00,4.30,2.40,5.00,2026-09-14T01:38:58.089Z
KG24,SP27,5.10,5.10,4.40,2.50,5.10,2026-09-14T01:38:58.073Z
KG24,SP28,4.40,4.40,3.80,2.10,4.40,2026-09-14T01:38:58.235Z
KG24,SP29,4.60,4.60,4.00,2.20,4.60,2026-09-14T01:38:58.253Z
KG24,SP3,3.60,3.60,3.20,1.80,3.60,2026-09-14T01:38:58.256Z
KG24,SP31,4.90,4.90,4.20,2.40,4.90,2026-09-14T01:38:58.256Z
KG24,SP4,3.70,3.70,3.20,1.80,3.70,2026-09-14T01:38:58.255Z
KG24,SP5,3.50,3.50,3.10,1.70,3.50,2026-09-14T01:38:58.253Z
KG24,SP6,3.20,3.20,2.90,1.60,3.20,2026-09-14T01:38:58.253Z
KG24,SP7,3.00,3.00,2.70,1.50,3.00,2026-09-14T01:38:58.260Z
KG24,SP8,2.80,2.80,2.50,1.40,2.80,2026-09-14T01:38:58.409Z
KG24,SP9,2.80,2.80,2.50,1.40,2.80,2026-09-14T01:38:58.426Z
KG25,KG26,1.30,1.30,1.20,0.60,1.30,2026-09-14T01:38:58.421Z
KG25,KG27,2.00,2.00,1.80,1.00,2.00,2026-09-14T01:38:58.421Z
KG25,KG28,2.20,2.20,2.00,1.10,2.20,2026-09-14T01:38:58.422Z
KG25,KG29,2.60,2.60,2.30,1.30,2.60,2026-09-14T01:38:58.417Z
KG25,KG30,2.90,2.90,2.50,1.40,2.90,2026-09-14T01:38:58.419Z
KG25,KG31,3.00,3.00,2.60,1.40,3.00,2026-09-14T01:38:58.431Z
KG25,KG33,3.70,3.70,3.20,1.80,3.70,2026-09-14T01:38:58.577Z
KG25,KG34,3.90,3.90,3.40,1.90,3.90,2026-09-14T01:38:58.595Z
KG25,KG35,3.60,3.60,3.20,1.80,3.60,2026-09-14T01:38:58.592Z
KG25,KJ1,6.00,6.00,5.10,2.90,6.00,2026-09-14T01:38:58.592Z
KG25,KJ10,4.20,4.20,3.70,2.00,4.20,2026-09-14T01:38:58.594Z
KG25,KJ11,3.90,3.90,3.40,1.80,3.90,2026-09-14T01:38:58.593Z
KG25,KJ12,3.60,3.60,3.10,1.70,3.60,2026-09-14T01:38:58.593Z
KG25,KJ13,3.20,3.20,2.80,1.50,3.20,2026-09-14T01:38:58.593Z
KG25,KJ14,3.10,3.10,2.70,1.50,3.10,2026-09-14T01:38:58.749Z
KG25,KJ15,3.60,3.60,3.10,1.70,3.60,2026-09-14T01:38:58.767Z
KG25,KJ16,3.90,3.90,3.40,1.90,3.90,2026-09-14T01:38:58.771Z
KG25,KJ17,4.30,4.30,3.70,2.10,4.30,2026-09-14T01:38:58.768Z
KG25,KJ18,4.30,4.30,3.70,2.10,4.30,2026-09-14T01:38:58.761Z
KG25,KJ19,4.50,4.50,3.90,2.20,4.50,2026-09-14T01:38:58.773Z
KG25,KJ2,5.80,5.80,4.90,2.80,5.80,2026-09-14T01:38:58.777Z
KG25,KJ20,5.20,5.20,4.40,2.50,5.20,2026-09-14T01:38:58.770Z
KG25,KJ21,5.30,5.30,4.60,2.60,5.30,2026-09-14T01:38:58.912Z
KG25,KJ22,5.30,5.30,4.60,2.60,5.30,2026-09-14T01:38:58.929Z
KG25,KJ23,5.60,5.60,4.80,2.80,5.60,2026-09-14T01:38:58.928Z
KG25,KJ24,5.90,5.90,5.00,2.90,5.90,2026-09-14T01:38:58.932Z
KG25,KJ25,5.70,5.70,4.80,2.80,5.70,2026-09-14T01:38:58.936Z
KG25,KJ26,5.80,5.80,5.00,2.90,5.80,2026-09-14T01:38:58.932Z
KG25,KJ27,6.10,6.10,5.20,3.00,6.10,2026-09-14T01:38:58.938Z
KG25,KJ28,6.00,6.00,5.10,2.90,6.00,2026-09-14T01:38:58.950Z
KG25,KJ29,5.90,5.90,5.00,2.90,5.90,2026-09-14T01:38:59.101Z
KG25,KJ3,5.70,5.70,4.90,2.80,5.70,2026-09-14T01:38:59.105Z
KG25,KJ30,6.10,6.10,5.20,3.00,6.10,2026-09-14T01:38:59.104Z
KG25,KJ31,6.40,6.40,5.40,3.10,6.40,2026-09-14T01:38:59.107Z
KG25,KJ32,5.90,5.90,5.00,2.80,5.90,2026-09-14T01:38:59.105Z
KG25,KJ33,5.80,5.80,4.90,2.80,5.80,2026-09-14T01:38:59.104Z
KG25,KJ34,5.90,5.90,5.00,2.90,5.90,2026-09-14T01:38:59.106Z
KG25,KJ35,6.10,6.10,5.20,3.00,6.10,2026-09-14T01:38:59.120Z
KG25,KJ36,5.80,5.80,4.90,2.90,5.80,2026-09-14T01:38:59.264Z
KG25,KJ37,5.30,5.30,4.50,2.60,5.30,2026-09-14T01:38:59.258Z
KG25,KJ4,5.50,5.50,4.70,2.60,5.50,2026-09-14T01:38:59.266Z
KG25,KJ5,5.30,5.30,4.50,2.50,5.30,2026-09-14T01:38:59.260Z
KG25,KJ6,5.00,5.00,4.30,2.40,5.00,2026-09-14T01:38:59.264Z
KG25,KJ7,4.80,4.80,4.20,2.30,4.80,2026-09-14T01:38:59.265Z
KG25,KJ8,4.60,4.60,4.00,2.20,4.60,2026-09-14T01:38:59.269Z
KG25,KJ9,4.30,4.30,3.80,2.10,4.30,2026-09-14T01:38:59.284Z
KG25,MR1,5.00,5.00,4.40,2.50,5.00,2026-09-14T01:38:59.430Z
KG25,MR10,4.70,4.70,4.10,2.30,4.70,2026-09-14T01:38:59.430Z
KG25,MR11,4.10,4.10,3.60,2.00,4.10,2026-09-14T01:38:59.429Z
KG25,MR2,4.70,4.70,4.10,2.30,4.70,2026-09-14T01:38:59.427Z
KG25,MR3,3.70,3.70,3.30,1.80,3.70,2026-09-14T01:38:59.431Z
KG25,MR4,3.10,3.10,2.80,1.50,3.10,2026-09-14T01:38:59.429Z
KG25,MR5,3.40,3.40,3.00,1.60,3.40,2026-09-14T01:38:59.431Z
KG25,MR6,3.70,3.70,3.30,1.80,3.70,2026-09-14T01:38:59.441Z
KG25,MR7,4.10,4.10,3.60,2.00,4.10,2026-09-14T01:38:59.609Z
KG25,MR8,4.60,4.60,4.10,2.30,4.60,2026-09-14T01:38:59.606Z
KG25,MR9,5.10,5.10,4.50,2.50,5.10,2026-09-14T01:38:59.602Z
KG25,PY01,4.30,4.30,3.70,2.10,4.30,2026-09-14T01:38:59.603Z
KG25,PY03,5.10,5.10,4.40,2.50,5.10,2026-09-14T01:38:59.609Z
KG25,PY04,5.50,5.50,4.70,2.70,5.50,2026-09-14T01:38:59.603Z
KG25,PY05,5.70,5.70,4.90,2.80,5.70,2026-09-14T01:38:59.603Z
KG25,PY06,5.70,5.70,4.90,2.80,5.70,2026-09-14T01:38:59.601Z
KG25,PY07,5.40,5.40,4.70,2.70,5.40,2026-09-14T01:38:59.791Z
KG25,PY08,5.60,5.60,4.80,2.70,5.60,2026-09-14T01:38:59.776Z
KG25,PY09,5.30,5.30,4.50,2.60,5.30,2026-09-14T01:38:59.776Z
KG25,PY10,5.40,5.40,4.70,2.70,5.40,2026-09-14T01:38:59.776Z
KG25,PY11,5.20,5.20,4.50,2.60,5.20,2026-09-14T01:38:59.790Z
KG25,PY12,5.10,5.10,4.40,2.50,5.10,2026-09-14T01:38:59.776Z
KG25,PY13,4.90,4.90,4.20,2.40,4.90,2026-09-14T01:38:59.776Z
KG25,PY14,5.00,5.00,4.30,2.40,5.00,2026-09-14T01:38:59.791Z
KG25,PY15,4.80,4.80,4.20,2.40,4.80,2026-09-14T01:38:59.961Z
KG25,PY16,4.50,4.50,3.90,2.20,4.50,2026-09-14T01:38:59.951Z
KG25,PY17,4.10,4.10,3.60,2.00,4.10,2026-09-14T01:38:59.940Z
KG25,PY18,3.90,3.90,3.40,1.90,3.90,2026-09-14T01:38:59.945Z
KG25,PY19,3.70,3.70,3.20,1.80,3.70,2026-09-14T01:38:59.943Z
KG25,PY20,3.20,3.20,2.80,1.60,3.20,2026-09-14T01:38:59.966Z
KG25,PY21,3.10,3.10,2.70,1.50,3.10,2026-09-14T01:38:59.965Z
KG25,PY22,2.90,2.90,2.50,1.40,2.90,2026-09-14T01:38:59.963Z
KG25,PY23,2.60,2.60,2.30,1.30,2.60,2026-09-14T01:39:00.115Z
KG25,PY24,2.60,2.60,2.30,1.30,2.60,2026-09-14T01:39:00.114Z
KG25,PY27,4.10,4.10,3.60,2.00,4.10,2026-09-14T01:39:00.112Z
KG25,PY28,4.50,4.50,3.90,2.20,4.50,2026-09-14T01:39:00.122Z
KG25,PY29,4.30,4.30,3.80,2.10,4.30,2026-09-14T01:39:00.130Z
KG25,PY31,5.10,5.10,4.40,2.50,5.10,2026-09-14T01:39:00.128Z
KG25,PY32,5.30,5.30,4.60,2.60,5.30,2026-09-14T01:39:00.126Z
KG25,PY33,5.50,5.50,4.70,2.70,5.50,2026-09-14T01:39:00.146Z
KG25,PY34,5.50,5.50,4.70,2.70,5.50,2026-09-14T01:39:00.276Z
KG25,PY36,5.60,5.60,4.80,2.70,5.60,2026-09-14T01:39:00.293Z
KG25,PY37,5.80,5.80,5.00,2.90,5.80,2026-09-14T01:39:00.288Z
KG25,PY38,5.50,5.50,4.70,2.70,5.50,2026-09-14T01:39:00.282Z
KG25,PY39,5.50,5.50,4.70,2.70,5.50,2026-09-14T01:39:00.299Z
KG25,PY40,5.70,5.70,4.90,2.80,5.70,2026-09-14T01:39:00.294Z
KG25,PY41,5.80,5.80,5.00,2.80,5.80,2026-09-14T01:39:00.296Z
KG25,SB1,10.80,10.80,9.10,5.30,10.80,2026-09-14T01:39:00.312Z
KG25,SB2,10.20,10.20,8.50,5.00,10.20,2026-09-14T01:39:00.434Z
KG25,SB3,9.50,9.50,8.00,4.70,9.50,2026-09-14T01:39:00.458Z
KG25,SB4,8.80,8.80,7.40,4.30,8.80,2026-09-14T01:39:00.475Z
KG25,SB5,8.10,8.10,6.80,4.00,8.10,2026-09-14T01:39:00.458Z
KG25,SB6,7.20,7.20,6.10,3.50,7.20,2026-09-14T01:39:00.462Z
KG25,SB7,6.40,6.40,5.40,3.10,6.40,2026-09-14T01:39:00.459Z
KG25,SP1,4.20,4.20,3.70,2.10,4.20,2026-09-14T01:39:00.456Z
KG25,SP10,2.90,2.90,2.50,1.40,2.90,2026-09-14T01:39:00.459Z
KG25,SP11,2.60,2.60,2.30,1.30,2.60,2026-09-14T01:39:00.598Z
KG25,SP12,2.60,2.60,2.30,1.30,2.60,2026-09-14T01:39:00.627Z
KG25,SP13,3.10,3.10,2.70,1.50,3.10,2026-09-14T01:39:00.627Z
KG25,SP14,3.50,3.50,3.10,1.70,3.50,2026-09-14T01:39:00.623Z
KG25,SP15,4.00,4.00,3.50,1.90,4.00,2026-09-14T01:39:00.636Z
KG25,SP16,4.30,4.30,3.80,2.10,4.30,2026-09-14T01:39:00.629Z
KG25,SP17,4.40,4.40,3.80,2.10,4.40,2026-09-14T01:39:00.630Z
KG25,SP18,4.60,4.60,4.00,2.20,4.60,2026-09-14T01:39:00.636Z
KG25,SP19,5.00,5.00,4.30,2.40,5.00,2026-09-14T01:39:00.772Z
KG25,SP2,4.10,4.10,3.60,2.00,4.10,2026-09-14T01:39:00.798Z
KG25,SP20,4.60,4.60,4.00,2.30,4.60,2026-09-14T01:39:00.801Z
KG25,SP21,4.90,4.90,4.20,2.40,4.90,2026-09-14T01:39:00.800Z
KG25,SP22,5.10,5.10,4.40,2.50,5.10,2026-09-14T01:39:00.799Z
KG25,SP24,4.90,4.90,4.30,2.40,4.90,2026-09-14T01:39:00.797Z
KG25,SP25,5.20,5.20,4.50,2.50,5.20,2026-09-14T01:39:00.804Z
KG25,SP26,5.40,5.40,4.60,2.60,5.40,2026-09-14T01:39:00.798Z
KG25,SP27,5.50,5.50,4.70,2.70,5.50,2026-09-14T01:39:00.936Z
KG25,SP28,4.80,4.80,4.10,2.30,4.80,2026-09-14T01:39:00.968Z
KG25,SP29,5.00,5.00,4.30,2.40,5.00,2026-09-14T01:39:00.966Z
KG25,SP3,4.10,4.10,3.60,2.00,4.10,2026-09-14T01:39:00.972Z
KG25,SP31,5.30,5.30,4.50,2.60,5.30,2026-09-14T01:39:00.972Z
KG25,SP4,3.80,3.80,3.30,1.80,3.80,2026-09-14T01:39:00.972Z
KG25,SP5,3.60,3.60,3.20,1.70,3.60,2026-09-14T01:39:00.977Z
KG25,SP6,3.40,3.40,3.00,1.60,3.40,2026-09-14T01:39:00.973Z
KG25,SP7,3.20,3.20,2.80,1.50,3.20,2026-09-14T01:39:01.101Z
KG25,SP8,2.90,2.90,2.60,1.40,2.90,2026-09-14T01:39:01.143Z
KG25,SP9,3.10,3.10,2.80,1.50,3.10,2026-09-14T01:39:01.142Z
KG26,KG27,1.50,1.50,1.40,0.80,1.50,2026-09-14T01:39:01.142Z
KG26,KG28,1.90,1.90,1.80,1.00,1.90,2026-09-14T01:39:01.143Z
KG26,KG29,2.20,2.20,2.00,1.10,2.20,2026-09-14T01:39:01.142Z
KG26,KG30,2.40,2.40,2.20,1.20,2.40,2026-09-14T01:39:01.142Z
KG26,KG31,2.90,2.90,2.60,1.50,2.90,2026-09-14T01:39:01.143Z
KG26,KG33,3.40,3.40,2.90,1.60,3.40,2026-09-14T01:39:01.268Z
KG26,KG34,3.50,3.50,3.10,1.70,3.50,2026-09-14T01:39:01.313Z
KG26,KG35,3.90,3.90,3.40,1.90,3.90,2026-09-14T01:39:01.318Z
KG26,KJ1,6.40,6.40,5.40,3.10,6.40,2026-09-14T01:39:01.313Z
KG26,KJ10,4.60,4.60,4.00,2.20,4.60,2026-09-14T01:39:01.316Z
KG26,KJ11,4.30,4.30,3.70,2.00,4.30,2026-09-14T01:39:01.313Z
KG26,KJ12,4.00,4.00,3.40,1.90,4.00,2026-09-14T01:39:01.314Z
KG26,KJ13,3.60,3.60,3.10,1.70,3.60,2026-09-14T01:39:01.318Z
KG26,KJ14,3.40,3.40,3.00,1.70,3.40,2026-09-14T01:39:01.434Z
KG26,KJ15,3.90,3.90,3.40,1.90,3.90,2026-09-14T01:39:01.495Z
KG26,KJ16,4.20,4.20,3.70,2.10,4.20,2026-09-14T01:39:01.478Z
KG26,KJ17,4.60,4.60,4.00,2.30,4.60,2026-09-14T01:39:01.485Z
KG26,KJ18,4.60,4.60,4.00,2.30,4.60,2026-09-14T01:39:01.481Z
KG26,KJ19,4.80,4.80,4.20,2.40,4.80,2026-09-14T01:39:01.481Z
KG26,KJ2,6.10,6.10,5.20,3.00,6.10,2026-09-14T01:39:01.494Z
KG26,KJ20,5.50,5.50,4.70,2.70,5.50,2026-09-14T01:39:01.485Z
KG26,KJ21,5.70,5.70,4.90,2.80,5.70,2026-09-14T01:39:01.605Z
KG26,KJ22,5.60,5.60,4.90,2.80,5.60,2026-09-14T01:39:01.653Z
KG26,KJ23,5.90,5.90,5.10,3.00,5.90,2026-09-14T01:39:01.656Z
KG26,KJ24,6.20,6.20,5.30,3.10,6.20,2026-09-14T01:39:01.656Z
KG26,KJ25,6.00,6.00,5.10,3.00,6.00,2026-09-14T01:39:01.657Z
KG26,KJ26,6.10,6.10,5.30,3.10,6.10,2026-09-14T01:39:01.654Z
KG26,KJ27,6.40,6.40,5.50,3.20,6.40,2026-09-14T01:39:01.661Z
KG26,KJ28,6.40,6.40,5.40,3.10,6.40,2026-09-14T01:39:01.673Z
KG26,KJ29,6.20,6.20,5.30,3.10,6.20,2026-09-14T01:39:01.774Z
KG26,KJ3,6.10,6.10,5.20,3.00,6.10,2026-09-14T01:39:01.831Z
KG26,KJ30,6.40,6.40,5.50,3.20,6.40,2026-09-14T01:39:01.834Z
KG26,KJ31,6.70,6.70,5.70,3.30,6.70,2026-09-14T01:39:01.823Z
KG26,KJ32,6.30,6.30,5.30,3.00,6.30,2026-09-14T01:39:01.827Z
KG26,KJ33,6.10,6.10,5.20,3.00,6.10,2026-09-14T01:39:01.835Z
KG26,KJ34,6.20,6.20,5.30,3.10,6.20,2026-09-14T01:39:01.838Z
KG26,KJ35,6.40,6.40,5.50,3.20,6.40,2026-09-14T01:39:01.832Z
KG26,KJ36,6.20,6.20,5.20,3.10,6.20,2026-09-14T01:39:01.942Z
KG26,KJ37,5.70,5.70,4.80,2.80,5.70,2026-09-14T01:39:01.990Z
KG26,KJ4,5.90,5.90,5.00,2.80,5.90,2026-09-14T01:39:01.983Z
KG26,KJ5,5.70,5.70,4.80,2.70,5.70,2026-09-14T01:39:01.994Z
KG26,KJ6,5.40,5.40,4.60,2.60,5.40,2026-09-14T01:39:01.991Z
KG26,KJ7,5.20,5.20,4.50,2.50,5.20,2026-09-14T01:39:01.992Z
KG26,KJ8,5.00,5.00,4.30,2.40,5.00,2026-09-14T01:39:01.992Z
KG26,KJ9,4.70,4.70,4.10,2.30,4.70,2026-09-14T01:39:01.993Z
KG26,MR1,5.40,5.40,4.70,2.70,5.40,2026-09-14T01:39:02.116Z
KG26,MR10,5.10,5.10,4.40,2.50,5.10,2026-09-14T01:39:02.154Z
KG26,MR11,4.50,4.50,3.90,2.20,4.50,2026-09-14T01:39:02.165Z
KG26,MR2,5.10,5.10,4.40,2.50,5.10,2026-09-14T01:39:02.163Z
KG26,MR3,4.10,4.10,3.60,2.00,4.10,2026-09-14T01:39:02.168Z
KG26,MR4,3.50,3.50,3.10,1.70,3.50,2026-09-14T01:39:02.174Z
KG26,MR5,3.80,3.80,3.30,1.80,3.80,2026-09-14T01:39:02.176Z
KG26,MR6,4.10,4.10,3.60,2.00,4.10,2026-09-14T01:39:02.176Z
KG26,MR7,4.50,4.50,3.90,2.20,4.50,2026-09-14T01:39:02.285Z
KG26,MR8,5.00,5.00,4.40,2.50,5.00,2026-09-14T01:39:02.317Z
KG26,MR9,5.50,5.50,4.80,2.70,5.50,2026-09-14T01:39:02.327Z
KG26,PY01,4.50,4.50,3.90,2.20,4.50,2026-09-14T01:39:02.327Z
KG26,PY03,5.30,5.30,4.60,2.60,5.30,2026-09-14T01:39:02.340Z
KG26,PY04,5.70,5.70,4.90,2.80,5.70,2026-09-14T01:39:02.340Z
KG26,PY05,5.90,5.90,5.10,2.90,5.90,2026-09-14T01:39:02.328Z
KG26,PY06,6.10,6.10,5.20,3.00,6.10,2026-09-14T01:39:02.331Z
KG26,PY07,5.80,5.80,5.00,2.90,5.80,2026-09-14T01:39:02.455Z
KG26,PY08,6.00,6.00,5.10,2.90,6.00,2026-09-14T01:39:02.491Z
KG26,PY09,5.70,5.70,4.80,2.80,5.70,2026-09-14T01:39:02.524Z
KG26,PY10,5.80,5.80,5.00,2.90,5.80,2026-09-14T01:39:02.491Z
KG26,PY11,5.60,5.60,4.80,2.80,5.60,2026-09-14T01:39:02.489Z
KG26,PY12,5.50,5.50,4.70,2.70,5.50,2026-09-14T01:39:02.504Z
KG26,PY13,5.30,5.30,4.50,2.60,5.30,2026-09-14T01:39:02.498Z
KG26,PY14,5.40,5.40,4.60,2.60,5.40,2026-09-14T01:39:02.500Z
KG26,PY15,5.20,5.20,4.50,2.60,5.20,2026-09-14T01:39:02.658Z
KG26,PY16,4.90,4.90,4.20,2.40,4.90,2026-09-14T01:39:02.658Z
KG26,PY17,4.50,4.50,3.90,2.20,4.50,2026-09-14T01:39:02.656Z
KG26,PY18,4.30,4.30,3.70,2.10,4.30,2026-09-14T01:39:02.692Z
KG26,PY19,4.10,4.10,3.50,2.00,4.10,2026-09-14T01:39:02.657Z
KG26,PY20,3.70,3.70,3.20,1.80,3.70,2026-09-14T01:39:02.684Z
KG26,PY21,3.60,3.60,3.10,1.70,3.60,2026-09-14T01:39:02.696Z
KG26,PY22,3.40,3.40,2.90,1.60,3.40,2026-09-14T01:39:02.711Z
KG26,PY23,3.00,3.00,2.60,1.50,3.00,2026-09-14T01:39:02.830Z
KG26,PY24,3.00,3.00,2.60,1.50,3.00,2026-09-14T01:39:02.833Z
KG26,PY27,4.50,4.50,3.90,2.20,4.50,2026-09-14T01:39:02.836Z
KG26,PY28,4.90,4.90,4.20,2.40,4.90,2026-09-14T01:39:02.836Z
KG26,PY29,4.70,4.70,4.10,2.30,4.70,2026-09-14T01:39:02.848Z
KG26,PY31,5.50,5.50,4.70,2.70,5.50,2026-09-14T01:39:02.859Z
KG26,PY32,5.70,5.70,4.90,2.80,5.70,2026-09-14T01:39:02.862Z
KG26,PY33,5.90,5.90,5.00,2.90,5.90,2026-09-14T01:39:02.871Z
KG26,PY34,5.90,5.90,5.00,2.90,5.90,2026-09-14T01:39:03.037Z
KG26,PY36,6.00,6.00,5.10,2.90,6.00,2026-09-14T01:39:03.038Z
KG26,PY37,6.20,6.20,5.30,3.10,6.20,2026-09-14T01:39:03.037Z
KG26,PY38,5.90,5.90,5.00,2.90,5.90,2026-09-14T01:39:03.000Z
KG26,PY39,5.90,5.90,5.00,2.90,5.90,2026-09-14T01:39:03.013Z
KG26,PY40,6.10,6.10,5.20,3.00,6.10,2026-09-14T01:39:03.040Z
KG26,PY41,6.20,6.20,5.30,3.00,6.20,2026-09-14T01:39:03.064Z
KG26,SB1,11.10,11.10,9.40,5.50,11.10,2026-09-14T01:39:03.034Z
KG26,SB2,10.50,10.50,8.80,5.20,10.50,2026-09-14T01:39:03.173Z
KG26,SB3,9.80,9.80,8.30,4.90,9.80,2026-09-14T01:39:03.182Z
KG26,SB4,9.10,9.10,7.70,4.50,9.10,2026-09-14T01:39:03.198Z
KG26,SB5,8.40,8.40,7.10,4.20,8.40,2026-09-14T01:39:03.205Z
KG26,SB6,7.50,7.50,6.40,3.70,7.50,2026-09-14T01:39:03.208Z
KG26,SB7,6.70,6.70,5.70,3.30,6.70,2026-09-14T01:39:03.204Z
KG26,SP1,4.60,4.60,4.00,2.30,4.60,2026-09-14T01:39:03.209Z
KG26,SP10,3.40,3.40,2.90,1.60,3.40,2026-09-14T01:39:03.214Z
KG26,SP11,3.00,3.00,2.60,1.50,3.00,2026-09-14T01:39:03.327Z
KG26,SP12,3.00,3.00,2.60,1.50,3.00,2026-09-14T01:39:03.343Z
KG26,SP13,3.60,3.60,3.10,1.70,3.60,2026-09-14T01:39:03.341Z
KG26,SP14,3.90,3.90,3.40,1.90,3.90,2026-09-14T01:39:03.376Z
KG26,SP15,4.40,4.40,3.80,2.10,4.40,2026-09-14T01:39:03.374Z
KG26,SP16,4.70,4.70,4.10,2.30,4.70,2026-09-14T01:39:03.372Z
KG26,SP17,4.80,4.80,4.10,2.30,4.80,2026-09-14T01:39:03.375Z
KG26,SP18,5.00,5.00,4.30,2.40,5.00,2026-09-14T01:39:03.374Z
KG26,SP19,5.40,5.40,4.60,2.60,5.40,2026-09-14T01:39:03.501Z
KG26,SP2,4.50,4.50,3.90,2.20,4.50,2026-09-14T01:39:03.514Z
KG26,SP20,5.00,5.00,4.30,2.50,5.00,2026-09-14T01:39:03.516Z
KG26,SP21,5.30,5.30,4.50,2.60,5.30,2026-09-14T01:39:03.548Z
KG26,SP22,5.50,5.50,4.70,2.70,5.50,2026-09-14T01:39:03.547Z
KG26,SP24,5.30,5.30,4.60,2.60,5.30,2026-09-14T01:39:03.543Z
KG26,SP25,5.60,5.60,4.80,2.70,5.60,2026-09-14T01:39:03.548Z
KG26,SP26,5.80,5.80,4.90,2.80,5.80,2026-09-14T01:39:03.542Z
KG26,SP27,5.90,5.90,5.00,2.90,5.90,2026-09-14T01:39:03.669Z
KG26,SP28,5.20,5.20,4.40,2.50,5.20,2026-09-14T01:39:03.668Z
KG26,SP29,5.40,5.40,4.60,2.60,5.40,2026-09-14T01:39:03.682Z
KG26,SP3,4.50,4.50,3.90,2.20,4.50,2026-09-14T01:39:03.713Z
KG26,SP31,5.70,5.70,4.80,2.80,5.70,2026-09-14T01:39:03.714Z
KG26,SP4,4.20,4.20,3.60,2.00,4.20,2026-09-14T01:39:03.714Z
KG26,SP5,4.00,4.00,3.50,1.90,4.00,2026-09-14T01:39:03.715Z
KG26,SP6,3.80,3.80,3.30,1.80,3.80,2026-09-14T01:39:03.716Z
KG26,SP7,3.60,3.60,3.10,1.70,3.60,2026-09-14T01:39:03.852Z
KG26,SP8,3.30,3.30,2.90,1.60,3.30,2026-09-14T01:39:03.841Z
KG26,SP9,3.50,3.50,3.10,1.70,3.50,2026-09-14T01:39:03.854Z
KG27,KG28,1.30,1.30,1.20,0.60,1.30,2026-09-14T01:39:03.892Z
KG27,KG29,1.70,1.70,1.60,0.90,1.70,2026-09-14T01:39:03.888Z
KG27,KG30,2.00,2.00,1.80,1.00,2.00,2026-09-14T01:39:03.897Z
KG27,KG31,2.30,2.30,2.10,1.20,2.30,2026-09-14T01:39:03.892Z
KG27,KG33,2.90,2.90,2.50,1.40,2.90,2026-09-14T01:39:03.892Z
KG27,KG34,3.00,3.00,2.70,1.50,3.00,2026-09-14T01:39:04.007Z
KG27,KG35,3.40,3.40,2.90,1.60,3.40,2026-09-14T01:39:04.020Z
KG27,KJ1,6.90,6.90,5.80,3.30,6.90,2026-09-14T01:39:04.020Z
KG27,KJ10,5.10,5.10,4.40,2.40,5.10,2026-09-14T01:39:04.059Z
KG27,KJ11,4.80,4.80,4.10,2.20,4.80,2026-09-14T01:39:04.052Z
KG27,KJ12,4.50,4.50,3.80,2.10,4.50,2026-09-14T01:39:04.053Z
KG27,KJ13,4.10,4.10,3.50,1.90,4.10,2026-09-14T01:39:04.059Z
KG27,KJ14,3.90,3.90,3.40,1.90,3.90,2026-09-14T01:39:04.055Z
KG27,KJ15,4.40,4.40,3.80,2.10,4.40,2026-09-14T01:39:04.166Z
KG27,KJ16,4.70,4.70,4.10,2.30,4.70,2026-09-14T01:39:04.166Z
KG27,KJ17,5.10,5.10,4.40,2.50,5.10,2026-09-14T01:39:04.177Z
KG27,KJ18,5.10,5.10,4.40,2.50,5.10,2026-09-14T01:39:04.223Z
KG27,KJ19,5.30,5.30,4.60,2.60,5.30,2026-09-14T01:39:04.235Z
KG27,KJ2,6.60,6.60,5.60,3.20,6.60,2026-09-14T01:39:04.218Z
KG27,KJ20,6.00,6.00,5.10,2.90,6.00,2026-09-14T01:39:04.219Z
KG27,KJ21,6.20,6.20,5.30,3.00,6.20,2026-09-14T01:39:04.225Z
KG27,KJ22,6.10,6.10,5.30,3.00,6.10,2026-09-14T01:39:04.336Z
KG27,KJ23,6.40,6.40,5.50,3.20,6.40,2026-09-14T01:39:04.343Z
KG27,KJ24,6.70,6.70,5.70,3.30,6.70,2026-09-14T01:39:04.337Z
KG27,KJ25,6.50,6.50,5.50,3.20,6.50,2026-09-14T01:39:04.387Z
KG27,KJ26,6.60,6.60,5.70,3.30,6.60,2026-09-14T01:39:04.390Z
KG27,KJ27,6.90,6.90,5.90,3.40,6.90,2026-09-14T01:39:04.390Z
KG27,KJ28,6.90,6.90,5.80,3.30,6.90,2026-09-14T01:39:04.391Z
KG27,KJ29,6.70,6.70,5.70,3.30,6.70,2026-09-14T01:39:04.392Z
KG27,KJ3,6.60,6.60,5.60,3.20,6.60,2026-09-14T01:39:04.527Z
KG27,KJ30,6.90,6.90,5.90,3.40,6.90,2026-09-14T01:39:04.524Z
KG27,KJ31,7.20,7.20,6.10,3.50,7.20,2026-09-14T01:39:04.528Z
KG27,KJ32,6.80,6.80,5.70,3.20,6.80,2026-09-14T01:39:04.560Z
KG27,KJ33,6.60,6.60,5.60,3.20,6.60,2026-09-14T01:39:04.563Z
KG27,KJ34,6.70,6.70,5.70,3.30,6.70,2026-09-14T01:39:04.561Z
KG27,KJ35,6.90,6.90,5.90,3.40,6.90,2026-09-14T01:39:04.554Z
KG27,KJ36,6.80,6.80,5.70,3.40,6.80,2026-09-14T01:39:04.560Z
KG27,KJ37,6.30,6.30,5.30,3.10,6.30,2026-09-14T01:39:04.694Z
KG27,KJ4,6.40,6.40,5.40,3.00,6.40,2026-09-14T01:39:04.696Z
KG27,KJ5,6.20,6.20,5.20,2.90,6.20,2026-09-14T01:39:04.694Z
KG27,KJ6,5.90,5.90,5.00,2.80,5.90,2026-09-14T01:39:04.707Z
KG27,KJ7,5.70,5.70,4.90,2.70,5.70,2026-09-14T01:39:04.708Z
KG27,KJ8,5.50,5.50,4.70,2.60,5.50,2026-09-14T01:39:04.708Z
KG27,KJ9,5.20,5.20,4.50,2.50,5.20,2026-09-14T01:39:04.714Z
KG27,MR1,5.90,5.90,5.10,2.90,5.90,2026-09-14T01:39:04.724Z
KG27,MR10,5.30,5.30,4.60,2.50,5.30,2026-09-14T01:39:04.882Z
KG27,MR11,4.60,4.60,4.00,2.20,4.60,2026-09-14T01:39:04.872Z
KG27,MR2,5.60,5.60,4.80,2.70,5.60,2026-09-14T01:39:04.865Z
KG27,MR3,4.60,4.60,4.00,2.20,4.60,2026-09-14T01:39:04.882Z
KG27,MR4,4.00,4.00,3.50,1.90,4.00,2026-09-14T01:39:04.891Z
KG27,MR5,4.30,4.30,3.70,2.00,4.30,2026-09-14T01:39:04.892Z
KG27,MR6,4.60,4.60,4.00,2.20,4.60,2026-09-14T01:39:04.883Z
KG27,MR7,5.00,5.00,4.30,2.40,5.00,2026-09-14T01:39:04.898Z
KG27,MR8,5.50,5.50,4.80,2.70,5.50,2026-09-14T01:39:05.087Z
KG27,MR9,5.90,5.90,5.10,2.90,5.90,2026-09-14T01:39:05.072Z
KG27,PY01,4.70,4.70,4.10,2.30,4.70,2026-09-14T01:39:05.074Z
KG27,PY03,5.50,5.50,4.80,2.70,5.50,2026-09-14T01:39:05.084Z
KG27,PY04,5.90,5.90,5.10,2.90,5.90,2026-09-14T01:39:05.087Z
KG27,PY05,6.10,6.10,5.30,3.00,6.10,2026-09-14T01:39:05.114Z
KG27,PY06,6.60,6.60,5.60,3.20,6.60,2026-09-14T01:39:05.116Z
KG27,PY07,6.30,6.30,5.40,3.10,6.30,2026-09-14T01:39:05.116Z
KG27,PY08,6.10,6.10,5.20,2.90,6.10,2026-09-14T01:39:05.240Z
KG27,PY09,5.80,5.80,4.90,2.80,5.80,2026-09-14T01:39:05.236Z
KG27,PY10,6.10,6.10,5.20,2.90,6.10,2026-09-14T01:39:05.251Z
KG27,PY11,5.90,5.90,5.00,2.80,5.90,2026-09-14T01:39:05.248Z
KG27,PY12,5.60,5.60,4.80,2.70,5.60,2026-09-14T01:39:05.251Z
KG27,PY13,5.40,5.40,4.60,2.60,5.40,2026-09-14T01:39:05.274Z
KG27,PY14,5.50,5.50,4.70,2.70,5.50,2026-09-14T01:39:05.274Z
KG27,PY15,5.30,5.30,4.60,2.60,5.30,2026-09-14T01:39:05.286Z
KG27,PY16,5.00,5.00,4.30,2.40,5.00,2026-09-14T01:39:05.417Z
KG27,PY17,4.60,4.60,4.00,2.20,4.60,2026-09-14T01:39:05.419Z
KG27,PY18,4.40,4.40,3.80,2.10,4.40,2026-09-14T01:39:05.414Z
KG27,PY19,4.20,4.20,3.60,2.00,4.20,2026-09-14T01:39:05.421Z
KG27,PY20,3.80,3.80,3.30,1.80,3.80,2026-09-14T01:39:05.434Z
KG27,PY21,3.70,3.70,3.20,1.70,3.70,2026-09-14T01:39:05.440Z
KG27,PY22,3.50,3.50,3.00,1.60,3.50,2026-09-14T01:39:05.442Z
KG27,PY23,3.20,3.20,2.80,1.50,3.20,2026-09-14T01:39:05.452Z
KG27,PY24,3.70,3.70,3.20,1.80,3.70,2026-09-14T01:39:05.581Z
KG27,PY27,5.10,5.10,4.40,2.40,5.10,2026-09-14T01:39:05.594Z
KG27,PY28,5.50,5.50,4.70,2.60,5.50,2026-09-14T01:39:05.577Z
KG27,PY29,5.30,5.30,4.60,2.60,5.30,2026-09-14T01:39:05.601Z
KG27,PY31,6.00,6.00,5.20,2.90,6.00,2026-09-14T01:39:05.595Z
KG27,PY32,5.80,5.80,5.00,2.80,5.80,2026-09-14T01:39:05.608Z
KG27,PY33,6.00,6.00,5.10,2.90,6.00,2026-09-14T01:39:05.609Z
KG27,PY34,6.30,6.30,5.40,3.10,6.30,2026-09-14T01:39:05.619Z
KG27,PY36,6.30,6.30,5.40,3.10,6.30,2026-09-14T01:39:05.749Z
KG27,PY37,6.60,6.60,5.60,3.20,6.60,2026-09-14T01:39:05.757Z
KG27,PY38,6.00,6.00,5.10,2.90,6.00,2026-09-14T01:39:05.765Z
KG27,PY39,6.20,6.20,5.30,3.00,6.20,2026-09-14T01:39:05.758Z
KG27,PY40,6.30,6.30,5.40,3.10,6.30,2026-09-14T01:39:05.773Z
KG27,PY41,6.50,6.50,5.50,3.10,6.50,2026-09-14T01:39:05.796Z
KG27,SB1,11.60,11.60,9.80,5.70,11.60,2026-09-14T01:39:05.779Z
KG27,SB2,11.00,11.00,9.20,5.40,11.00,2026-09-14T01:39:05.774Z
KG27,SB3,10.30,10.30,8.70,5.10,10.30,2026-09-14T01:39:05.931Z
KG27,SB4,9.60,9.60,8.10,4.70,9.60,2026-09-14T01:39:05.923Z
KG27,SB5,8.90,8.90,7.50,4.40,8.90,2026-09-14T01:39:05.917Z
KG27,SB6,8.00,8.00,6.80,3.90,8.00,2026-09-14T01:39:05.930Z
KG27,SB7,7.20,7.20,6.10,3.50,7.20,2026-09-14T01:39:05.934Z
KG27,SP1,5.10,5.10,4.40,2.40,5.10,2026-09-14T01:39:05.931Z
KG27,SP10,4.00,4.00,3.40,1.90,4.00,2026-09-14T01:39:05.950Z
KG27,SP11,3.70,3.70,3.20,1.80,3.70,2026-09-14T01:39:05.959Z
KG27,SP12,3.70,3.70,3.20,1.80,3.70,2026-09-14T01:39:06.092Z
KG27,SP13,4.20,4.20,3.60,2.00,4.20,2026-09-14T01:39:06.090Z
KG27,SP14,4.50,4.50,3.90,2.20,4.50,2026-09-14T01:39:06.106Z
KG27,SP15,5.00,5.00,4.30,2.40,5.00,2026-09-14T01:39:06.110Z
KG27,SP16,5.30,5.30,4.60,2.60,5.30,2026-09-14T01:39:06.109Z
KG27,SP17,5.40,5.40,4.60,2.60,5.40,2026-09-14T01:39:06.112Z
KG27,SP18,5.60,5.60,4.80,2.70,5.60,2026-09-14T01:39:06.117Z
KG27,SP19,6.00,6.00,5.10,2.90,6.00,2026-09-14T01:39:06.122Z
KG27,SP2,4.80,4.80,4.20,2.30,4.80,2026-09-14T01:39:06.269Z
KG27,SP20,5.60,5.60,4.80,2.80,5.60,2026-09-14T01:39:06.269Z
KG27,SP21,5.90,5.90,5.00,2.90,5.90,2026-09-14T01:39:06.282Z
KG27,SP22,6.10,6.10,5.20,3.00,6.10,2026-09-14T01:39:06.278Z
KG27,SP24,5.90,5.90,5.10,2.90,5.90,2026-09-14T01:39:06.282Z
KG27,SP25,6.20,6.20,5.30,3.00,6.20,2026-09-14T01:39:06.278Z
KG27,SP26,6.40,6.40,5.40,3.10,6.40,2026-09-14T01:39:06.285Z
KG27,SP27,6.50,6.50,5.50,3.20,6.50,2026-09-14T01:39:06.288Z
KG27,SP28,5.80,5.80,4.90,2.80,5.80,2026-09-14T01:39:06.429Z
KG27,SP29,6.00,6.00,5.10,2.90,6.00,2026-09-14T01:39:06.433Z
KG27,SP3,4.60,4.60,4.00,2.20,4.60,2026-09-14T01:39:06.449Z
KG27,SP31,6.30,6.30,5.30,3.10,6.30,2026-09-14T01:39:06.464Z
KG27,SP4,4.70,4.70,4.00,2.20,4.70,2026-09-14T01:39:06.464Z
KG27,SP5,4.50,4.50,3.90,2.10,4.50,2026-09-14T01:39:06.449Z
KG27,SP6,4.30,4.30,3.70,2.00,4.30,2026-09-14T01:39:06.464Z
KG27,SP7,4.10,4.10,3.50,1.90,4.10,2026-09-14T01:39:06.464Z
KG27,SP8,3.80,3.80,3.30,1.80,3.80,2026-09-14T01:39:06.606Z
KG27,SP9,4.00,4.00,3.50,1.90,4.00,2026-09-14T01:39:06.606Z
KG28,KG29,1.30,1.30,1.20,0.60,1.30,2026-09-14T01:39:06.619Z
KG28,KG30,1.50,1.50,1.40,0.80,1.50,2026-09-14T01:39:06.620Z
KG28,KG31,1.90,1.90,1.70,1.00,1.90,2026-09-14T01:39:06.638Z
KG28,KG33,2.80,2.80,2.50,1.40,2.80,2026-09-14T01:39:06.638Z
KG28,KG34,3.00,3.00,2.70,1.50,3.00,2026-09-14T01:39:06.632Z
KG28,KG35,3.00,3.00,2.70,1.50,3.00,2026-09-14T01:39:06.634Z
KG28,KJ1,6.70,6.70,5.60,3.20,6.70,2026-09-14T01:39:06.779Z
KG28,KJ10,4.90,4.90,4.20,2.30,4.90,2026-09-14T01:39:06.773Z
KG28,KJ11,4.60,4.60,3.90,2.10,4.60,2026-09-14T01:39:06.781Z
KG28,KJ12,4.30,4.30,3.60,2.00,4.30,2026-09-14T01:39:06.783Z
KG28,KJ13,3.90,3.90,3.30,1.80,3.90,2026-09-14T01:39:06.805Z
KG28,KJ14,3.70,3.70,3.20,1.80,3.70,2026-09-14T01:39:06.804Z
KG28,KJ15,4.20,4.20,3.60,2.00,4.20,2026-09-14T01:39:06.803Z
KG28,KJ16,4.50,4.50,3.90,2.20,4.50,2026-09-14T01:39:06.802Z
KG28,KJ17,4.90,4.90,4.20,2.40,4.90,2026-09-14T01:39:06.951Z
KG28,KJ18,4.90,4.90,4.20,2.40,4.90,2026-09-14T01:39:06.946Z
KG28,KJ19,5.10,5.10,4.40,2.50,5.10,2026-09-14T01:39:06.946Z
KG28,KJ2,6.40,6.40,5.40,3.10,6.40,2026-09-14T01:39:06.953Z
KG28,KJ20,5.80,5.80,4.90,2.80,5.80,2026-09-14T01:39:06.981Z
KG28,KJ21,6.00,6.00,5.10,2.90,6.00,2026-09-14T01:39:06.982Z
KG28,KJ22,5.90,5.90,5.10,2.90,5.90,2026-09-14T01:39:06.986Z
KG28,KJ23,6.20,6.20,5.30,3.10,6.20,2026-09-14T01:39:06.985Z
KG28,KJ24,6.50,6.50,5.50,3.20,6.50,2026-09-14T01:39:07.125Z
KG28,KJ25,6.30,6.30,5.30,3.10,6.30,2026-09-14T01:39:07.120Z
KG28,KJ26,6.40,6.40,5.50,3.20,6.40,2026-09-14T01:39:07.116Z
KG28,KJ27,6.70,6.70,5.70,3.30,6.70,2026-09-14T01:39:07.123Z
KG28,KJ28,6.70,6.70,5.60,3.20,6.70,2026-09-14T01:39:07.149Z
KG28,KJ29,6.50,6.50,5.50,3.20,6.50,2026-09-14T01:39:07.145Z
KG28,KJ3,6.40,6.40,5.40,3.10,6.40,2026-09-14T01:39:07.148Z
KG28,KJ30,6.70,6.70,5.70,3.30,6.70,2026-09-14T01:39:07.149Z
KG28,KJ31,7.00,7.00,5.90,3.40,7.00,2026-09-14T01:39:07.287Z
KG28,KJ32,6.60,6.60,5.50,3.10,6.60,2026-09-14T01:39:07.288Z
KG28,KJ33,6.40,6.40,5.40,3.10,6.40,2026-09-14T01:39:07.287Z
KG28,KJ34,6.50,6.50,5.50,3.20,6.50,2026-09-14T01:39:07.287Z
KG28,KJ35,6.70,6.70,5.70,3.30,6.70,2026-09-14T01:39:07.322Z
KG28,KJ36,6.70,6.70,5.70,3.40,6.70,2026-09-14T01:39:07.316Z
KG28,KJ37,6.20,6.20,5.30,3.10,6.20,2026-09-14T01:39:07.321Z
KG28,KJ4,6.20,6.20,5.20,2.90,6.20,2026-09-14T01:39:07.321Z
KG28,KJ5,6.00,6.00,5.00,2.80,6.00,2026-09-14T01:39:07.453Z
KG28,KJ6,5.70,5.70,4.80,2.70,5.70,2026-09-14T01:39:07.450Z
KG28,KJ7,5.50,5.50,4.70,2.60,5.50,2026-09-14T01:39:07.455Z
KG28,KJ8,5.30,5.30,4.50,2.50,5.30,2026-09-14T01:39:07.453Z
KG28,KJ9,5.00,5.00,4.30,2.40,5.00,2026-09-14T01:39:07.495Z
KG28,MR1,5.70,5.70,4.90,2.80,5.70,2026-09-14T01:39:07.487Z
KG28,MR10,5.40,5.40,4.60,2.60,5.40,2026-09-14T01:39:07.495Z
KG28,MR11,4.80,4.80,4.10,2.30,4.80,2026-09-14T01:39:07.487Z
KG28,MR2,5.40,5.40,4.60,2.60,5.40,2026-09-14T01:39:07.608Z
KG28,MR3,4.40,4.40,3.80,2.10,4.40,2026-09-14T01:39:07.630Z
KG28,MR4,3.80,3.80,3.30,1.80,3.80,2026-09-14T01:39:07.629Z
KG28,MR5,4.10,4.10,3.50,1.90,4.10,2026-09-14T01:39:07.629Z
KG28,MR6,4.40,4.40,3.80,2.10,4.40,2026-09-14T01:39:07.657Z
KG28,MR7,4.80,4.80,4.10,2.30,4.80,2026-09-14T01:39:07.650Z
KG28,MR8,5.30,5.30,4.60,2.60,5.30,2026-09-14T01:39:07.653Z
KG28,MR9,5.80,5.80,5.00,2.80,5.80,2026-09-14T01:39:07.655Z
KG28,PY01,4.90,4.90,4.20,2.40,4.90,2026-09-14T01:39:07.779Z
KG28,PY03,5.70,5.70,4.90,2.80,5.70,2026-09-14T01:39:07.795Z
KG28,PY04,6.10,6.10,5.20,3.00,6.10,2026-09-14T01:39:07.795Z
KG28,PY05,6.30,6.30,5.40,3.10,6.30,2026-09-14T01:39:07.797Z
KG28,PY06,6.60,6.60,5.70,3.30,6.60,2026-09-14T01:39:07.816Z
KG28,PY07,6.30,6.30,5.50,3.20,6.30,2026-09-14T01:39:07.810Z
KG28,PY08,6.40,6.40,5.50,3.10,6.40,2026-09-14T01:39:07.824Z
KG28,PY09,6.10,6.10,5.20,3.00,6.10,2026-09-14T01:39:07.828Z
KG28,PY10,6.30,6.30,5.50,3.10,6.30,2026-09-14T01:39:07.958Z
KG28,PY11,6.10,6.10,5.30,3.00,6.10,2026-09-14T01:39:07.985Z
KG28,PY12,5.90,5.90,5.10,2.90,5.90,2026-09-14T01:39:07.982Z
KG28,PY13,5.70,5.70,4.90,2.80,5.70,2026-09-14T01:39:07.975Z
KG28,PY14,5.80,5.80,5.00,2.80,5.80,2026-09-14T01:39:07.985Z
KG28,PY15,5.60,5.60,4.80,2.70,5.60,2026-09-14T01:39:07.985Z
KG28,PY16,5.20,5.20,4.50,2.50,5.20,2026-09-14T01:39:07.994Z
KG28,PY17,4.80,4.80,4.10,2.30,4.80,2026-09-14T01:39:07.998Z
KG28,PY18,4.70,4.70,4.10,2.30,4.70,2026-09-14T01:39:08.118Z
KG28,PY19,4.50,4.50,3.90,2.20,4.50,2026-09-14T01:39:08.140Z
KG28,PY20,4.10,4.10,3.60,2.00,4.10,2026-09-14T01:39:08.171Z
KG28,PY21,4.00,4.00,3.50,1.90,4.00,2026-09-14T01:39:08.170Z
KG28,PY22,3.80,3.80,3.30,1.80,3.80,2026-09-14T01:39:08.171Z
KG28,PY23,3.50,3.50,3.10,1.70,3.50,2026-09-14T01:39:08.171Z
KG28,PY24,3.60,3.60,3.20,1.80,3.60,2026-09-14T01:39:08.171Z
KG28,PY27,5.00,5.00,4.40,2.50,5.00,2026-09-14T01:39:08.172Z
KG28,PY28,5.40,5.40,4.70,2.70,5.40,2026-09-14T01:39:08.308Z
KG28,PY29,5.20,5.20,4.60,2.60,5.20,2026-09-14T01:39:08.320Z
KG28,PY31,6.00,6.00,5.20,3.00,6.00,2026-09-14T01:39:08.337Z
KG28,PY32,6.10,6.10,5.30,3.00,6.10,2026-09-14T01:39:08.387Z
KG28,PY33,6.30,6.30,5.40,3.10,6.30,2026-09-14T01:39:08.403Z
KG28,PY34,6.40,6.40,5.50,3.20,6.40,2026-09-14T01:39:08.344Z
KG28,PY36,6.50,6.50,5.60,3.20,6.50,2026-09-14T01:39:08.340Z
KG28,PY37,6.70,6.70,5.80,3.40,6.70,2026-09-14T01:39:08.387Z
KG28,PY38,6.30,6.30,5.40,3.10,6.30,2026-09-14T01:39:08.477Z
KG28,PY39,6.40,6.40,5.50,3.20,6.40,2026-09-14T01:39:08.494Z
KG28,PY40,6.60,6.60,5.70,3.30,6.60,2026-09-14T01:39:08.506Z
KG28,PY41,6.70,6.70,5.80,3.30,6.70,2026-09-14T01:39:08.510Z
KG28,SB1,11.40,11.40,9.60,5.60,11.40,2026-09-14T01:39:08.505Z
KG28,SB2,10.80,10.80,9.00,5.30,10.80,2026-09-14T01:39:08.548Z
KG28,SB3,10.10,10.10,8.50,5.00,10.10,2026-09-14T01:39:08.553Z
KG28,SB4,9.40,9.40,7.90,4.60,9.40,2026-09-14T01:39:08.553Z
KG28,SB5,8.70,8.70,7.30,4.30,8.70,2026-09-14T01:39:08.647Z
KG28,SB6,7.80,7.80,6.60,3.80,7.80,2026-09-14T01:39:08.661Z
KG28,SB7,7.00,7.00,5.90,3.40,7.00,2026-09-14T01:39:08.676Z
KG28,SP1,5.00,5.00,4.30,2.40,5.00,2026-09-14T01:39:08.673Z
KG28,SP10,3.90,3.90,3.40,1.90,3.90,2026-09-14T01:39:08.677Z
KG28,SP11,3.60,3.60,3.20,1.80,3.60,2026-09-14T01:39:08.689Z
KG28,SP12,3.60,3.60,3.20,1.80,3.60,2026-09-14T01:39:08.707Z
KG28,SP13,4.10,4.10,3.60,2.00,4.10,2026-09-14T01:39:08.706Z
KG28,SP14,4.40,4.40,3.90,2.20,4.40,2026-09-14T01:39:08.820Z
KG28,SP15,4.90,4.90,4.30,2.40,4.90,2026-09-14T01:39:08.831Z
KG28,SP16,5.20,5.20,4.60,2.60,5.20,2026-09-14T01:39:08.834Z
KG28,SP17,5.30,5.30,4.60,2.60,5.30,2026-09-14T01:39:08.850Z
KG28,SP18,5.50,5.50,4.80,2.70,5.50,2026-09-14T01:39:08.852Z
KG28,SP19,5.90,5.90,5.10,2.90,5.90,2026-09-14T01:39:08.852Z
KG28,SP2,4.80,4.80,4.10,2.30,4.80,2026-09-14T01:39:08.847Z
KG28,SP20,5.50,5.50,4.80,2.80,5.50,2026-09-14T01:39:08.862Z
KG28,SP21,5.80,5.80,5.00,2.90,5.80,2026-09-14T01:39:08.986Z
KG28,SP22,6.00,6.00,5.20,3.00,6.00,2026-09-14T01:39:09.000Z
KG28,SP24,5.80,5.80,5.10,2.90,5.80,2026-09-14T01:39:08.999Z
KG28,SP25,6.10,6.10,5.30,3.00,6.10,2026-09-14T01:39:09.017Z
KG28,SP26,6.30,6.30,5.30,3.10,6.30,2026-09-14T01:39:09.024Z
KG28,SP27,6.40,6.40,5.40,3.10,6.40,2026-09-14T01:39:09.013Z
KG28,SP28,5.70,5.70,4.90,2.80,5.70,2026-09-14T01:39:09.015Z
KG28,SP29,5.90,5.90,5.10,2.90,5.90,2026-09-14T01:39:09.028Z
KG28,SP3,4.80,4.80,4.10,2.30,4.80,2026-09-14T01:39:09.161Z
KG28,SP31,6.20,6.20,5.30,3.10,6.20,2026-09-14T01:39:09.170Z
KG28,SP4,4.50,4.50,3.80,2.10,4.50,2026-09-14T01:39:09.157Z
KG28,SP5,4.30,4.30,3.70,2.00,4.30,2026-09-14T01:39:09.184Z
KG28,SP6,4.10,4.10,3.50,1.90,4.10,2026-09-14T01:39:09.179Z
KG28,SP7,3.90,3.90,3.30,1.80,3.90,2026-09-14T01:39:09.179Z
KG28,SP8,3.60,3.60,3.10,1.70,3.60,2026-09-14T01:39:09.185Z
KG28,SP9,3.80,3.80,3.30,1.80,3.80,2026-09-14T01:39:09.193Z
KG29,KG30,1.10,1.10,1.00,0.50,1.10,2026-09-14T01:39:09.343Z
KG29,KG31,1.60,1.60,1.50,0.80,1.60,2026-09-14T01:39:09.336Z
KG29,KG33,2.40,2.40,2.10,1.20,2.40,2026-09-14T01:39:09.343Z
KG29,KG34,2.60,2.60,2.30,1.30,2.60,2026-09-14T01:39:09.344Z
KG29,KG35,3.00,3.00,2.60,1.50,3.00,2026-09-14T01:39:09.348Z
KG29,KJ1,6.90,6.90,5.90,3.40,6.90,2026-09-14T01:39:09.345Z
KG29,KJ10,5.10,5.10,4.50,2.50,5.10,2026-09-14T01:39:09.346Z
KG29,KJ11,4.80,4.80,4.20,2.30,4.80,2026-09-14T01:39:09.369Z
KG29,KJ12,4.50,4.50,3.90,2.20,4.50,2026-09-14T01:39:12.041Z
KG29,KJ13,4.10,4.10,3.60,2.00,4.10,2026-09-14T01:39:09.508Z
KG29,KJ14,4.00,4.00,3.50,1.90,4.00,2026-09-14T01:39:12.040Z
KG29,KJ15,4.50,4.50,3.90,2.10,4.50,2026-09-14T01:39:09.513Z
KG29,KJ16,4.80,4.80,4.20,2.30,4.80,2026-09-14T01:39:12.041Z
KG29,KJ17,5.20,5.20,4.50,2.50,5.20,2026-09-14T01:39:12.045Z
KG29,KJ18,5.20,5.20,4.50,2.50,5.20,2026-09-14T01:39:09.506Z
KG29,KJ19,5.40,5.40,4.70,2.60,5.40,2026-09-14T01:39:09.544Z
KG29,KJ2,6.70,6.70,5.70,3.20,6.70,2026-09-14T01:39:12.045Z
KG29,KJ20,6.10,6.10,5.20,2.90,6.10,2026-09-14T01:39:09.670Z
KG29,KJ21,6.20,6.20,5.40,3.10,6.20,2026-09-14T01:39:12.051Z
KG29,KJ22,6.20,6.20,5.40,3.00,6.20,2026-09-14T01:39:09.714Z
KG29,KJ23,6.50,6.50,5.60,3.20,6.50,2026-09-14T01:39:12.056Z
KG29,KJ24,6.80,6.80,5.80,3.30,6.80,2026-09-14T01:39:09.889Z
KG29,KJ25,6.60,6.60,5.60,3.20,6.60,2026-09-14T01:39:10.052Z
KG29,KJ26,6.70,6.70,5.80,3.30,6.70,2026-09-14T01:39:10.223Z
KG29,KJ27,7.00,7.00,6.00,3.40,7.00,2026-09-14T01:39:10.403Z
KG29,KJ28,6.90,6.90,5.90,3.40,6.90,2026-09-14T01:39:10.566Z
KG29,KJ29,6.80,6.80,5.80,3.30,6.80,2026-09-14T01:39:10.735Z
KG29,KJ3,6.60,6.60,5.70,3.30,6.60,2026-09-14T01:39:10.893Z
KG29,KJ30,7.00,7.00,6.00,3.40,7.00,2026-09-14T01:39:11.055Z
KG29,KJ31,7.30,7.30,6.20,3.50,7.30,2026-09-14T01:39:11.227Z
KG29,KJ32,6.80,6.80,5.80,3.30,6.80,2026-09-14T01:39:11.389Z
KG29,KJ33,6.70,6.70,5.70,3.20,6.70,2026-09-14T01:39:11.563Z
KG29,KJ34,6.80,6.80,5.80,3.30,6.80,2026-09-14T01:39:11.740Z
KG29,KJ35,7.00,7.00,6.00,3.40,7.00,2026-09-14T01:39:11.913Z
KG29,KJ36,7.10,7.10,6.00,3.50,7.10,2026-09-14T01:39:12.081Z
KG29,KJ37,6.60,6.60,5.60,3.20,6.60,2026-09-14T01:39:12.212Z
KG29,KJ4,6.40,6.40,5.50,3.10,6.40,2026-09-14T01:39:12.209Z
KG29,KJ5,6.20,6.20,5.30,3.00,6.20,2026-09-14T01:39:12.210Z
KG29,KJ6,5.90,5.90,5.10,2.90,5.90,2026-09-14T01:39:12.209Z
KG29,KJ7,5.70,5.70,5.00,2.80,5.70,2026-09-14T01:39:12.209Z
KG29,KJ8,5.50,5.50,4.80,2.70,5.50,2026-09-14T01:39:12.223Z
KG29,KJ9,5.20,5.20,4.60,2.60,5.20,2026-09-14T01:39:12.223Z
KG29,MR1,5.90,5.90,5.20,3.00,5.90,2026-09-14T01:39:12.250Z
KG29,MR10,5.60,5.60,4.90,2.80,5.60,2026-09-14T01:39:12.387Z
KG29,MR11,5.00,5.00,4.40,2.50,5.00,2026-09-14T01:39:12.384Z
KG29,MR2,5.60,5.60,4.90,2.80,5.60,2026-09-14T01:39:12.379Z
KG29,MR3,4.60,4.60,4.10,2.30,4.60,2026-09-14T01:39:12.381Z
KG29,MR4,4.00,4.00,3.60,2.00,4.00,2026-09-14T01:39:12.379Z
KG29,MR5,4.30,4.30,3.80,2.10,4.30,2026-09-14T01:39:12.392Z
KG29,MR6,4.60,4.60,4.10,2.30,4.60,2026-09-14T01:39:12.397Z
KG29,MR7,5.00,5.00,4.40,2.50,5.00,2026-09-14T01:39:12.424Z
KG29,MR8,5.50,5.50,4.90,2.80,5.50,2026-09-14T01:39:12.553Z
KG29,MR9,6.00,6.00,5.30,3.00,6.00,2026-09-14T01:39:12.554Z
KG29,PY01,5.00,5.00,4.40,2.50,5.00,2026-09-14T01:39:12.546Z
KG29,PY03,5.80,5.80,5.10,2.90,5.80,2026-09-14T01:39:12.554Z
KG29,PY04,6.20,6.20,5.40,3.10,6.20,2026-09-14T01:39:12.554Z
KG29,PY05,6.40,6.40,5.60,3.20,6.40,2026-09-14T01:39:12.564Z
KG29,PY06,6.90,6.90,6.00,3.40,6.90,2026-09-14T01:39:12.566Z
KG29,PY07,6.70,6.70,5.80,3.30,6.70,2026-09-14T01:39:12.587Z
KG29,PY08,6.80,6.80,5.80,3.30,6.80,2026-09-14T01:39:12.713Z
KG29,PY09,6.50,6.50,5.50,3.20,6.50,2026-09-14T01:39:12.728Z
KG29,PY10,6.70,6.70,5.80,3.30,6.70,2026-09-14T01:39:12.724Z
KG29,PY11,6.50,6.50,5.60,3.20,6.50,2026-09-14T01:39:12.724Z
KG29,PY12,6.30,6.30,5.40,3.10,6.30,2026-09-14T01:39:12.728Z
KG29,PY13,6.10,6.10,5.20,3.00,6.10,2026-09-14T01:39:12.726Z
KG29,PY14,6.10,6.10,5.30,3.00,6.10,2026-09-14T01:39:12.730Z
KG29,PY15,5.80,5.80,5.10,2.90,5.80,2026-09-14T01:39:12.751Z
KG29,PY16,5.40,5.40,4.80,2.70,5.40,2026-09-14T01:39:12.882Z
KG29,PY17,5.00,5.00,4.40,2.50,5.00,2026-09-14T01:39:12.904Z
KG29,PY18,5.10,5.10,4.40,2.50,5.10,2026-09-14T01:39:12.901Z
KG29,PY19,4.90,4.90,4.20,2.40,4.90,2026-09-14T01:39:12.903Z
KG29,PY20,4.50,4.50,3.90,2.20,4.50,2026-09-14T01:39:12.902Z
KG29,PY21,4.40,4.40,3.80,2.10,4.40,2026-09-14T01:39:12.910Z
KG29,PY22,4.20,4.20,3.60,2.00,4.20,2026-09-14T01:39:12.905Z
KG29,PY23,3.90,3.90,3.40,1.90,3.90,2026-09-14T01:39:12.925Z
KG29,PY24,4.00,4.00,3.50,1.90,4.00,2026-09-14T01:39:13.057Z
KG29,PY27,5.40,5.40,4.70,2.60,5.40,2026-09-14T01:39:13.062Z
KG29,PY28,5.80,5.80,5.00,2.80,5.80,2026-09-14T01:39:13.066Z
KG29,PY29,5.60,5.60,4.90,2.70,5.60,2026-09-14T01:39:13.055Z
KG29,PY31,6.40,6.40,5.50,3.10,6.40,2026-09-14T01:39:13.057Z
KG29,PY32,6.50,6.50,5.60,3.20,6.50,2026-09-14T01:39:13.062Z
KG29,PY33,6.70,6.70,5.70,3.30,6.70,2026-09-14T01:39:13.065Z
KG29,PY34,6.80,6.80,5.80,3.30,6.80,2026-09-14T01:39:13.086Z
KG29,PY36,6.90,6.90,5.90,3.30,6.90,2026-09-14T01:39:13.235Z
KG29,PY37,7.10,7.10,6.10,3.50,7.10,2026-09-14T01:39:13.228Z
KG29,PY38,6.70,6.70,5.70,3.30,6.70,2026-09-14T01:39:13.230Z
KG29,PY39,6.80,6.80,5.80,3.30,6.80,2026-09-14T01:39:13.232Z
KG29,PY40,7.00,7.00,6.00,3.40,7.00,2026-09-14T01:39:13.229Z
KG29,PY41,7.10,7.10,6.10,3.40,7.10,2026-09-14T01:39:13.232Z
KG29,SB1,11.70,11.70,9.90,5.70,11.70,2026-09-14T01:39:13.232Z
KG29,SB2,11.10,11.10,9.30,5.40,11.10,2026-09-14T01:39:13.260Z
KG29,SB3,10.40,10.40,8.80,5.10,10.40,2026-09-14T01:39:13.419Z
KG29,SB4,9.70,9.70,8.20,4.70,9.70,2026-09-14T01:39:13.417Z
KG29,SB5,9.00,9.00,7.60,4.40,9.00,2026-09-14T01:39:13.419Z
KG29,SB6,8.10,8.10,6.90,3.90,8.10,2026-09-14T01:39:13.416Z
KG29,SB7,7.30,7.30,6.20,3.50,7.30,2026-09-14T01:39:13.421Z
KG29,SP1,5.20,5.20,4.60,2.60,5.20,2026-09-14T01:39:13.420Z
KG29,SP10,4.30,4.30,3.70,2.00,4.30,2026-09-14T01:39:13.418Z
KG29,SP11,4.00,4.00,3.50,1.90,4.00,2026-09-14T01:39:13.456Z
KG29,SP12,4.00,4.00,3.50,1.90,4.00,2026-09-14T01:39:13.592Z
KG29,SP13,4.50,4.50,3.90,2.10,4.50,2026-09-14T01:39:13.586Z
KG29,SP14,4.80,4.80,4.20,2.30,4.80,2026-09-14T01:39:13.582Z
KG29,SP15,5.30,5.30,4.60,2.50,5.30,2026-09-14T01:39:13.583Z
KG29,SP16,5.60,5.60,4.90,2.70,5.60,2026-09-14T01:39:13.592Z
KG29,SP17,5.70,5.70,4.90,2.70,5.70,2026-09-14T01:39:13.590Z
KG29,SP18,5.90,5.90,5.10,2.80,5.90,2026-09-14T01:39:13.588Z
KG29,SP19,6.30,6.30,5.40,3.00,6.30,2026-09-14T01:39:13.626Z
KG29,SP2,5.00,5.00,4.40,2.50,5.00,2026-09-14T01:39:13.760Z
KG29,SP20,5.90,5.90,5.10,2.90,5.90,2026-09-14T01:39:13.757Z
KG29,SP21,6.20,6.20,5.30,3.00,6.20,2026-09-14T01:39:13.760Z
KG29,SP22,6.40,6.40,5.50,3.10,6.40,2026-09-14T01:39:13.764Z
KG29,SP24,6.20,6.20,5.40,3.00,6.20,2026-09-14T01:39:13.768Z
KG29,SP25,6.50,6.50,5.60,3.10,6.50,2026-09-14T01:39:13.765Z
KG29,SP26,6.50,6.50,5.60,3.20,6.50,2026-09-14T01:39:13.765Z
KG29,SP27,6.60,6.60,5.70,3.30,6.60,2026-09-14T01:39:13.798Z
KG29,SP28,6.10,6.10,5.20,2.90,6.10,2026-09-14T01:39:13.933Z
KG29,SP29,6.30,6.30,5.40,3.00,6.30,2026-09-14T01:39:13.934Z
KG29,SP3,5.00,5.00,4.40,2.50,5.00,2026-09-14T01:39:13.932Z
KG29,SP31,6.60,6.60,5.60,3.20,6.60,2026-09-14T01:39:13.933Z
KG29,SP4,4.70,4.70,4.10,2.30,4.70,2026-09-14T01:39:13.932Z
KG29,SP5,4.50,4.50,4.00,2.20,4.50,2026-09-14T01:39:13.937Z
KG29,SP6,4.30,4.30,3.80,2.10,4.30,2026-09-14T01:39:13.942Z
KG29,SP7,4.10,4.10,3.60,2.00,4.10,2026-09-14T01:39:13.961Z
KG29,SP8,3.80,3.80,3.40,1.90,3.80,2026-09-14T01:39:14.111Z
KG29,SP9,4.00,4.00,3.60,2.00,4.00,2026-09-14T01:39:14.096Z
KG30,KG31,1.30,1.30,1.30,0.70,1.30,2026-09-14T01:39:14.112Z
KG30,KG33,2.20,2.20,1.90,1.10,2.20,2026-09-14T01:39:14.092Z
KG30,KG34,2.40,2.40,2.10,1.20,2.40,2026-09-14T01:39:14.100Z
KG30,KG35,2.80,2.80,2.40,1.40,2.80,2026-09-14T01:39:14.102Z
KG30,KJ1,7.10,7.10,6.00,3.40,7.10,2026-09-14T01:39:14.117Z
KG30,KJ10,5.30,5.30,4.60,2.50,5.30,2026-09-14T01:39:14.130Z
KG30,KJ11,5.00,5.00,4.30,2.30,5.00,2026-09-14T01:39:14.266Z
KG30,KJ12,4.70,4.70,4.00,2.20,4.70,2026-09-14T01:39:14.269Z
KG30,KJ13,4.30,4.30,3.70,2.00,4.30,2026-09-14T01:39:14.270Z
KG30,KJ14,4.10,4.10,3.60,2.00,4.10,2026-09-14T01:39:14.267Z
KG30,KJ15,4.60,4.60,4.00,2.20,4.60,2026-09-14T01:39:14.288Z
KG30,KJ16,4.90,4.90,4.30,2.40,4.90,2026-09-14T01:39:14.281Z
KG30,KJ17,5.30,5.30,4.60,2.60,5.30,2026-09-14T01:39:14.279Z
KG30,KJ18,5.30,5.30,4.60,2.60,5.30,2026-09-14T01:39:14.315Z
KG30,KJ19,5.50,5.50,4.80,2.70,5.50,2026-09-14T01:39:14.449Z
KG30,KJ2,6.80,6.80,5.80,3.30,6.80,2026-09-14T01:39:14.453Z
KG30,KJ20,6.20,6.20,5.30,3.00,6.20,2026-09-14T01:39:14.440Z
KG30,KJ21,6.40,6.40,5.50,3.10,6.40,2026-09-14T01:39:14.443Z
KG30,KJ22,6.30,6.30,5.50,3.10,6.30,2026-09-14T01:39:14.448Z
KG30,KJ23,6.60,6.60,5.70,3.30,6.60,2026-09-14T01:39:14.440Z
KG30,KJ24,6.90,6.90,5.90,3.40,6.90,2026-09-14T01:39:14.454Z
KG30,KJ25,6.70,6.70,5.70,3.30,6.70,2026-09-14T01:39:14.482Z
KG30,KJ26,6.80,6.80,5.90,3.40,6.80,2026-09-14T01:39:14.610Z
KG30,KJ27,7.10,7.10,6.10,3.50,7.10,2026-09-14T01:39:14.613Z
KG30,KJ28,7.10,7.10,6.00,3.40,7.10,2026-09-14T01:39:14.610Z
KG30,KJ29,6.90,6.90,5.90,3.40,6.90,2026-09-14T01:39:14.617Z
KG30,KJ3,6.80,6.80,5.80,3.30,6.80,2026-09-14T01:39:14.623Z
KG30,KJ30,7.10,7.10,6.10,3.50,7.10,2026-09-14T01:39:14.622Z
KG30,KJ31,7.40,7.40,6.30,3.60,7.40,2026-09-14T01:39:14.624Z
KG30,KJ32,7.00,7.00,5.90,3.30,7.00,2026-09-14T01:39:14.646Z
KG30,KJ33,6.80,6.80,5.80,3.30,6.80,2026-09-14T01:39:14.788Z
KG30,KJ34,6.90,6.90,5.90,3.40,6.90,2026-09-14T01:39:14.785Z
KG30,KJ35,7.10,7.10,6.10,3.50,7.10,2026-09-14T01:39:14.786Z
KG30,KJ36,7.30,7.30,6.10,3.60,7.30,2026-09-14T01:39:14.794Z
KG30,KJ37,6.80,6.80,5.70,3.30,6.80,2026-09-14T01:39:14.811Z
KG30,KJ4,6.60,6.60,5.60,3.10,6.60,2026-09-14T01:39:14.803Z
KG30,KJ5,6.40,6.40,5.40,3.00,6.40,2026-09-14T01:39:14.799Z
KG30,KJ6,6.10,6.10,5.20,2.90,6.10,2026-09-14T01:39:14.812Z
KG30,KJ7,5.90,5.90,5.10,2.80,5.90,2026-09-14T01:39:14.956Z
KG30,KJ8,5.70,5.70,4.90,2.70,5.70,2026-09-14T01:39:14.949Z
KG30,KJ9,5.40,5.40,4.70,2.60,5.40,2026-09-14T01:39:14.969Z
KG30,MR1,6.10,6.10,5.30,3.00,6.10,2026-09-14T01:39:14.974Z
KG30,MR10,5.60,5.60,4.90,2.70,5.60,2026-09-14T01:39:14.971Z
KG30,MR11,4.90,4.90,4.30,2.40,4.90,2026-09-14T01:39:14.974Z
KG30,MR2,5.80,5.80,5.00,2.80,5.80,2026-09-14T01:39:14.986Z
KG30,MR3,4.80,4.80,4.20,2.30,4.80,2026-09-14T01:39:14.986Z
KG30,MR4,4.20,4.20,3.70,2.00,4.20,2026-09-14T01:39:15.130Z
KG30,MR5,4.50,4.50,3.90,2.10,4.50,2026-09-14T01:39:15.131Z
KG30,MR6,4.80,4.80,4.20,2.30,4.80,2026-09-14T01:39:15.154Z
KG30,MR7,5.20,5.20,4.50,2.50,5.20,2026-09-14T01:39:15.147Z
KG30,MR8,5.70,5.70,5.00,2.80,5.70,2026-09-14T01:39:15.173Z
KG30,MR9,6.20,6.20,5.40,3.00,6.20,2026-09-14T01:39:15.153Z
KG30,PY01,5.10,5.10,4.40,2.50,5.10,2026-09-14T01:39:15.177Z
KG30,PY03,5.90,5.90,5.10,2.90,5.90,2026-09-14T01:39:15.176Z
KG30,PY04,6.30,6.30,5.40,3.10,6.30,2026-09-14T01:39:15.313Z
KG30,PY05,6.50,6.50,5.60,3.20,6.50,2026-09-14T01:39:15.297Z
KG30,PY06,6.90,6.90,5.90,3.40,6.90,2026-09-14T01:39:15.313Z
KG30,PY07,6.60,6.60,5.70,3.30,6.60,2026-09-14T01:39:15.326Z
KG30,PY08,6.40,6.40,5.50,3.10,6.40,2026-09-14T01:39:15.327Z
KG30,PY09,6.10,6.10,5.20,3.00,6.10,2026-09-14T01:39:15.336Z
KG30,PY10,6.40,6.40,5.50,3.10,6.40,2026-09-14T01:39:15.345Z
KG30,PY11,6.20,6.20,5.30,3.00,6.20,2026-09-14T01:39:15.338Z
KG30,PY12,5.90,5.90,5.10,2.90,5.90,2026-09-14T01:39:15.465Z
KG30,PY13,5.70,5.70,4.90,2.80,5.70,2026-09-14T01:39:15.467Z
KG30,PY14,5.80,5.80,5.00,2.90,5.80,2026-09-14T01:39:15.472Z
KG30,PY15,5.60,5.60,4.90,2.80,5.60,2026-09-14T01:39:15.489Z
KG30,PY16,5.30,5.30,4.60,2.60,5.30,2026-09-14T01:39:15.496Z
KG30,PY17,4.90,4.90,4.30,2.40,4.90,2026-09-14T01:39:15.504Z
KG30,PY18,4.70,4.70,4.10,2.30,4.70,2026-09-14T01:39:15.510Z
KG30,PY19,4.50,4.50,3.90,2.20,4.50,2026-09-14T01:39:15.508Z
KG30,PY20,4.10,4.10,3.60,2.00,4.10,2026-09-14T01:39:15.636Z
KG30,PY21,4.00,4.00,3.50,1.90,4.00,2026-09-14T01:39:15.636Z
KG30,PY22,3.80,3.80,3.30,1.80,3.80,2026-09-14T01:39:15.634Z
KG30,PY23,3.50,3.50,3.10,1.70,3.50,2026-09-14T01:39:15.649Z
KG30,PY24,4.00,4.00,3.50,2.00,4.00,2026-09-14T01:39:15.666Z
KG30,PY27,5.40,5.40,4.70,2.60,5.40,2026-09-14T01:39:15.676Z
KG30,PY28,5.80,5.80,5.00,2.80,5.80,2026-09-14T01:39:15.677Z
KG30,PY29,5.80,5.80,5.00,2.80,5.80,2026-09-14T01:39:15.674Z
KG30,PY31,6.30,6.30,5.50,3.10,6.30,2026-09-14T01:39:15.803Z
KG30,PY32,6.10,6.10,5.30,3.00,6.10,2026-09-14T01:39:15.807Z
KG30,PY33,6.30,6.30,5.40,3.10,6.30,2026-09-14T01:39:15.806Z
KG30,PY34,6.60,6.60,5.70,3.30,6.60,2026-09-14T01:39:15.814Z
KG30,PY36,6.60,6.60,5.70,3.30,6.60,2026-09-14T01:39:15.854Z
KG30,PY37,6.90,6.90,5.90,3.40,6.90,2026-09-14T01:39:15.847Z
KG30,PY38,6.30,6.30,5.40,3.10,6.30,2026-09-14T01:39:15.850Z
KG30,PY39,6.50,6.50,5.60,3.20,6.50,2026-09-14T01:39:15.849Z
KG30,PY40,6.60,6.60,5.70,3.30,6.60,2026-09-14T01:39:15.976Z
KG30,PY41,6.80,6.80,5.80,3.30,6.80,2026-09-14T01:39:15.974Z
KG30,SB1,11.80,11.80,10.00,5.80,11.80,2026-09-14T01:39:15.979Z
KG30,SB2,11.20,11.20,9.40,5.50,11.20,2026-09-14T01:39:15.992Z
KG30,SB3,10.50,10.50,8.90,5.20,10.50,2026-09-14T01:39:16.019Z
KG30,SB4,9.80,9.80,8.30,4.80,9.80,2026-09-14T01:39:16.022Z
KG30,SB5,9.10,9.10,7.70,4.50,9.10,2026-09-14T01:39:16.018Z
KG30,SB6,8.20,8.20,7.00,4.00,8.20,2026-09-14T01:39:16.019Z
KG30,SB7,7.40,7.40,6.30,3.60,7.40,2026-09-14T01:39:16.143Z
KG30,SP1,5.40,5.40,4.70,2.60,5.40,2026-09-14T01:39:16.145Z
KG30,SP10,4.30,4.30,3.80,2.10,4.30,2026-09-14T01:39:16.139Z
KG30,SP11,4.00,4.00,3.50,2.00,4.00,2026-09-14T01:39:16.154Z
KG30,SP12,4.20,4.20,3.60,2.00,4.20,2026-09-14T01:39:16.183Z
KG30,SP13,4.70,4.70,4.00,2.20,4.70,2026-09-14T01:39:16.182Z
KG30,SP14,5.00,5.00,4.30,2.40,5.00,2026-09-14T01:39:16.194Z
KG30,SP15,5.50,5.50,4.70,2.60,5.50,2026-09-14T01:39:16.188Z
KG30,SP16,5.80,5.80,5.00,2.80,5.80,2026-09-14T01:39:16.324Z
KG30,SP17,5.90,5.90,5.00,2.80,5.90,2026-09-14T01:39:16.314Z
KG30,SP18,6.10,6.10,5.20,2.90,6.10,2026-09-14T01:39:16.314Z
KG30,SP19,6.50,6.50,5.50,3.10,6.50,2026-09-14T01:39:16.324Z
KG30,SP2,5.10,5.10,4.50,2.50,5.10,2026-09-14T01:39:16.343Z
KG30,SP20,6.10,6.10,5.20,3.00,6.10,2026-09-14T01:39:16.341Z
KG30,SP21,6.40,6.40,5.40,3.10,6.40,2026-09-14T01:39:16.353Z
KG30,SP22,6.60,6.60,5.60,3.20,6.60,2026-09-14T01:39:16.365Z
KG30,SP24,6.40,6.40,5.50,3.10,6.40,2026-09-14T01:39:16.488Z
KG30,SP25,6.70,6.70,5.70,3.20,6.70,2026-09-14T01:39:16.486Z
KG30,SP26,6.70,6.70,5.70,3.30,6.70,2026-09-14T01:39:16.486Z
KG30,SP27,6.80,6.80,5.80,3.30,6.80,2026-09-14T01:39:16.485Z
KG30,SP28,6.30,6.30,5.30,3.00,6.30,2026-09-14T01:39:16.523Z
KG30,SP29,6.50,6.50,5.50,3.10,6.50,2026-09-14T01:39:16.516Z
KG30,SP3,4.90,4.90,4.30,2.40,4.90,2026-09-14T01:39:16.525Z
KG30,SP31,6.80,6.80,5.70,3.30,6.80,2026-09-14T01:39:16.512Z
KG30,SP4,4.90,4.90,4.20,2.30,4.90,2026-09-14T01:39:16.657Z
KG30,SP5,4.70,4.70,4.10,2.20,4.70,2026-09-14T01:39:16.657Z
KG30,SP6,4.50,4.50,3.90,2.10,4.50,2026-09-14T01:39:16.654Z
KG30,SP7,4.30,4.30,3.70,2.00,4.30,2026-09-14T01:39:16.659Z
KG30,SP8,4.00,4.00,3.50,1.90,4.00,2026-09-14T01:39:16.691Z
KG30,SP9,4.20,4.20,3.70,2.00,4.20,2026-09-14T01:39:16.691Z
KG31,KG33,1.80,1.80,1.60,0.90,1.80,2026-09-14T01:39:16.690Z
KG31,KG34,1.90,1.90,1.70,1.00,1.90,2026-09-14T01:39:16.692Z
KG31,KG35,2.30,2.30,2.00,1.10,2.30,2026-09-14T01:39:16.828Z
KG31,KJ1,6.70,6.70,5.80,3.30,6.70,2026-09-14T01:39:16.830Z
KG31,KJ10,4.90,4.90,4.30,2.40,4.90,2026-09-14T01:39:16.828Z
KG31,KJ11,4.70,4.70,4.20,2.30,4.70,2026-09-14T01:39:16.823Z
KG31,KJ12,4.40,4.40,3.90,2.20,4.40,2026-09-14T01:39:16.862Z
KG31,KJ13,4.00,4.00,3.60,2.00,4.00,2026-09-14T01:39:16.861Z
KG31,KJ14,3.70,3.70,3.30,1.80,3.70,2026-09-14T01:39:16.862Z
KG31,KJ15,4.20,4.20,3.70,2.00,4.20,2026-09-14T01:39:16.856Z
KG31,KJ16,4.50,4.50,4.00,2.20,4.50,2026-09-14T01:39:16.995Z
KG31,KJ17,4.90,4.90,4.30,2.40,4.90,2026-09-14T01:39:16.997Z
KG31,KJ18,4.90,4.90,4.30,2.40,4.90,2026-09-14T01:39:16.997Z
KG31,KJ19,5.10,5.10,4.50,2.50,5.10,2026-09-14T01:39:16.999Z
KG31,KJ2,6.40,6.40,5.50,3.10,6.40,2026-09-14T01:39:17.030Z
KG31,KJ20,5.80,5.80,5.00,2.80,5.80,2026-09-14T01:39:17.025Z
KG31,KJ21,6.00,6.00,5.20,3.00,6.00,2026-09-14T01:39:17.028Z
KG31,KJ22,5.90,5.90,5.20,2.90,5.90,2026-09-14T01:39:17.035Z
KG31,KJ23,6.20,6.20,5.40,3.10,6.20,2026-09-14T01:39:17.187Z
KG31,KJ24,6.50,6.50,5.60,3.20,6.50,2026-09-14T01:39:17.186Z
KG31,KJ25,6.30,6.30,5.40,3.10,6.30,2026-09-14T01:39:17.188Z
KG31,KJ26,6.40,6.40,5.60,3.20,6.40,2026-09-14T01:39:17.188Z
KG31,KJ27,6.70,6.70,5.80,3.30,6.70,2026-09-14T01:39:17.188Z
KG31,KJ28,7.00,7.00,6.00,3.40,7.00,2026-09-14T01:39:17.205Z
KG31,KJ29,6.50,6.50,5.60,3.20,6.50,2026-09-14T01:39:17.202Z
KG31,KJ3,6.50,6.50,5.60,3.20,6.50,2026-09-14T01:39:17.205Z
KG31,KJ30,6.70,6.70,5.80,3.30,6.70,2026-09-14T01:39:17.359Z
KG31,KJ31,7.00,7.00,6.00,3.40,7.00,2026-09-14T01:39:17.364Z
KG31,KJ32,7.10,7.10,6.10,3.50,7.10,2026-09-14T01:39:17.358Z
KG31,KJ33,6.40,6.40,5.50,3.10,6.40,2026-09-14T01:39:17.358Z
KG31,KJ34,6.50,6.50,5.60,3.20,6.50,2026-09-14T01:39:17.361Z
KG31,KJ35,6.70,6.70,5.80,3.30,6.70,2026-09-14T01:39:17.374Z
KG31,KJ36,6.90,6.90,5.90,3.40,6.90,2026-09-14T01:39:17.372Z
KG31,KJ37,6.60,6.60,5.60,3.30,6.60,2026-09-14T01:39:17.375Z
KG31,KJ4,6.20,6.20,5.40,3.10,6.20,2026-09-14T01:39:17.533Z
KG31,KJ5,6.10,6.10,5.30,3.00,6.10,2026-09-14T01:39:17.530Z
KG31,KJ6,5.80,5.80,5.10,2.90,5.80,2026-09-14T01:39:17.533Z
KG31,KJ7,5.70,5.70,4.90,2.80,5.70,2026-09-14T01:39:17.533Z
KG31,KJ8,5.40,5.40,4.70,2.70,5.40,2026-09-14T01:39:17.535Z
KG31,KJ9,5.10,5.10,4.50,2.50,5.10,2026-09-14T01:39:17.536Z
KG31,MR1,6.40,6.40,5.50,3.20,6.40,2026-09-14T01:39:17.551Z
KG31,MR10,5.60,5.60,4.90,2.70,5.60,2026-09-14T01:39:17.571Z
KG31,MR11,4.90,4.90,4.30,2.40,4.90,2026-09-14T01:39:17.701Z
KG31,MR2,6.10,6.10,5.20,3.00,6.10,2026-09-14T01:39:17.700Z
KG31,MR3,5.10,5.10,4.40,2.50,5.10,2026-09-14T01:39:17.707Z
KG31,MR4,4.50,4.50,3.90,2.20,4.50,2026-09-14T01:39:17.698Z
KG31,MR5,4.80,4.80,4.10,2.30,4.80,2026-09-14T01:39:17.705Z
KG31,MR6,5.10,5.10,4.40,2.50,5.10,2026-09-14T01:39:17.699Z
KG31,MR7,5.50,5.50,4.70,2.70,5.50,2026-09-14T01:39:17.716Z
KG31,MR8,6.00,6.00,5.20,3.00,6.00,2026-09-14T01:39:17.728Z
KG31,MR9,6.20,6.20,5.40,3.10,6.20,2026-09-14T01:39:17.874Z
KG31,PY01,5.30,5.30,4.60,2.60,5.30,2026-09-14T01:39:17.876Z
KG31,PY03,6.10,6.10,5.30,3.00,6.10,2026-09-14T01:39:17.873Z
KG31,PY04,6.50,6.50,5.60,3.20,6.50,2026-09-14T01:39:17.873Z
KG31,PY05,6.70,6.70,5.80,3.30,6.70,2026-09-14T01:39:17.875Z
KG31,PY06,7.00,7.00,6.00,3.50,7.00,2026-09-14T01:39:17.875Z
KG31,PY07,6.70,6.70,5.80,3.40,6.70,2026-09-14T01:39:17.884Z
KG31,PY08,6.70,6.70,5.70,3.30,6.70,2026-09-14T01:39:17.885Z
KG31,PY09,6.40,6.40,5.40,3.20,6.40,2026-09-14T01:39:18.056Z
KG31,PY10,6.70,6.70,5.70,3.30,6.70,2026-09-14T01:39:18.057Z
KG31,PY11,6.50,6.50,5.50,3.20,6.50,2026-09-14T01:39:18.056Z
KG31,PY12,6.20,6.20,5.30,3.10,6.20,2026-09-14T01:39:18.046Z
KG31,PY13,6.00,6.00,5.10,3.00,6.00,2026-09-14T01:39:18.061Z
KG31,PY14,6.10,6.10,5.20,3.10,6.10,2026-09-14T01:39:18.048Z
KG31,PY15,5.90,5.90,5.10,3.00,5.90,2026-09-14T01:39:18.058Z
KG31,PY16,5.60,5.60,4.80,2.80,5.60,2026-09-14T01:39:18.089Z
KG31,PY17,4.90,4.90,4.30,2.40,4.90,2026-09-14T01:39:18.215Z
KG31,PY18,5.00,5.00,4.30,2.50,5.00,2026-09-14T01:39:18.218Z
KG31,PY19,4.80,4.80,4.10,2.40,4.80,2026-09-14T01:39:18.221Z
KG31,PY20,4.40,4.40,3.80,2.20,4.40,2026-09-14T01:39:18.221Z
KG31,PY21,4.30,4.30,3.70,2.10,4.30,2026-09-14T01:39:18.222Z
KG31,PY22,4.10,4.10,3.50,2.00,4.10,2026-09-14T01:39:18.230Z
KG31,PY23,3.80,3.80,3.30,1.90,3.80,2026-09-14T01:39:18.239Z
KG31,PY24,4.00,4.00,3.50,2.00,4.00,2026-09-14T01:39:18.260Z
KG31,PY27,5.40,5.40,4.70,2.70,5.40,2026-09-14T01:39:18.387Z
KG31,PY28,5.80,5.80,5.00,2.90,5.80,2026-09-14T01:39:18.391Z
KG31,PY29,5.60,5.60,4.90,2.80,5.60,2026-09-14T01:39:18.387Z
KG31,PY31,6.40,6.40,5.50,3.20,6.40,2026-09-14T01:39:18.390Z
KG31,PY32,6.40,6.40,5.50,3.20,6.40,2026-09-14T01:39:18.385Z
KG31,PY33,6.60,6.60,5.60,3.30,6.60,2026-09-14T01:39:18.404Z
KG31,PY34,6.80,6.80,5.80,3.40,6.80,2026-09-14T01:39:18.400Z
KG31,PY36,6.90,6.90,5.90,3.40,6.90,2026-09-14T01:39:18.424Z
KG31,PY37,7.10,7.10,6.10,3.60,7.10,2026-09-14T01:39:18.562Z
KG31,PY38,6.60,6.60,5.60,3.30,6.60,2026-09-14T01:39:18.561Z
KG31,PY39,6.80,6.80,5.80,3.40,6.80,2026-09-14T01:39:18.558Z
KG31,PY40,6.90,6.90,5.90,3.50,6.90,2026-09-14T01:39:18.561Z
KG31,PY41,7.10,7.10,6.00,3.50,7.10,2026-09-14T01:39:18.561Z
KG31,SB1,11.40,11.40,9.70,5.60,11.40,2026-09-14T01:39:18.584Z
KG31,SB2,10.80,10.80,9.10,5.30,10.80,2026-09-14T01:39:18.569Z
KG31,SB3,10.10,10.10,8.60,5.00,10.10,2026-09-14T01:39:18.583Z
KG31,SB4,9.40,9.40,8.00,4.60,9.40,2026-09-14T01:39:18.739Z
KG31,SB5,8.70,8.70,7.40,4.30,8.70,2026-09-14T01:39:18.737Z
KG31,SB6,7.80,7.80,6.70,3.80,7.80,2026-09-14T01:39:18.774Z
KG31,SB7,7.00,7.00,6.00,3.40,7.00,2026-09-14T01:39:18.736Z
KG31,SP1,5.20,5.20,4.60,2.60,5.20,2026-09-14T01:39:18.739Z
KG31,SP10,4.30,4.30,3.70,2.10,4.30,2026-09-14T01:39:18.755Z
KG31,SP11,4.00,4.00,3.50,2.00,4.00,2026-09-14T01:39:18.755Z
KG31,SP12,4.00,4.00,3.50,2.00,4.00,2026-09-14T01:39:18.755Z
KG31,SP13,4.50,4.50,3.90,2.20,4.50,2026-09-14T01:39:18.905Z
KG31,SP14,4.80,4.80,4.20,2.40,4.80,2026-09-14T01:39:18.907Z
KG31,SP15,5.30,5.30,4.60,2.60,5.30,2026-09-14T01:39:18.896Z
KG31,SP16,5.60,5.60,4.90,2.80,5.60,2026-09-14T01:39:18.900Z
KG31,SP17,5.70,5.70,4.90,2.80,5.70,2026-09-14T01:39:18.912Z
KG31,SP18,5.90,5.90,5.10,2.90,5.90,2026-09-14T01:39:18.916Z
KG31,SP19,6.30,6.30,5.40,3.10,6.30,2026-09-14T01:39:18.914Z
KG31,SP2,5.10,5.10,4.50,2.50,5.10,2026-09-14T01:39:18.934Z
KG31,SP20,5.90,5.90,5.10,3.00,5.90,2026-09-14T01:39:19.068Z
KG31,SP21,6.20,6.20,5.30,3.10,6.20,2026-09-14T01:39:19.075Z
KG31,SP22,6.40,6.40,5.50,3.20,6.40,2026-09-14T01:39:19.075Z
KG31,SP24,6.20,6.20,5.40,3.10,6.20,2026-09-14T01:39:19.075Z
KG31,SP25,6.50,6.50,5.60,3.20,6.50,2026-09-14T01:39:19.083Z
KG31,SP26,6.70,6.70,5.70,3.30,6.70,2026-09-14T01:39:19.103Z
KG31,SP27,6.80,6.80,5.80,3.40,6.80,2026-09-14T01:39:19.088Z
KG31,SP28,6.10,6.10,5.20,3.00,6.10,2026-09-14T01:39:19.109Z
KG31,SP29,6.30,6.30,5.40,3.10,6.30,2026-09-14T01:39:19.244Z
KG31,SP3,4.90,4.90,4.30,2.40,4.90,2026-09-14T01:39:19.244Z
KG31,SP31,6.60,6.60,5.60,3.30,6.60,2026-09-14T01:39:19.239Z
KG31,SP4,4.60,4.60,4.10,2.30,4.60,2026-09-14T01:39:19.243Z
KG31,SP5,4.40,4.40,3.90,2.20,4.40,2026-09-14T01:39:19.252Z
KG31,SP6,4.20,4.20,3.80,2.10,4.20,2026-09-14T01:39:19.256Z
KG31,SP7,4.00,4.00,3.60,2.00,4.00,2026-09-14T01:39:19.268Z
KG31,SP8,4.30,4.30,3.70,2.10,4.30,2026-09-14T01:39:19.271Z
KG31,SP9,4.50,4.50,3.90,2.20,4.50,2026-09-14T01:39:19.415Z
KG33,KG34,1.10,1.10,1.00,0.50,1.10,2026-09-14T01:39:19.411Z
KG33,KG35,1.50,1.50,1.40,0.70,1.50,2026-09-14T01:39:19.418Z
KG33,KJ1,7.20,7.20,6.10,3.50,7.20,2026-09-14T01:39:19.417Z
KG33,KJ10,5.40,5.40,4.70,2.60,5.40,2026-09-14T01:39:19.414Z
KG33,KJ11,5.10,5.10,4.40,2.40,5.10,2026-09-14T01:39:19.417Z
KG33,KJ12,4.80,4.80,4.10,2.30,4.80,2026-09-14T01:39:19.427Z
KG33,KJ13,4.40,4.40,3.80,2.10,4.40,2026-09-14T01:39:19.451Z
KG33,KJ14,4.20,4.20,3.70,2.10,4.20,2026-09-14T01:39:19.582Z
KG33,KJ15,4.70,4.70,4.10,2.30,4.70,2026-09-14T01:39:19.615Z
KG33,KJ16,5.00,5.00,4.40,2.50,5.00,2026-09-14T01:39:19.596Z
KG33,KJ17,5.40,5.40,4.70,2.70,5.40,2026-09-14T01:39:19.596Z
KG33,KJ18,5.40,5.40,4.70,2.70,5.40,2026-09-14T01:39:19.596Z
KG33,KJ19,5.60,5.60,4.90,2.80,5.60,2026-09-14T01:39:19.609Z
KG33,KJ2,6.90,6.90,5.90,3.40,6.90,2026-09-14T01:39:19.620Z
KG33,KJ20,6.30,6.30,5.40,3.10,6.30,2026-09-14T01:39:19.617Z
KG33,KJ21,6.50,6.50,5.60,3.20,6.50,2026-09-14T01:39:19.761Z
KG33,KJ22,6.40,6.40,5.60,3.20,6.40,2026-09-14T01:39:19.762Z
KG33,KJ23,6.70,6.70,5.80,3.40,6.70,2026-09-14T01:39:19.767Z
KG33,KJ24,7.00,7.00,6.00,3.50,7.00,2026-09-14T01:39:19.761Z
KG33,KJ25,6.80,6.80,5.80,3.40,6.80,2026-09-14T01:39:19.763Z
KG33,KJ26,6.90,6.90,6.00,3.50,6.90,2026-09-14T01:39:19.791Z
KG33,KJ27,7.20,7.20,6.20,3.60,7.20,2026-09-14T01:39:19.792Z
KG33,KJ28,7.20,7.20,6.10,3.50,7.20,2026-09-14T01:39:19.802Z
KG33,KJ29,7.00,7.00,6.00,3.50,7.00,2026-09-14T01:39:19.930Z
KG33,KJ3,6.90,6.90,5.90,3.40,6.90,2026-09-14T01:39:19.930Z
KG33,KJ30,7.20,7.20,6.20,3.60,7.20,2026-09-14T01:39:19.979Z
KG33,KJ31,7.50,7.50,6.40,3.70,7.50,2026-09-14T01:39:19.930Z
KG33,KJ32,7.10,7.10,6.00,3.40,7.10,2026-09-14T01:39:19.931Z
KG33,KJ33,6.90,6.90,5.90,3.40,6.90,2026-09-14T01:39:19.961Z
KG33,KJ34,7.00,7.00,6.00,3.50,7.00,2026-09-14T01:39:19.967Z
KG33,KJ35,7.20,7.20,6.20,3.60,7.20,2026-09-14T01:39:19.979Z
KG33,KJ36,7.40,7.40,6.30,3.70,7.40,2026-09-14T01:39:20.100Z
KG33,KJ37,7.20,7.20,6.10,3.60,7.20,2026-09-14T01:39:20.098Z
KG33,KJ4,6.70,6.70,5.70,3.20,6.70,2026-09-14T01:39:20.099Z
KG33,KJ5,6.50,6.50,5.50,3.10,6.50,2026-09-14T01:39:20.100Z
KG33,KJ6,6.20,6.20,5.30,3.00,6.20,2026-09-14T01:39:20.127Z
KG33,KJ7,6.00,6.00,5.20,2.90,6.00,2026-09-14T01:39:20.133Z
KG33,KJ8,5.80,5.80,5.00,2.80,5.80,2026-09-14T01:39:20.136Z
KG33,KJ9,5.50,5.50,4.80,2.70,5.50,2026-09-14T01:39:20.146Z
KG33,MR1,6.20,6.20,5.40,3.10,6.20,2026-09-14T01:39:20.277Z
KG33,MR10,5.80,5.80,5.10,2.80,5.80,2026-09-14T01:39:20.277Z
KG33,MR11,5.10,5.10,4.50,2.50,5.10,2026-09-14T01:39:20.270Z
KG33,MR2,5.90,5.90,5.10,2.90,5.90,2026-09-14T01:39:20.273Z
KG33,MR3,4.90,4.90,4.30,2.40,4.90,2026-09-14T01:39:20.299Z
KG33,MR4,4.30,4.30,3.80,2.10,4.30,2026-09-14T01:39:20.302Z
KG33,MR5,4.60,4.60,4.00,2.20,4.60,2026-09-14T01:39:20.297Z
KG33,MR6,4.90,4.90,4.30,2.40,4.90,2026-09-14T01:39:20.311Z
KG33,MR7,5.30,5.30,4.60,2.60,5.30,2026-09-14T01:39:20.438Z
KG33,MR8,5.80,5.80,5.10,2.90,5.80,2026-09-14T01:39:20.442Z
KG33,MR9,6.30,6.30,5.50,3.10,6.30,2026-09-14T01:39:20.448Z
KG33,PY01,5.70,5.70,4.90,2.80,5.70,2026-09-14T01:39:20.449Z
KG33,PY03,6.50,6.50,5.60,3.20,6.50,2026-09-14T01:39:20.455Z
KG33,PY04,6.90,6.90,5.90,3.40,6.90,2026-09-14T01:39:20.481Z
KG33,PY05,6.70,6.70,5.80,3.30,6.70,2026-09-14T01:39:20.482Z
KG33,PY06,7.10,7.10,6.10,3.50,7.10,2026-09-14T01:39:20.489Z
KG33,PY07,6.80,6.80,5.90,3.40,6.80,2026-09-14T01:39:20.613Z
KG33,PY08,6.60,6.60,5.70,3.20,6.60,2026-09-14T01:39:20.612Z
KG33,PY09,6.30,6.30,5.40,3.10,6.30,2026-09-14T01:39:20.610Z
KG33,PY10,6.60,6.60,5.70,3.20,6.60,2026-09-14T01:39:20.613Z
KG33,PY11,6.40,6.40,5.50,3.10,6.40,2026-09-14T01:39:20.625Z
KG33,PY12,6.10,6.10,5.30,3.00,6.10,2026-09-14T01:39:20.639Z
KG33,PY13,5.90,5.90,5.10,2.90,5.90,2026-09-14T01:39:20.639Z
KG33,PY14,6.00,6.00,5.20,3.00,6.00,2026-09-14T01:39:20.647Z
KG33,PY15,5.80,5.80,5.10,2.90,5.80,2026-09-14T01:39:20.803Z
KG33,PY16,5.50,5.50,4.80,2.70,5.50,2026-09-14T01:39:20.810Z
KG33,PY17,5.10,5.10,4.50,2.50,5.10,2026-09-14T01:39:20.811Z
KG33,PY18,4.90,4.90,4.30,2.40,4.90,2026-09-14T01:39:20.803Z
KG33,PY19,4.70,4.70,4.10,2.30,4.70,2026-09-14T01:39:20.795Z
KG33,PY20,4.30,4.30,3.80,2.10,4.30,2026-09-14T01:39:20.830Z
KG33,PY21,4.20,4.20,3.70,2.00,4.20,2026-09-14T01:39:20.809Z
KG33,PY22,4.00,4.00,3.50,1.90,4.00,2026-09-14T01:39:20.831Z
KG33,PY23,3.70,3.70,3.30,1.80,3.70,2026-09-14T01:39:20.970Z
KG33,PY24,4.20,4.20,3.70,2.10,4.20,2026-09-14T01:39:20.981Z
KG33,PY27,5.60,5.60,4.90,2.70,5.60,2026-09-14T01:39:20.970Z
KG33,PY28,6.00,6.00,5.20,2.90,6.00,2026-09-14T01:39:20.978Z
KG33,PY29,6.00,6.00,5.20,2.90,6.00,2026-09-14T01:39:20.980Z
KG33,PY31,6.50,6.50,5.70,3.20,6.50,2026-09-14T01:39:20.982Z
KG33,PY32,6.30,6.30,5.50,3.10,6.30,2026-09-14T01:39:20.997Z
KG33,PY33,6.50,6.50,5.60,3.20,6.50,2026-09-14T01:39:21.000Z
KG33,PY34,6.80,6.80,5.90,3.40,6.80,2026-09-14T01:39:21.141Z
KG33,PY36,6.80,6.80,5.90,3.40,6.80,2026-09-14T01:39:21.140Z
KG33,PY37,7.10,7.10,6.10,3.50,7.10,2026-09-14T01:39:21.153Z
KG33,PY38,6.50,6.50,5.60,3.20,6.50,2026-09-14T01:39:21.162Z
KG33,PY39,6.70,6.70,5.80,3.30,6.70,2026-09-14T01:39:21.153Z
KG33,PY40,6.80,6.80,5.90,3.40,6.80,2026-09-14T01:39:21.164Z
KG33,PY41,7.00,7.00,6.00,3.40,7.00,2026-09-14T01:39:21.175Z
KG33,SB1,11.90,11.90,10.10,5.90,11.90,2026-09-14T01:39:21.180Z
KG33,SB2,11.30,11.30,9.50,5.60,11.30,2026-09-14T01:39:21.307Z
KG33,SB3,10.60,10.60,9.00,5.30,10.60,2026-09-14T01:39:21.321Z
KG33,SB4,9.90,9.90,8.40,4.90,9.90,2026-09-14T01:39:21.326Z
KG33,SB5,9.20,9.20,7.80,4.60,9.20,2026-09-14T01:39:21.323Z
KG33,SB6,8.30,8.30,7.10,4.10,8.30,2026-09-14T01:39:21.323Z
KG33,SB7,7.50,7.50,6.40,3.70,7.50,2026-09-14T01:39:21.332Z
KG33,SP1,5.50,5.50,4.80,2.70,5.50,2026-09-14T01:39:21.333Z
KG33,SP10,4.50,4.50,4.00,2.20,4.50,2026-09-14T01:39:21.355Z
KG33,SP11,4.20,4.20,3.70,2.10,4.20,2026-09-14T01:39:21.481Z
KG33,SP12,4.60,4.60,4.00,2.30,4.60,2026-09-14T01:39:21.506Z
KG33,SP13,5.10,5.10,4.40,2.50,5.10,2026-09-14T01:39:21.491Z
KG33,SP14,5.40,5.40,4.70,2.70,5.40,2026-09-14T01:39:21.495Z
KG33,SP15,5.90,5.90,5.10,2.90,5.90,2026-09-14T01:39:21.499Z
KG33,SP16,6.00,6.00,5.20,2.90,6.00,2026-09-14T01:39:21.496Z
KG33,SP17,6.30,6.30,5.40,3.10,6.30,2026-09-14T01:39:21.494Z
KG33,SP18,6.50,6.50,5.60,3.20,6.50,2026-09-14T01:39:21.522Z
KG33,SP19,6.90,6.90,5.90,3.40,6.90,2026-09-14T01:39:21.648Z
KG33,SP2,5.30,5.30,4.60,2.60,5.30,2026-09-14T01:39:21.661Z
KG33,SP20,6.50,6.50,5.60,3.30,6.50,2026-09-14T01:39:21.665Z
KG33,SP21,6.80,6.80,5.80,3.40,6.80,2026-09-14T01:39:21.669Z
KG33,SP22,6.90,6.90,5.90,3.40,6.90,2026-09-14T01:39:21.665Z
KG33,SP24,6.80,6.80,5.90,3.40,6.80,2026-09-14T01:39:21.672Z
KG33,SP25,7.10,7.10,6.10,3.50,7.10,2026-09-14T01:39:21.684Z
KG33,SP26,6.80,6.80,5.80,3.40,6.80,2026-09-14T01:39:21.691Z
KG33,SP27,6.90,6.90,5.90,3.40,6.90,2026-09-14T01:39:21.824Z
KG33,SP28,6.70,6.70,5.70,3.30,6.70,2026-09-14T01:39:21.825Z
KG33,SP29,6.90,6.90,5.90,3.40,6.90,2026-09-14T01:39:21.846Z
KG33,SP3,5.10,5.10,4.50,2.50,5.10,2026-09-14T01:39:21.840Z
KG33,SP31,7.20,7.20,6.10,3.60,7.20,2026-09-14T01:39:21.849Z
KG33,SP4,5.00,5.00,4.30,2.40,5.00,2026-09-14T01:39:21.850Z
KG33,SP5,4.80,4.80,4.20,2.30,4.80,2026-09-14T01:39:21.852Z
KG33,SP6,4.60,4.60,4.00,2.20,4.60,2026-09-14T01:39:21.850Z
KG33,SP7,4.40,4.40,3.80,2.10,4.40,2026-09-14T01:39:21.995Z
KG33,SP8,4.10,4.10,3.60,2.00,4.10,2026-09-14T01:39:21.995Z
KG33,SP9,4.30,4.30,3.80,2.10,4.30,2026-09-14T01:39:22.010Z
KG34,KG35,1.20,1.20,1.20,0.60,1.20,2026-09-14T01:39:22.013Z
KG34,KJ1,7.30,7.30,6.20,3.60,7.30,2026-09-14T01:39:22.030Z
KG34,KJ10,5.50,5.50,4.80,2.70,5.50,2026-09-14T01:39:22.031Z
KG34,KJ11,5.20,5.20,4.50,2.50,5.20,2026-09-14T01:39:22.030Z
KG34,KJ12,4.90,4.90,4.20,2.40,4.90,2026-09-14T01:39:22.024Z
KG34,KJ13,4.50,4.50,3.90,2.20,4.50,2026-09-14T01:39:22.147Z
KG34,KJ14,4.30,4.30,3.80,2.10,4.30,2026-09-14T01:39:22.145Z
KG34,KJ15,4.80,4.80,4.20,2.30,4.80,2026-09-14T01:39:22.175Z
KG34,KJ16,5.10,5.10,4.50,2.50,5.10,2026-09-14T01:39:22.176Z
KG34,KJ17,5.50,5.50,4.80,2.70,5.50,2026-09-14T01:39:22.193Z
KG34,KJ18,5.50,5.50,4.80,2.70,5.50,2026-09-14T01:39:22.193Z
KG34,KJ19,5.70,5.70,5.00,2.80,5.70,2026-09-14T01:39:22.193Z
KG34,KJ2,7.00,7.00,6.00,3.40,7.00,2026-09-14T01:39:22.192Z
KG34,KJ20,6.40,6.40,5.50,3.10,6.40,2026-09-14T01:39:22.316Z
KG34,KJ21,6.60,6.60,5.70,3.30,6.60,2026-09-14T01:39:22.322Z
KG34,KJ22,6.50,6.50,5.70,3.20,6.50,2026-09-14T01:39:22.327Z
KG34,KJ23,6.80,6.80,5.90,3.40,6.80,2026-09-14T01:39:22.344Z
KG34,KJ24,7.10,7.10,6.10,3.50,7.10,2026-09-14T01:39:22.372Z
KG34,KJ25,6.90,6.90,5.90,3.40,6.90,2026-09-14T01:39:22.365Z
KG34,KJ26,7.00,7.00,6.10,3.50,7.00,2026-09-14T01:39:22.351Z
KG34,KJ27,7.30,7.30,6.30,3.60,7.30,2026-09-14T01:39:22.358Z
KG34,KJ28,7.30,7.30,6.20,3.60,7.30,2026-09-14T01:39:22.483Z
KG34,KJ29,7.10,7.10,6.10,3.50,7.10,2026-09-14T01:39:22.487Z
KG34,KJ3,7.00,7.00,6.00,3.50,7.00,2026-09-14T01:39:22.493Z
KG34,KJ30,7.30,7.30,6.30,3.60,7.30,2026-09-14T01:39:22.534Z
KG34,KJ31,7.60,7.60,6.50,3.70,7.60,2026-09-14T01:39:22.518Z
KG34,KJ32,7.20,7.20,6.10,3.50,7.20,2026-09-14T01:39:22.524Z
KG34,KJ33,7.00,7.00,6.00,3.40,7.00,2026-09-14T01:39:22.524Z
KG34,KJ34,7.10,7.10,6.10,3.50,7.10,2026-09-14T01:39:22.529Z
KG34,KJ35,7.30,7.30,6.30,3.60,7.30,2026-09-14T01:39:22.650Z
KG34,KJ36,7.50,7.50,6.40,3.70,7.50,2026-09-14T01:39:22.648Z
KG34,KJ37,7.40,7.40,6.20,3.70,7.40,2026-09-14T01:39:22.666Z
KG34,KJ4,6.80,6.80,5.80,3.30,6.80,2026-09-14T01:39:22.675Z
KG34,KJ5,6.60,6.60,5.60,3.20,6.60,2026-09-14T01:39:22.695Z
KG34,KJ6,6.30,6.30,5.40,3.10,6.30,2026-09-14T01:39:22.699Z
KG34,KJ7,6.10,6.10,5.30,3.00,6.10,2026-09-14T01:39:22.691Z
KG34,KJ8,5.90,5.90,5.10,2.90,5.90,2026-09-14T01:39:22.703Z
KG34,KJ9,5.60,5.60,4.90,2.80,5.60,2026-09-14T01:39:22.829Z
KG34,MR1,6.30,6.30,5.50,3.20,6.30,2026-09-14T01:39:22.825Z
KG34,MR10,6.00,6.00,5.20,2.90,6.00,2026-09-14T01:39:22.833Z
KG34,MR11,5.30,5.30,4.60,2.60,5.30,2026-09-14T01:39:22.831Z
KG34,MR2,6.00,6.00,5.20,3.00,6.00,2026-09-14T01:39:22.850Z
KG34,MR3,5.00,5.00,4.40,2.50,5.00,2026-09-14T01:39:22.862Z
KG34,MR4,4.40,4.40,3.90,2.20,4.40,2026-09-14T01:39:22.865Z
KG34,MR5,4.70,4.70,4.10,2.30,4.70,2026-09-14T01:39:22.870Z
KG34,MR6,5.00,5.00,4.40,2.50,5.00,2026-09-14T01:39:22.986Z
KG34,MR7,5.40,5.40,4.70,2.70,5.40,2026-09-14T01:39:22.989Z
KG34,MR8,5.90,5.90,5.20,3.00,5.90,2026-09-14T01:39:23.004Z
KG34,MR9,6.40,6.40,5.60,3.20,6.40,2026-09-14T01:39:23.023Z
KG34,PY01,5.80,5.80,5.00,2.80,5.80,2026-09-14T01:39:23.023Z
KG34,PY03,6.60,6.60,5.70,3.20,6.60,2026-09-14T01:39:23.034Z
KG34,PY04,7.00,7.00,6.00,3.40,7.00,2026-09-14T01:39:23.030Z
KG34,PY05,6.90,6.90,5.90,3.40,6.90,2026-09-14T01:39:23.034Z
KG34,PY06,7.30,7.30,6.20,3.60,7.30,2026-09-14T01:39:23.168Z
KG34,PY07,7.00,7.00,6.00,3.50,7.00,2026-09-14T01:39:23.166Z
KG34,PY08,6.80,6.80,5.80,3.30,6.80,2026-09-14T01:39:23.176Z
KG34,PY09,6.50,6.50,5.50,3.20,6.50,2026-09-14T01:39:23.192Z
KG34,PY10,6.80,6.80,5.80,3.30,6.80,2026-09-14T01:39:23.192Z
KG34,PY11,6.60,6.60,5.60,3.20,6.60,2026-09-14T01:39:23.195Z
KG34,PY12,6.30,6.30,5.40,3.10,6.30,2026-09-14T01:39:23.194Z
KG34,PY13,6.10,6.10,5.20,3.00,6.10,2026-09-14T01:39:23.210Z
KG34,PY14,6.20,6.20,5.30,3.10,6.20,2026-09-14T01:39:23.336Z
KG34,PY15,6.00,6.00,5.20,3.00,6.00,2026-09-14T01:39:23.336Z
KG34,PY16,5.70,5.70,4.90,2.80,5.70,2026-09-14T01:39:23.343Z
KG34,PY17,5.30,5.30,4.60,2.60,5.30,2026-09-14T01:39:23.359Z
KG34,PY18,5.10,5.10,4.40,2.50,5.10,2026-09-14T01:39:23.364Z
KG34,PY19,4.90,4.90,4.20,2.40,4.90,2026-09-14T01:39:23.362Z
KG34,PY20,4.50,4.50,3.90,2.20,4.50,2026-09-14T01:39:23.374Z
KG34,PY21,4.40,4.40,3.80,2.10,4.40,2026-09-14T01:39:23.374Z
KG34,PY22,4.20,4.20,3.60,2.00,4.20,2026-09-14T01:39:23.502Z
KG34,PY23,3.90,3.90,3.40,1.90,3.90,2026-09-14T01:39:23.502Z
KG34,PY24,4.40,4.40,3.80,2.20,4.40,2026-09-14T01:39:23.526Z
KG34,PY27,5.80,5.80,5.00,2.80,5.80,2026-09-14T01:39:23.538Z
KG34,PY28,6.20,6.20,5.30,3.00,6.20,2026-09-14T01:39:23.514Z
KG34,PY29,6.20,6.20,5.30,3.00,6.20,2026-09-14T01:39:23.539Z
KG34,PY31,6.70,6.70,5.80,3.30,6.70,2026-09-14T01:39:23.538Z
KG34,PY32,6.50,6.50,5.60,3.20,6.50,2026-09-14T01:39:23.540Z
KG34,PY33,6.70,6.70,5.70,3.30,6.70,2026-09-14T01:39:23.689Z
KG34,PY34,7.00,7.00,6.00,3.50,7.00,2026-09-14T01:39:23.694Z
KG34,PY36,7.00,7.00,6.00,3.50,7.00,2026-09-14T01:39:23.670Z
KG34,PY37,7.30,7.30,6.20,3.60,7.30,2026-09-14T01:39:23.687Z
KG34,PY38,6.70,6.70,5.70,3.30,6.70,2026-09-14T01:39:23.706Z
KG34,PY39,6.90,6.90,5.90,3.40,6.90,2026-09-14T01:39:23.703Z
KG34,PY40,7.00,7.00,6.00,3.50,7.00,2026-09-14T01:39:23.705Z
KG34,PY41,7.20,7.20,6.10,3.50,7.20,2026-09-14T01:39:23.694Z
KG34,SB1,12.00,12.00,10.20,5.90,12.00,2026-09-14T01:39:23.838Z
KG34,SB2,11.40,11.40,9.60,5.60,11.40,2026-09-14T01:39:23.870Z
KG34,SB3,10.70,10.70,9.10,5.30,10.70,2026-09-14T01:39:23.861Z
KG34,SB4,10.00,10.00,8.50,4.90,10.00,2026-09-14T01:39:23.851Z
KG34,SB5,9.30,9.30,7.90,4.60,9.30,2026-09-14T01:39:23.863Z
KG34,SB6,8.40,8.40,7.20,4.10,8.40,2026-09-14T01:39:23.870Z
KG34,SB7,7.60,7.60,6.50,3.70,7.60,2026-09-14T01:39:23.865Z
KG34,SP1,5.60,5.60,4.90,2.80,5.60,2026-09-14T01:39:23.874Z
KG34,SP10,4.70,4.70,4.10,2.30,4.70,2026-09-14T01:39:24.010Z
KG34,SP11,4.40,4.40,3.80,2.20,4.40,2026-09-14T01:39:24.009Z
KG34,SP12,4.80,4.80,4.10,2.40,4.80,2026-09-14T01:39:24.025Z
KG34,SP13,5.30,5.30,4.50,2.60,5.30,2026-09-14T01:39:24.029Z
KG34,SP14,5.60,5.60,4.80,2.80,5.60,2026-09-14T01:39:24.025Z
KG34,SP15,6.10,6.10,5.20,3.00,6.10,2026-09-14T01:39:24.041Z
KG34,SP16,6.20,6.20,5.30,3.00,6.20,2026-09-14T01:39:24.043Z
KG34,SP17,6.50,6.50,5.50,3.20,6.50,2026-09-14T01:39:24.045Z
KG34,SP18,6.70,6.70,5.70,3.30,6.70,2026-09-14T01:39:24.187Z
KG34,SP19,7.00,7.00,6.00,3.50,7.00,2026-09-14T01:39:24.199Z
KG34,SP2,5.40,5.40,4.70,2.70,5.40,2026-09-14T01:39:24.207Z
KG34,SP20,6.70,6.70,5.70,3.40,6.70,2026-09-14T01:39:24.224Z
KG34,SP21,7.00,7.00,5.90,3.50,7.00,2026-09-14T01:39:24.204Z
KG34,SP22,7.00,7.00,6.00,3.50,7.00,2026-09-14T01:39:24.219Z
KG34,SP24,7.00,7.00,6.00,3.50,7.00,2026-09-14T01:39:24.226Z
KG34,SP25,7.30,7.30,6.20,3.60,7.30,2026-09-14T01:39:24.224Z
KG34,SP26,6.90,6.90,5.90,3.50,6.90,2026-09-14T01:39:24.349Z
KG34,SP27,7.00,7.00,6.00,3.50,7.00,2026-09-14T01:39:24.371Z
KG34,SP28,6.90,6.90,5.80,3.40,6.90,2026-09-14T01:39:24.363Z
KG34,SP29,7.10,7.10,6.00,3.50,7.10,2026-09-14T01:39:24.365Z
KG34,SP3,5.30,5.30,4.60,2.60,5.30,2026-09-14T01:39:24.366Z
KG34,SP31,7.40,7.40,6.20,3.70,7.40,2026-09-14T01:39:24.392Z
KG34,SP4,5.10,5.10,4.40,2.50,5.10,2026-09-14T01:39:24.392Z
KG34,SP5,4.90,4.90,4.30,2.40,4.90,2026-09-14T01:39:24.392Z
KG34,SP6,4.70,4.70,4.10,2.30,4.70,2026-09-14T01:39:24.525Z
KG34,SP7,4.50,4.50,3.90,2.20,4.50,2026-09-14T01:39:24.547Z
KG34,SP8,4.20,4.20,3.70,2.10,4.20,2026-09-14T01:39:24.548Z
KG34,SP9,4.40,4.40,3.90,2.20,4.40,2026-09-14T01:39:24.547Z
KG35,KJ1,6.60,6.60,5.60,3.20,6.60,2026-09-14T01:39:24.545Z
KG35,KJ10,4.80,4.80,4.20,2.30,4.80,2026-09-14T01:39:24.549Z
KG35,KJ11,4.60,4.60,3.90,2.10,4.60,2026-09-14T01:39:24.565Z
KG35,KJ12,4.30,4.30,3.60,2.00,4.30,2026-09-14T01:39:24.565Z
KG35,KJ13,3.90,3.90,3.30,1.80,3.90,2026-09-14T01:39:24.688Z
KG35,KJ14,3.60,3.60,3.20,1.80,3.60,2026-09-14T01:39:24.709Z
KG35,KJ15,4.10,4.10,3.60,2.00,4.10,2026-09-14T01:39:24.707Z
KG35,KJ16,4.40,4.40,3.90,2.20,4.40,2026-09-14T01:39:24.702Z
KG35,KJ17,4.80,4.80,4.20,2.40,4.80,2026-09-14T01:39:24.721Z
KG35,KJ18,4.80,4.80,4.20,2.40,4.80,2026-09-14T01:39:24.719Z
KG35,KJ19,5.00,5.00,4.40,2.50,5.00,2026-09-14T01:39:24.728Z
KG35,KJ2,6.30,6.30,5.40,3.10,6.30,2026-09-14T01:39:24.726Z
KG35,KJ20,5.70,5.70,4.90,2.80,5.70,2026-09-14T01:39:24.869Z
KG35,KJ21,5.90,5.90,5.10,2.90,5.90,2026-09-14T01:39:24.860Z
KG35,KJ22,5.80,5.80,5.10,2.90,5.80,2026-09-14T01:39:24.875Z
KG35,KJ23,6.10,6.10,5.30,3.10,6.10,2026-09-14T01:39:24.874Z
KG35,KJ24,6.40,6.40,5.50,3.20,6.40,2026-09-14T01:39:24.919Z
KG35,KJ25,6.20,6.20,5.30,3.10,6.20,2026-09-14T01:39:24.918Z
KG35,KJ26,6.30,6.30,5.50,3.20,6.30,2026-09-14T01:39:24.923Z
KG35,KJ27,6.60,6.60,5.70,3.30,6.60,2026-09-14T01:39:24.917Z
KG35,KJ28,6.70,6.70,5.60,3.20,6.70,2026-09-14T01:39:25.031Z
KG35,KJ29,6.40,6.40,5.50,3.20,6.40,2026-09-14T01:39:25.042Z
KG35,KJ3,6.40,6.40,5.40,3.10,6.40,2026-09-14T01:39:25.044Z
KG35,KJ30,6.60,6.60,5.70,3.30,6.60,2026-09-14T01:39:25.044Z
KG35,KJ31,6.90,6.90,5.90,3.40,6.90,2026-09-14T01:39:25.076Z
KG35,KJ32,6.60,6.60,5.50,3.10,6.60,2026-09-14T01:39:25.076Z
KG35,KJ33,6.30,6.30,5.40,3.10,6.30,2026-09-14T01:39:25.071Z
KG35,KJ34,6.40,6.40,5.50,3.20,6.40,2026-09-14T01:39:25.079Z
KG35,KJ35,6.60,6.60,5.70,3.30,6.60,2026-09-14T01:39:25.209Z
KG35,KJ36,6.80,6.80,5.80,3.40,6.80,2026-09-14T01:39:25.207Z
KG35,KJ37,6.90,6.90,5.90,3.40,6.90,2026-09-14T01:39:25.205Z
KG35,KJ4,6.10,6.10,5.20,2.90,6.10,2026-09-14T01:39:25.211Z
KG35,KJ5,6.00,6.00,5.00,2.80,6.00,2026-09-14T01:39:25.229Z
KG35,KJ6,5.70,5.70,4.80,2.70,5.70,2026-09-14T01:39:25.251Z
KG35,KJ7,5.50,5.50,4.70,2.60,5.50,2026-09-14T01:39:25.251Z
KG35,KJ8,5.30,5.30,4.50,2.50,5.30,2026-09-14T01:39:25.248Z
KG35,KJ9,5.00,5.00,4.30,2.40,5.00,2026-09-14T01:39:25.377Z
KG35,MR1,5.70,5.70,4.90,2.80,5.70,2026-09-14T01:39:25.379Z
KG35,MR10,5.40,5.40,4.60,2.60,5.40,2026-09-14T01:39:25.378Z
KG35,MR11,4.80,4.80,4.10,2.30,4.80,2026-09-14T01:39:25.374Z
KG35,MR2,5.40,5.40,4.60,2.60,5.40,2026-09-14T01:39:25.391Z
KG35,MR3,4.40,4.40,3.80,2.10,4.40,2026-09-14T01:39:25.421Z
KG35,MR4,3.80,3.80,3.30,1.80,3.80,2026-09-14T01:39:25.421Z
KG35,MR5,4.10,4.10,3.50,1.90,4.10,2026-09-14T01:39:25.417Z
KG35,MR6,4.40,4.40,3.80,2.10,4.40,2026-09-14T01:39:25.542Z
KG35,MR7,4.80,4.80,4.10,2.30,4.80,2026-09-14T01:39:25.544Z
KG35,MR8,5.30,5.30,4.60,2.60,5.30,2026-09-14T01:39:25.541Z
KG35,MR9,5.80,5.80,5.00,2.80,5.80,2026-09-14T01:39:25.542Z
KG35,PY01,5.90,5.90,5.10,2.90,5.90,2026-09-14T01:39:25.557Z
KG35,PY03,6.70,6.70,5.80,3.30,6.70,2026-09-14T01:39:25.584Z
KG35,PY04,7.10,7.10,6.10,3.50,7.10,2026-09-14T01:39:25.585Z
KG35,PY05,7.10,7.10,6.00,3.50,7.10,2026-09-14T01:39:25.591Z
KG35,PY06,7.30,7.30,6.20,3.60,7.30,2026-09-14T01:39:25.716Z
KG35,PY07,7.00,7.00,6.00,3.50,7.00,2026-09-14T01:39:25.713Z
KG35,PY08,7.00,7.00,5.90,3.40,7.00,2026-09-14T01:39:25.709Z
KG35,PY09,6.70,6.70,5.60,3.30,6.70,2026-09-14T01:39:25.717Z
KG35,PY10,6.90,6.90,5.90,3.40,6.90,2026-09-14T01:39:25.728Z
KG35,PY11,6.70,6.70,5.70,3.20,6.70,2026-09-14T01:39:25.757Z
KG35,PY12,6.40,6.40,5.40,3.10,6.40,2026-09-14T01:39:25.756Z
KG35,PY13,6.10,6.10,5.20,2.90,6.10,2026-09-14T01:39:25.757Z
KG35,PY14,5.90,5.90,5.00,2.80,5.90,2026-09-14T01:39:25.864Z
KG35,PY15,5.60,5.60,4.80,2.70,5.60,2026-09-14T01:39:25.888Z
KG35,PY16,5.20,5.20,4.50,2.50,5.20,2026-09-14T01:39:25.879Z
KG35,PY17,4.80,4.80,4.10,2.30,4.80,2026-09-14T01:39:25.885Z
KG35,PY18,5.00,5.00,4.30,2.40,5.00,2026-09-14T01:39:25.896Z
KG35,PY19,5.10,5.10,4.30,2.50,5.10,2026-09-14T01:39:25.913Z
KG35,PY20,4.70,4.70,4.00,2.30,4.70,2026-09-14T01:39:25.914Z
KG35,PY21,4.60,4.60,3.90,2.20,4.60,2026-09-14T01:39:25.911Z
KG35,PY22,4.40,4.40,3.70,2.10,4.40,2026-09-14T01:39:26.026Z
KG35,PY23,4.10,4.10,3.50,2.00,4.10,2026-09-14T01:39:26.042Z
KG35,PY24,4.30,4.30,3.70,2.10,4.30,2026-09-14T01:39:26.047Z
KG35,PY27,5.70,5.70,4.90,2.80,5.70,2026-09-14T01:39:26.052Z
KG35,PY28,6.10,6.10,5.20,3.00,6.10,2026-09-14T01:39:26.067Z
KG35,PY29,5.90,5.90,5.10,2.90,5.90,2026-09-14T01:39:26.088Z
KG35,PY31,6.70,6.70,5.70,3.30,6.70,2026-09-14T01:39:26.088Z
KG35,PY32,6.70,6.70,5.70,3.30,6.70,2026-09-14T01:39:26.097Z
KG35,PY33,6.90,6.90,5.80,3.40,6.90,2026-09-14T01:39:26.196Z
KG35,PY34,7.10,7.10,6.00,3.50,7.10,2026-09-14T01:39:26.209Z
KG35,PY36,7.20,7.20,6.10,3.50,7.20,2026-09-14T01:39:26.206Z
KG35,PY37,7.40,7.40,6.30,3.70,7.40,2026-09-14T01:39:26.221Z
KG35,PY38,6.90,6.90,5.80,3.40,6.90,2026-09-14T01:39:26.242Z
KG35,PY39,7.10,7.10,6.00,3.50,7.10,2026-09-14T01:39:26.244Z
KG35,PY40,7.20,7.20,6.10,3.60,7.20,2026-09-14T01:39:26.244Z
KG35,PY41,7.40,7.40,6.20,3.60,7.40,2026-09-14T01:39:26.260Z
KG35,SB1,11.30,11.30,9.60,5.60,11.30,2026-09-14T01:39:26.360Z
KG35,SB2,10.70,10.70,9.00,5.30,10.70,2026-09-14T01:39:26.377Z
KG35,SB3,10.00,10.00,8.50,5.00,10.00,2026-09-14T01:39:26.377Z
KG35,SB4,9.30,9.30,7.90,4.60,9.30,2026-09-14T01:39:26.393Z
KG35,SB5,8.60,8.60,7.30,4.30,8.60,2026-09-14T01:39:26.402Z
KG35,SB6,7.70,7.70,6.60,3.80,7.70,2026-09-14T01:39:26.403Z
KG35,SB7,6.90,6.90,5.90,3.40,6.90,2026-09-14T01:39:26.406Z
KG35,SP1,5.00,5.00,4.30,2.40,5.00,2026-09-14T01:39:26.413Z
KG35,SP10,4.10,4.10,3.50,1.90,4.10,2026-09-14T01:39:26.533Z
KG35,SP11,4.30,4.30,3.70,2.10,4.30,2026-09-14T01:39:26.553Z
KG35,SP12,4.30,4.30,3.80,2.10,4.30,2026-09-14T01:39:26.552Z
KG35,SP13,4.80,4.80,4.20,2.30,4.80,2026-09-14T01:39:26.571Z
KG35,SP14,5.10,5.10,4.50,2.50,5.10,2026-09-14T01:39:26.575Z
KG35,SP15,5.60,5.60,4.80,2.70,5.60,2026-09-14T01:39:26.572Z
KG35,SP16,5.90,5.90,5.10,2.90,5.90,2026-09-14T01:39:26.585Z
KG35,SP17,6.00,6.00,5.20,2.90,6.00,2026-09-14T01:39:26.584Z
KG35,SP18,6.20,6.20,5.40,3.00,6.20,2026-09-14T01:39:26.714Z
KG35,SP19,6.40,6.40,5.40,3.10,6.40,2026-09-14T01:39:26.726Z
KG35,SP2,4.80,4.80,4.10,2.30,4.80,2026-09-14T01:39:26.733Z
KG35,SP20,6.20,6.20,5.40,3.10,6.20,2026-09-14T01:39:26.736Z
KG35,SP21,6.50,6.50,5.60,3.20,6.50,2026-09-14T01:39:26.739Z
KG35,SP22,6.40,6.40,5.40,3.10,6.40,2026-09-14T01:39:26.738Z
KG35,SP24,6.50,6.50,5.70,3.20,6.50,2026-09-14T01:39:26.751Z
KG35,SP25,6.60,6.60,5.70,3.30,6.60,2026-09-14T01:39:26.759Z
KG35,SP26,6.30,6.30,5.30,3.10,6.30,2026-09-14T01:39:26.882Z
KG35,SP27,6.40,6.40,5.40,3.10,6.40,2026-09-14T01:39:26.876Z
KG35,SP28,6.40,6.40,5.50,3.10,6.40,2026-09-14T01:39:26.915Z
KG35,SP29,6.60,6.60,5.70,3.20,6.60,2026-09-14T01:39:26.910Z
KG35,SP3,4.80,4.80,4.10,2.30,4.80,2026-09-14T01:39:26.913Z
KG35,SP31,6.90,6.90,5.90,3.40,6.90,2026-09-14T01:39:26.911Z
KG35,SP4,4.50,4.50,3.80,2.10,4.50,2026-09-14T01:39:26.920Z
KG35,SP5,4.30,4.30,3.70,2.00,4.30,2026-09-14T01:39:26.919Z
KG35,SP6,4.10,4.10,3.50,1.90,4.10,2026-09-14T01:39:27.032Z
KG35,SP7,3.90,3.90,3.30,1.80,3.90,2026-09-14T01:39:27.023Z
KG35,SP8,3.60,3.60,3.10,1.70,3.60,2026-09-14T01:39:27.069Z
KG35,SP9,3.80,3.80,3.30,1.80,3.80,2026-09-14T01:39:27.067Z
KJ1,KJ10,3.50,3.50,3.00,1.70,3.50,2026-09-14T01:39:27.088Z
KJ1,KJ11,3.70,3.70,3.20,1.80,3.70,2026-09-14T01:39:27.087Z
KJ1,KJ12,3.40,3.40,3.00,1.70,3.40,2026-09-14T01:39:27.081Z
KJ1,KJ13,3.70,3.70,3.20,1.80,3.70,2026-09-14T01:39:27.086Z
KJ1,KJ14,3.90,3.90,3.40,1.90,3.90,2026-09-14T01:39:27.198Z
KJ1,KJ15,4.10,4.10,3.60,2.00,4.10,2026-09-14T01:39:27.198Z
KJ1,KJ16,4.30,4.30,3.70,2.10,4.30,2026-09-14T01:39:27.232Z
KJ1,KJ17,4.30,4.30,3.70,2.10,4.30,2026-09-14T01:39:27.231Z
KJ1,KJ18,3.90,3.90,3.40,1.90,3.90,2026-09-14T01:39:27.247Z
KJ1,KJ19,4.00,4.00,3.50,2.00,4.00,2026-09-14T01:39:27.239Z
KJ1,KJ2,1.30,1.30,1.20,0.60,1.30,2026-09-14T01:39:27.241Z
KJ1,KJ20,3.50,3.50,3.10,1.70,3.50,2026-09-14T01:39:27.251Z
KJ1,KJ21,3.60,3.60,3.20,1.80,3.60,2026-09-14T01:39:27.365Z
KJ1,KJ22,3.80,3.80,3.30,1.80,3.80,2026-09-14T01:39:27.362Z
KJ1,KJ23,3.90,3.90,3.40,1.90,3.90,2026-09-14T01:39:27.416Z
KJ1,KJ24,4.00,4.00,3.50,2.00,4.00,2026-09-14T01:39:27.411Z
KJ1,KJ25,4.20,4.20,3.70,2.10,4.20,2026-09-14T01:39:27.420Z
KJ1,KJ26,4.50,4.50,3.90,2.20,4.50,2026-09-14T01:39:27.411Z
KJ1,KJ27,4.60,4.60,4.00,2.30,4.60,2026-09-14T01:39:27.419Z
KJ1,KJ28,4.80,4.80,4.20,2.40,4.80,2026-09-14T01:39:27.407Z
KJ1,KJ29,5.00,5.00,4.30,2.40,5.00,2026-09-14T01:39:27.530Z
KJ1,KJ3,1.90,1.90,1.70,1.00,1.90,2026-09-14T01:39:27.529Z
KJ1,KJ30,5.10,5.10,4.40,2.50,5.10,2026-09-14T01:39:27.576Z
KJ1,KJ31,5.30,5.30,4.60,2.60,5.30,2026-09-14T01:39:27.582Z
KJ1,KJ32,5.40,5.40,4.60,2.60,5.40,2026-09-14T01:39:27.580Z
KJ1,KJ33,5.50,5.50,4.80,2.70,5.50,2026-09-14T01:39:27.573Z
KJ1,KJ34,5.70,5.70,4.90,2.80,5.70,2026-09-14T01:39:27.579Z
KJ1,KJ35,5.90,5.90,5.00,2.90,5.90,2026-09-14T01:39:27.577Z
KJ1,KJ36,6.00,6.00,5.20,3.00,6.00,2026-09-14T01:39:27.696Z
KJ1,KJ37,6.20,6.20,5.30,3.10,6.20,2026-09-14T01:39:27.696Z
KJ1,KJ4,2.00,2.00,1.80,1.00,2.00,2026-09-14T01:39:27.744Z
KJ1,KJ5,2.80,2.80,2.50,1.40,2.80,2026-09-14T01:39:27.737Z
KJ1,KJ6,3.00,3.00,2.70,1.50,3.00,2026-09-14T01:39:27.741Z
KJ1,KJ7,2.90,2.90,2.50,1.40,2.90,2026-09-14T01:39:27.741Z
KJ1,KJ8,3.00,3.00,2.70,1.50,3.00,2026-09-14T01:39:27.739Z
KJ1,KJ9,3.30,3.30,2.90,1.60,3.30,2026-09-14T01:39:27.741Z
KJ1,MR1,6.10,6.10,5.20,3.00,6.10,2026-09-14T01:39:27.868Z
KJ1,MR10,5.30,5.30,4.50,2.50,5.30,2026-09-14T01:39:27.868Z
KJ1,MR11,4.60,4.60,3.90,2.20,4.60,2026-09-14T01:39:27.900Z
KJ1,MR2,5.80,5.80,4.90,2.80,5.80,2026-09-14T01:39:27.892Z
KJ1,MR3,4.80,4.80,4.10,2.30,4.80,2026-09-14T01:39:27.914Z
KJ1,MR4,4.20,4.20,3.60,2.00,4.20,2026-09-14T01:39:27.912Z
KJ1,MR5,4.50,4.50,3.80,2.10,4.50,2026-09-14T01:39:27.917Z
KJ1,MR6,4.80,4.80,4.10,2.30,4.80,2026-09-14T01:39:27.906Z
KJ1,MR7,5.20,5.20,4.40,2.50,5.20,2026-09-14T01:39:28.035Z
KJ1,MR8,5.70,5.70,4.90,2.80,5.70,2026-09-14T01:39:28.036Z
KJ1,MR9,5.90,5.90,5.00,2.90,5.90,2026-09-14T01:39:28.052Z
KJ1,PY01,7.00,7.00,6.00,3.40,7.00,2026-09-14T01:39:28.068Z
KJ1,PY03,7.50,7.50,6.40,3.70,7.50,2026-09-14T01:39:28.069Z
KJ1,PY04,7.60,7.60,6.40,3.70,7.60,2026-09-14T01:39:28.073Z
KJ1,PY05,7.40,7.40,6.20,3.60,7.40,2026-09-14T01:39:28.069Z
KJ1,PY06,7.50,7.50,6.30,3.70,7.50,2026-09-14T01:39:28.073Z
KJ1,PY07,7.20,7.20,6.10,3.50,7.20,2026-09-14T01:39:28.190Z
KJ1,PY08,6.90,6.90,5.80,3.40,6.90,2026-09-14T01:39:28.198Z
KJ1,PY09,7.00,7.00,5.90,3.40,7.00,2026-09-14T01:39:28.233Z
KJ1,PY10,6.70,6.70,5.70,3.30,6.70,2026-09-14T01:39:28.234Z
KJ1,PY11,6.50,6.50,5.50,3.10,6.50,2026-09-14T01:39:28.241Z
KJ1,PY12,6.20,6.20,5.20,3.00,6.20,2026-09-14T01:39:28.240Z
KJ1,PY13,5.90,5.90,5.00,2.80,5.90,2026-09-14T01:39:28.241Z
KJ1,PY14,5.70,5.70,4.80,2.70,5.70,2026-09-14T01:39:28.246Z
KJ1,PY15,5.40,5.40,4.60,2.60,5.40,2026-09-14T01:39:28.363Z
KJ1,PY16,5.00,5.00,4.30,2.40,5.00,2026-09-14T01:39:28.362Z
KJ1,PY17,4.60,4.60,3.90,2.20,4.60,2026-09-14T01:39:28.408Z
KJ1,PY18,4.80,4.80,4.10,2.30,4.80,2026-09-14T01:39:28.415Z
KJ1,PY19,5.20,5.20,4.40,2.50,5.20,2026-09-14T01:39:28.408Z
KJ1,PY20,5.50,5.50,4.70,2.70,5.50,2026-09-14T01:39:28.411Z
KJ1,PY21,5.40,5.40,4.60,2.60,5.40,2026-09-14T01:39:28.413Z
KJ1,PY22,5.20,5.20,4.40,2.50,5.20,2026-09-14T01:39:28.407Z
KJ1,PY23,4.80,4.80,4.10,2.30,4.80,2026-09-14T01:39:28.530Z
KJ1,PY24,4.80,4.80,4.10,2.30,4.80,2026-09-14T01:39:28.533Z
KJ1,PY27,6.20,6.20,5.30,3.00,6.20,2026-09-14T01:39:28.573Z
KJ1,PY28,6.60,6.60,5.60,3.20,6.60,2026-09-14T01:39:28.574Z
KJ1,PY29,6.20,6.20,5.30,3.10,6.20,2026-09-14T01:39:28.581Z
KJ1,PY31,7.00,7.00,5.90,3.50,7.00,2026-09-14T01:39:28.577Z
KJ1,PY32,7.30,7.30,6.20,3.60,7.30,2026-09-14T01:39:28.585Z
KJ1,PY33,7.50,7.50,6.40,3.70,7.50,2026-09-14T01:39:28.577Z
KJ1,PY34,7.60,7.60,6.40,3.70,7.60,2026-09-14T01:39:28.699Z
KJ1,PY36,7.50,7.50,6.30,3.70,7.50,2026-09-14T01:39:28.701Z
KJ1,PY37,7.70,7.70,6.50,3.80,7.70,2026-09-14T01:39:28.749Z
KJ1,PY38,7.70,7.70,6.50,3.80,7.70,2026-09-14T01:39:28.771Z
KJ1,PY39,7.60,7.60,6.40,3.70,7.60,2026-09-14T01:39:28.752Z
KJ1,PY40,7.80,7.80,6.60,3.80,7.80,2026-09-14T01:39:28.744Z
KJ1,PY41,7.90,7.90,6.70,3.80,7.90,2026-09-14T01:39:28.752Z
KJ1,SB1,9.70,9.70,8.30,4.80,9.70,2026-09-14T01:39:28.747Z
KJ1,SB2,9.10,9.10,7.70,4.50,9.10,2026-09-14T01:39:28.866Z
KJ1,SB3,8.40,8.40,7.20,4.20,8.40,2026-09-14T01:39:28.866Z
KJ1,SB4,7.70,7.70,6.60,3.80,7.70,2026-09-14T01:39:28.912Z
KJ1,SB5,7.00,7.00,6.00,3.50,7.00,2026-09-14T01:39:28.906Z
KJ1,SB6,6.10,6.10,5.30,3.00,6.10,2026-09-14T01:39:28.922Z
KJ1,SB7,5.30,5.30,4.60,2.60,5.30,2026-09-14T01:39:28.910Z
KJ1,SP1,4.90,4.90,4.20,2.40,4.90,2026-09-14T01:39:28.909Z
KJ1,SP10,4.50,4.50,3.80,2.20,4.50,2026-09-14T01:39:28.940Z
KJ1,SP11,4.80,4.80,4.10,2.30,4.80,2026-09-14T01:39:29.268Z
KJ1,SP12,5.10,5.10,4.40,2.50,5.10,2026-09-14T01:39:29.043Z
KJ1,SP13,5.50,5.50,4.70,2.70,5.50,2026-09-14T01:39:29.067Z
KJ1,SP14,6.00,6.00,5.10,2.90,6.00,2026-09-14T01:39:29.072Z
KJ1,SP15,5.90,5.90,5.10,2.90,5.90,2026-09-14T01:39:29.086Z
KJ1,SP16,6.20,6.20,5.30,3.10,6.20,2026-09-14T01:39:29.084Z
KJ1,SP17,6.70,6.70,5.70,3.30,6.70,2026-09-14T01:39:29.082Z
KJ1,SP18,6.30,6.30,5.40,3.10,6.30,2026-09-14T01:39:29.087Z
KJ1,SP19,6.70,6.70,5.70,3.30,6.70,2026-09-14T01:39:29.208Z
KJ1,SP2,4.80,4.80,4.10,2.30,4.80,2026-09-14T01:39:29.241Z
KJ1,SP20,6.80,6.80,5.80,3.40,6.80,2026-09-14T01:39:29.242Z
KJ1,SP21,7.10,7.10,6.00,3.50,7.10,2026-09-14T01:39:29.251Z
KJ1,SP22,6.60,6.60,5.60,3.30,6.60,2026-09-14T01:39:29.249Z
KJ1,SP24,7.00,7.00,6.00,3.50,7.00,2026-09-14T01:39:29.248Z
KJ1,SP25,6.40,6.40,5.40,3.10,6.40,2026-09-14T01:39:29.257Z
KJ1,SP26,6.50,6.50,5.50,3.20,6.50,2026-09-14T01:39:29.389Z
KJ1,SP27,6.60,6.60,5.60,3.20,6.60,2026-09-14T01:39:29.414Z
KJ1,SP28,6.70,6.70,5.70,3.30,6.70,2026-09-14T01:39:29.414Z
KJ1,SP29,6.90,6.90,5.90,3.40,6.90,2026-09-14T01:39:29.413Z
KJ1,SP3,4.60,4.60,3.90,2.20,4.60,2026-09-14T01:39:29.415Z
KJ1,SP31,6.20,6.20,5.30,3.10,6.20,2026-09-14T01:39:29.414Z
KJ1,SP4,4.30,4.30,3.70,2.10,4.30,2026-09-14T01:39:29.424Z
KJ1,SP5,4.10,4.10,3.50,2.00,4.10,2026-09-14T01:39:29.431Z
KJ1,SP6,3.90,3.90,3.40,1.90,3.90,2026-09-14T01:39:29.546Z
KJ1,SP7,3.70,3.70,3.20,1.80,3.70,2026-09-14T01:39:29.586Z
KJ1,SP8,4.00,4.00,3.40,1.90,4.00,2026-09-14T01:39:29.586Z
KJ1,SP9,4.20,4.20,3.60,2.00,4.20,2026-09-14T01:39:29.584Z
KJ10,KJ11,1.10,1.10,1.10,0.60,1.10,2026-09-14T01:39:29.585Z
KJ10,KJ12,1.50,1.50,1.30,0.70,1.50,2026-09-14T01:39:29.588Z
KJ10,KJ13,1.80,1.80,1.70,0.90,1.80,2026-09-14T01:39:29.585Z
KJ10,KJ14,2.00,2.00,1.80,1.00,2.00,2026-09-14T01:39:29.587Z
KJ10,KJ15,2.40,2.40,2.10,1.20,2.40,2026-09-14T01:39:29.722Z
KJ10,KJ16,2.70,2.70,2.40,1.30,2.70,2026-09-14T01:39:29.750Z
KJ10,KJ17,3.00,3.00,2.70,1.50,3.00,2026-09-14T01:39:29.754Z
KJ10,KJ18,2.90,2.90,2.60,1.40,2.90,2026-09-14T01:39:29.759Z
KJ10,KJ19,3.10,3.10,2.70,1.50,3.10,2026-09-14T01:39:29.754Z
KJ10,KJ2,3.10,3.10,2.70,1.50,3.10,2026-09-14T01:39:29.753Z
KJ10,KJ20,3.60,3.60,3.10,1.70,3.60,2026-09-14T01:39:29.755Z
KJ10,KJ21,3.80,3.80,3.30,1.80,3.80,2026-09-14T01:39:29.759Z
KJ10,KJ22,3.60,3.60,3.10,1.70,3.60,2026-09-14T01:39:29.888Z
KJ10,KJ23,3.80,3.80,3.30,1.90,3.80,2026-09-14T01:39:29.909Z
KJ10,KJ24,4.00,4.00,3.50,2.00,4.00,2026-09-14T01:39:29.903Z
KJ10,KJ25,4.30,4.30,3.70,2.10,4.30,2026-09-14T01:39:29.907Z
KJ10,KJ26,3.70,3.70,3.30,1.80,3.70,2026-09-14T01:39:29.910Z
KJ10,KJ27,3.90,3.90,3.40,1.90,3.90,2026-09-14T01:39:29.903Z
KJ10,KJ28,4.20,4.20,3.60,2.00,4.20,2026-09-14T01:39:29.909Z
KJ10,KJ29,3.50,3.50,3.10,1.70,3.50,2026-09-14T01:39:29.948Z
KJ10,KJ3,3.00,3.00,2.60,1.50,3.00,2026-09-14T01:39:30.058Z
KJ10,KJ30,3.60,3.60,3.20,1.80,3.60,2026-09-14T01:39:30.090Z
KJ10,KJ31,3.80,3.80,3.30,1.90,3.80,2026-09-14T01:39:30.078Z
KJ10,KJ32,3.90,3.90,3.40,1.90,3.90,2026-09-14T01:39:30.084Z
KJ10,KJ33,4.10,4.10,3.60,2.00,4.10,2026-09-14T01:39:30.085Z
KJ10,KJ34,4.20,4.20,3.60,2.10,4.20,2026-09-14T01:39:30.085Z
KJ10,KJ35,4.40,4.40,3.80,2.20,4.40,2026-09-14T01:39:30.076Z
KJ10,KJ36,4.60,4.60,4.00,2.20,4.60,2026-09-14T01:39:30.103Z
KJ10,KJ37,4.70,4.70,4.10,2.30,4.70,2026-09-14T01:39:30.230Z
KJ10,KJ4,2.70,2.70,2.40,1.30,2.70,2026-09-14T01:39:30.251Z
KJ10,KJ5,2.00,2.00,1.80,1.00,2.00,2026-09-14T01:39:30.243Z
KJ10,KJ6,1.80,1.80,1.70,0.90,1.80,2026-09-14T01:39:30.268Z
KJ10,KJ7,1.70,1.70,1.50,0.80,1.70,2026-09-14T01:39:30.250Z
KJ10,KJ8,1.40,1.40,1.30,0.70,1.40,2026-09-14T01:39:30.243Z
KJ10,KJ9,1.10,1.10,1.00,0.50,1.10,2026-09-14T01:39:30.261Z
KJ10,MR1,4.30,4.30,3.80,2.10,4.30,2026-09-14T01:39:30.270Z
KJ10,MR10,3.50,3.50,3.10,1.60,3.50,2026-09-14T01:39:30.409Z
KJ10,MR11,2.70,2.70,2.40,1.30,2.70,2026-09-14T01:39:30.410Z
KJ10,MR2,4.00,4.00,3.50,1.90,4.00,2026-09-14T01:39:30.419Z
KJ10,MR3,3.00,3.00,2.70,1.40,3.00,2026-09-14T01:39:30.416Z
KJ10,MR4,2.30,2.30,2.10,1.10,2.30,2026-09-14T01:39:30.419Z
KJ10,MR5,2.70,2.70,2.40,1.20,2.70,2026-09-14T01:39:30.435Z
KJ10,MR6,3.00,3.00,2.70,1.40,3.00,2026-09-14T01:39:30.434Z
KJ10,MR7,3.40,3.40,3.00,1.60,3.40,2026-09-14T01:39:30.441Z
KJ10,MR8,3.90,3.90,3.50,1.90,3.90,2026-09-14T01:39:30.572Z
KJ10,MR9,4.10,4.10,3.60,2.00,4.10,2026-09-14T01:39:30.567Z
KJ10,PY01,5.20,5.20,4.50,2.50,5.20,2026-09-14T01:39:30.588Z
KJ10,PY03,5.70,5.70,5.00,2.80,5.70,2026-09-14T01:39:30.842Z
KJ10,PY04,5.80,5.80,5.00,2.80,5.80,2026-09-14T01:39:30.589Z
KJ10,PY05,5.60,5.60,4.80,2.70,5.60,2026-09-14T01:39:30.604Z
KJ10,PY06,5.70,5.70,4.90,2.80,5.70,2026-09-14T01:39:30.603Z
KJ10,PY07,5.40,5.40,4.70,2.60,5.40,2026-09-14T01:39:30.602Z
KJ10,PY08,5.10,5.10,4.40,2.50,5.10,2026-09-14T01:39:30.735Z
KJ10,PY09,5.20,5.20,4.50,2.50,5.20,2026-09-14T01:39:30.744Z
KJ10,PY10,4.90,4.90,4.30,2.40,4.90,2026-09-14T01:39:30.756Z
KJ10,PY11,4.70,4.70,4.10,2.20,4.70,2026-09-14T01:39:30.753Z
KJ10,PY12,4.40,4.40,3.80,2.10,4.40,2026-09-14T01:39:30.771Z
KJ10,PY13,4.10,4.10,3.60,1.90,4.10,2026-09-14T01:39:30.765Z
KJ10,PY14,3.90,3.90,3.40,1.80,3.90,2026-09-14T01:39:30.781Z
KJ10,PY15,3.60,3.60,3.20,1.70,3.60,2026-09-14T01:39:30.886Z
KJ10,PY16,3.10,3.10,2.80,1.50,3.10,2026-09-14T01:39:30.912Z
KJ10,PY17,2.70,2.70,2.40,1.30,2.70,2026-09-14T01:39:30.918Z
KJ10,PY18,2.90,2.90,2.60,1.40,2.90,2026-09-14T01:39:30.919Z
KJ10,PY19,3.30,3.30,2.90,1.60,3.30,2026-09-14T01:39:30.931Z
KJ10,PY20,3.70,3.70,3.20,1.80,3.70,2026-09-14T01:39:30.939Z
KJ10,PY21,3.60,3.60,3.10,1.70,3.60,2026-09-14T01:39:30.963Z
KJ10,PY22,3.30,3.30,2.80,1.60,3.30,2026-09-14T01:39:31.006Z
KJ10,PY23,2.90,2.90,2.60,1.40,2.90,2026-09-14T01:39:31.049Z
KJ10,PY24,2.90,2.90,2.60,1.40,2.90,2026-09-14T01:39:31.073Z
KJ10,PY27,4.40,4.40,3.90,2.10,4.40,2026-09-14T01:39:31.074Z
KJ10,PY28,4.80,4.80,4.20,2.30,4.80,2026-09-14T01:39:31.090Z
KJ10,PY29,4.40,4.40,3.90,2.20,4.40,2026-09-14T01:39:31.096Z
KJ10,PY31,5.20,5.20,4.50,2.60,5.20,2026-09-14T01:39:31.087Z
KJ10,PY32,5.50,5.50,4.80,2.70,5.50,2026-09-14T01:39:31.112Z
KJ10,PY33,5.70,5.70,5.00,2.80,5.70,2026-09-14T01:39:31.151Z
KJ10,PY34,5.80,5.80,5.00,2.80,5.80,2026-09-14T01:39:31.198Z
KJ10,PY36,5.70,5.70,4.90,2.80,5.70,2026-09-14T01:39:31.228Z
KJ10,PY37,5.90,5.90,5.10,2.90,5.90,2026-09-14T01:39:31.245Z
KJ10,PY38,5.90,5.90,5.00,2.90,5.90,2026-09-14T01:39:31.249Z
KJ10,PY39,5.80,5.80,5.00,2.80,5.80,2026-09-14T01:39:31.243Z
KJ10,PY40,6.00,6.00,5.20,2.90,6.00,2026-09-14T01:39:31.243Z
KJ10,PY41,6.10,6.10,5.30,2.90,6.10,2026-09-14T01:39:31.272Z
KJ10,SB1,8.20,8.20,7.00,4.10,8.20,2026-09-14T01:39:31.315Z
KJ10,SB2,7.60,7.60,6.40,3.80,7.60,2026-09-14T01:39:31.361Z
KJ10,SB3,6.90,6.90,5.90,3.50,6.90,2026-09-14T01:39:31.404Z
KJ10,SB4,6.20,6.20,5.30,3.10,6.20,2026-09-14T01:39:31.404Z
KJ10,SB5,5.50,5.50,4.70,2.80,5.50,2026-09-14T01:39:31.413Z
KJ10,SB6,4.60,4.60,4.00,2.30,4.60,2026-09-14T01:39:31.410Z
KJ10,SB7,3.80,3.80,3.30,1.90,3.80,2026-09-14T01:39:31.406Z
KJ10,SP1,3.00,3.00,2.70,1.50,3.00,2026-09-14T01:39:31.450Z
KJ10,SP10,2.60,2.60,2.30,1.30,2.60,2026-09-14T01:39:31.472Z
KJ10,SP11,2.90,2.90,2.60,1.40,2.90,2026-09-14T01:39:31.509Z
KJ10,SP12,3.20,3.20,2.90,1.60,3.20,2026-09-14T01:39:31.556Z
KJ10,SP13,3.70,3.70,3.30,1.80,3.70,2026-09-14T01:39:31.559Z
KJ10,SP14,4.20,4.20,3.70,2.00,4.20,2026-09-14T01:39:31.555Z
KJ10,SP15,4.10,4.10,3.70,2.00,4.10,2026-09-14T01:39:31.569Z
KJ10,SP16,4.40,4.40,3.90,2.20,4.40,2026-09-14T01:39:31.589Z
KJ10,SP17,4.90,4.90,4.30,2.40,4.90,2026-09-14T01:39:31.601Z
KJ10,SP18,4.50,4.50,4.00,2.20,4.50,2026-09-14T01:39:31.643Z
KJ10,SP19,4.90,4.90,4.30,2.40,4.90,2026-09-14T01:39:31.676Z
KJ10,SP2,2.90,2.90,2.60,1.40,2.90,2026-09-14T01:39:31.717Z
KJ10,SP20,5.00,5.00,4.40,2.50,5.00,2026-09-14T01:39:31.718Z
KJ10,SP21,5.30,5.30,4.60,2.60,5.30,2026-09-14T01:39:31.720Z
KJ10,SP22,4.80,4.80,4.20,2.40,4.80,2026-09-14T01:39:31.727Z
KJ10,SP24,5.20,5.20,4.60,2.60,5.20,2026-09-14T01:39:31.752Z
KJ10,SP25,4.60,4.60,4.00,2.20,4.60,2026-09-14T01:39:31.760Z
KJ10,SP26,4.70,4.70,4.10,2.30,4.70,2026-09-14T01:39:31.795Z
KJ10,SP27,4.80,4.80,4.20,2.30,4.80,2026-09-14T01:39:31.836Z
KJ10,SP28,4.90,4.90,4.30,2.40,4.90,2026-09-14T01:39:31.881Z
KJ10,SP29,5.10,5.10,4.50,2.50,5.10,2026-09-14T01:39:31.881Z
KJ10,SP3,2.70,2.70,2.40,1.30,2.70,2026-09-14T01:39:31.880Z
KJ10,SP31,4.70,4.70,4.10,2.30,4.70,2026-09-14T01:39:31.882Z
KJ10,SP4,2.40,2.40,2.20,1.20,2.40,2026-09-14T01:39:31.920Z
KJ10,SP5,2.20,2.20,2.00,1.10,2.20,2026-09-14T01:39:31.927Z
KJ10,SP6,2.00,2.00,1.90,1.00,2.00,2026-09-14T01:39:31.959Z
KJ10,SP7,1.80,1.80,1.70,0.90,1.80,2026-09-14T01:39:32.005Z
KJ10,SP8,2.10,2.10,1.90,1.00,2.10,2026-09-14T01:39:32.055Z
KJ10,SP9,2.30,2.30,2.10,1.10,2.30,2026-09-14T01:39:32.053Z
KJ11,KJ12,1.10,1.10,1.10,0.60,1.10,2026-09-14T01:39:32.054Z
KJ11,KJ13,1.50,1.50,1.40,0.70,1.50,2026-09-14T01:39:32.056Z
KJ11,KJ14,1.80,1.80,1.70,0.90,1.80,2026-09-14T01:39:32.080Z
KJ11,KJ15,2.10,2.10,1.90,1.00,2.10,2026-09-14T01:39:32.097Z
KJ11,KJ16,2.40,2.40,2.10,1.20,2.40,2026-09-14T01:39:32.121Z
KJ11,KJ17,2.70,2.70,2.40,1.40,2.70,2026-09-14T01:39:32.161Z
KJ11,KJ18,2.90,2.90,2.60,1.50,2.90,2026-09-14T01:39:32.205Z
KJ11,KJ19,3.10,3.10,2.70,1.60,3.10,2026-09-14T01:39:32.212Z
KJ11,KJ2,3.40,3.40,2.90,1.60,3.40,2026-09-14T01:39:32.204Z
KJ11,KJ20,3.30,3.30,2.90,1.60,3.30,2026-09-14T01:39:32.205Z
KJ11,KJ21,3.50,3.50,3.10,1.70,3.50,2026-09-14T01:39:32.249Z
KJ11,KJ22,3.90,3.90,3.40,1.90,3.90,2026-09-14T01:39:32.253Z
KJ11,KJ23,3.60,3.60,3.20,1.80,3.60,2026-09-14T01:39:32.282Z
KJ11,KJ24,3.80,3.80,3.30,1.90,3.80,2026-09-14T01:39:32.323Z
KJ11,KJ25,4.10,4.10,3.50,2.00,4.10,2026-09-14T01:39:32.364Z
KJ11,KJ26,4.20,4.20,3.70,2.10,4.20,2026-09-14T01:39:32.367Z
KJ11,KJ27,3.80,3.80,3.30,1.80,3.80,2026-09-14T01:39:32.362Z
KJ11,KJ28,4.00,4.00,3.50,2.00,4.00,2026-09-14T01:39:32.368Z
KJ11,KJ29,4.20,4.20,3.70,2.10,4.20,2026-09-14T01:39:32.405Z
KJ11,KJ3,2.90,2.90,2.60,1.40,2.90,2026-09-14T01:39:32.405Z
KJ11,KJ30,4.30,4.30,3.80,2.10,4.30,2026-09-14T01:39:32.452Z
KJ11,KJ31,3.70,3.70,3.20,1.80,3.70,2026-09-14T01:39:32.496Z
KJ11,KJ32,3.80,3.80,3.30,1.90,3.80,2026-09-14T01:39:32.535Z
KJ11,KJ33,4.00,4.00,3.50,1.90,4.00,2026-09-14T01:39:32.539Z
KJ11,KJ34,4.10,4.10,3.50,2.00,4.10,2026-09-14T01:39:32.537Z
KJ11,KJ35,4.30,4.30,3.70,2.10,4.30,2026-09-14T01:39:32.539Z
KJ11,KJ36,4.40,4.40,3.90,2.20,4.40,2026-09-14T01:39:32.552Z
KJ11,KJ37,4.60,4.60,4.00,2.30,4.60,2026-09-14T01:39:32.563Z
KJ11,KJ4,3.00,3.00,2.60,1.50,3.00,2026-09-14T01:39:32.611Z
KJ11,KJ5,2.20,2.20,2.00,1.10,2.20,2026-09-14T01:39:32.653Z
KJ11,KJ6,2.00,2.00,1.80,1.00,2.00,2026-09-14T01:39:32.700Z
KJ11,KJ7,2.00,2.00,1.80,1.00,2.00,2026-09-14T01:39:32.703Z
KJ11,KJ8,1.70,1.70,1.60,0.90,1.70,2026-09-14T01:39:32.696Z
KJ11,KJ9,1.40,1.40,1.30,0.70,1.40,2026-09-14T01:39:32.703Z
KJ11,MR1,4.00,4.00,3.50,1.90,4.00,2026-09-14T01:39:32.703Z
KJ11,MR10,3.20,3.20,2.80,1.40,3.20,2026-09-14T01:39:32.735Z
KJ11,MR11,2.40,2.40,2.10,1.10,2.40,2026-09-14T01:39:32.791Z
KJ11,MR2,3.70,3.70,3.20,1.70,3.70,2026-09-14T01:39:32.811Z
KJ11,MR3,2.70,2.70,2.40,1.20,2.70,2026-09-14T01:39:32.855Z
KJ11,MR4,2.00,2.00,1.80,0.90,2.00,2026-09-14T01:39:32.855Z
KJ11,MR5,2.40,2.40,2.10,1.00,2.40,2026-09-14T01:39:32.861Z
KJ11,MR6,2.70,2.70,2.40,1.20,2.70,2026-09-14T01:39:32.856Z
KJ11,MR7,3.10,3.10,2.70,1.40,3.10,2026-09-14T01:39:32.863Z
KJ11,MR8,3.60,3.60,3.20,1.70,3.60,2026-09-14T01:39:32.894Z
KJ11,MR9,3.80,3.80,3.30,1.80,3.80,2026-09-14T01:39:32.940Z
KJ11,PY01,5.00,5.00,4.30,2.40,5.00,2026-09-14T01:39:32.983Z
KJ11,PY03,5.40,5.40,4.70,2.60,5.40,2026-09-14T01:39:33.011Z
KJ11,PY04,5.50,5.50,4.70,2.60,5.50,2026-09-14T01:39:33.011Z
KJ11,PY05,5.30,5.30,4.50,2.50,5.30,2026-09-14T01:39:33.013Z
KJ11,PY06,5.40,5.40,4.60,2.60,5.40,2026-09-14T01:39:33.023Z
KJ11,PY07,5.10,5.10,4.40,2.40,5.10,2026-09-14T01:39:33.023Z
KJ11,PY08,4.80,4.80,4.10,2.30,4.80,2026-09-14T01:39:33.062Z
KJ11,PY09,4.90,4.90,4.20,2.30,4.90,2026-09-14T01:39:33.110Z
KJ11,PY10,4.60,4.60,4.00,2.20,4.60,2026-09-14T01:39:33.155Z
KJ11,PY11,4.40,4.40,3.80,2.00,4.40,2026-09-14T01:39:33.190Z
KJ11,PY12,4.10,4.10,3.50,1.90,4.10,2026-09-14T01:39:33.191Z
KJ11,PY13,3.80,3.80,3.30,1.70,3.80,2026-09-14T01:39:33.188Z
KJ11,PY14,3.50,3.50,3.00,1.60,3.50,2026-09-14T01:39:33.194Z
KJ11,PY15,3.20,3.20,2.80,1.50,3.20,2026-09-14T01:39:33.190Z
KJ11,PY16,2.80,2.80,2.50,1.30,2.80,2026-09-14T01:39:33.230Z
KJ11,PY17,2.40,2.40,2.10,1.10,2.40,2026-09-14T01:39:33.269Z
KJ11,PY18,2.60,2.60,2.30,1.20,2.60,2026-09-14T01:39:33.309Z
KJ11,PY19,3.00,3.00,2.60,1.40,3.00,2026-09-14T01:39:33.362Z
KJ11,PY20,3.30,3.30,2.90,1.60,3.30,2026-09-14T01:39:33.350Z
KJ11,PY21,3.30,3.30,2.90,1.60,3.30,2026-09-14T01:39:33.357Z
KJ11,PY22,3.10,3.10,2.70,1.50,3.10,2026-09-14T01:39:33.351Z
KJ11,PY23,2.60,2.60,2.30,1.20,2.60,2026-09-14T01:39:33.353Z
KJ11,PY24,2.60,2.60,2.30,1.20,2.60,2026-09-14T01:39:33.390Z
KJ11,PY27,4.10,4.10,3.60,1.90,4.10,2026-09-14T01:39:33.441Z
KJ11,PY28,4.50,4.50,3.90,2.10,4.50,2026-09-14T01:39:33.484Z
KJ11,PY29,4.10,4.10,3.60,2.00,4.10,2026-09-14T01:39:33.510Z
KJ11,PY31,4.90,4.90,4.20,2.40,4.90,2026-09-14T01:39:33.515Z
KJ11,PY32,5.20,5.20,4.50,2.50,5.20,2026-09-14T01:39:33.513Z
KJ11,PY33,5.40,5.40,4.70,2.60,5.40,2026-09-14T01:39:33.528Z
KJ11,PY34,5.50,5.50,4.70,2.60,5.50,2026-09-14T01:39:33.530Z
KJ11,PY36,5.40,5.40,4.60,2.60,5.40,2026-09-14T01:39:33.554Z
KJ11,PY37,5.60,5.60,4.80,2.70,5.60,2026-09-14T01:39:33.596Z
KJ11,PY38,5.70,5.70,4.90,2.80,5.70,2026-09-14T01:39:33.638Z
KJ11,PY39,5.50,5.50,4.70,2.60,5.50,2026-09-14T01:39:33.684Z
KJ11,PY40,5.70,5.70,4.90,2.70,5.70,2026-09-14T01:39:33.682Z
KJ11,PY41,5.80,5.80,5.00,2.70,5.80,2026-09-14T01:39:33.684Z
KJ11,SB1,8.10,8.10,6.90,4.00,8.10,2026-09-14T01:39:33.685Z
KJ11,SB2,7.50,7.50,6.30,3.70,7.50,2026-09-14T01:39:33.682Z
KJ11,SB3,6.80,6.80,5.80,3.40,6.80,2026-09-14T01:39:33.723Z
KJ11,SB4,6.10,6.10,5.20,3.00,6.10,2026-09-14T01:39:33.759Z
KJ11,SB5,5.40,5.40,4.60,2.70,5.40,2026-09-14T01:39:34.079Z
KJ11,SB6,4.50,4.50,3.90,2.20,4.50,2026-09-14T01:39:33.852Z
KJ11,SB7,3.70,3.70,3.20,1.80,3.70,2026-09-14T01:39:33.863Z
KJ11,SP1,2.70,2.70,2.40,1.30,2.70,2026-09-14T01:39:33.854Z
KJ11,SP10,2.30,2.30,2.00,1.10,2.30,2026-09-14T01:39:33.853Z
KJ11,SP11,2.60,2.60,2.30,1.20,2.60,2026-09-14T01:39:33.851Z
KJ11,SP12,2.90,2.90,2.60,1.40,2.90,2026-09-14T01:39:33.896Z
KJ11,SP13,3.40,3.40,3.00,1.60,3.40,2026-09-14T01:39:33.907Z
KJ11,SP14,3.90,3.90,3.40,1.80,3.90,2026-09-14T01:39:34.031Z
KJ11,SP15,3.80,3.80,3.40,1.80,3.80,2026-09-14T01:39:34.026Z
KJ11,SP16,4.10,4.10,3.60,2.00,4.10,2026-09-14T01:39:34.017Z
KJ11,SP17,4.60,4.60,4.00,2.20,4.60,2026-09-14T01:39:34.029Z
KJ11,SP18,4.20,4.20,3.70,2.00,4.20,2026-09-14T01:39:34.032Z
KJ11,SP19,4.60,4.60,4.00,2.20,4.60,2026-09-14T01:39:34.060Z
KJ11,SP2,2.60,2.60,2.30,1.20,2.60,2026-09-14T01:39:34.061Z
KJ11,SP20,4.70,4.70,4.10,2.30,4.70,2026-09-14T01:39:34.216Z
KJ11,SP21,5.00,5.00,4.30,2.40,5.00,2026-09-14T01:39:34.212Z
KJ11,SP22,4.50,4.50,3.90,2.20,4.50,2026-09-14T01:39:34.192Z
KJ11,SP24,4.90,4.90,4.30,2.40,4.90,2026-09-14T01:39:34.202Z
KJ11,SP25,4.30,4.30,3.70,2.00,4.30,2026-09-14T01:39:34.221Z
KJ11,SP26,4.40,4.40,3.80,2.10,4.40,2026-09-14T01:39:34.225Z
KJ11,SP27,4.50,4.50,3.90,2.10,4.50,2026-09-14T01:39:34.220Z
KJ11,SP28,4.60,4.60,4.00,2.20,4.60,2026-09-14T01:39:34.240Z
KJ11,SP29,4.80,4.80,4.20,2.30,4.80,2026-09-14T01:39:34.373Z
KJ11,SP3,2.40,2.40,2.10,1.10,2.40,2026-09-14T01:39:34.395Z
KJ11,SP31,4.60,4.60,4.00,2.30,4.60,2026-09-14T01:39:34.388Z
KJ11,SP4,2.10,2.10,1.90,1.00,2.10,2026-09-14T01:39:34.387Z
KJ11,SP5,1.90,1.90,1.70,0.90,1.90,2026-09-14T01:39:34.399Z
KJ11,SP6,1.70,1.70,1.60,0.80,1.70,2026-09-14T01:39:34.415Z
KJ11,SP7,1.50,1.50,1.40,0.70,1.50,2026-09-14T01:39:34.416Z
KJ11,SP8,1.80,1.80,1.60,0.80,1.80,2026-09-14T01:39:34.417Z
KJ11,SP9,2.00,2.00,1.80,0.90,2.00,2026-09-14T01:39:34.547Z
KJ12,KJ13,1.20,1.20,1.10,0.60,1.20,2026-09-14T01:39:34.562Z
KJ12,KJ14,1.50,1.50,1.40,0.80,1.50,2026-09-14T01:39:34.564Z
KJ12,KJ15,2.00,2.00,1.80,1.00,2.00,2026-09-14T01:39:34.559Z
KJ12,KJ16,2.10,2.10,1.90,1.10,2.10,2026-09-14T01:39:34.561Z
KJ12,KJ17,2.50,2.50,2.20,1.20,2.50,2026-09-14T01:39:34.570Z
KJ12,KJ18,2.70,2.70,2.30,1.30,2.70,2026-09-14T01:39:34.580Z
KJ12,KJ19,2.90,2.90,2.50,1.40,2.90,2026-09-14T01:39:34.580Z
KJ12,KJ2,3.60,3.60,3.10,1.70,3.60,2026-09-14T01:39:34.721Z
KJ12,KJ20,3.10,3.10,2.70,1.50,3.10,2026-09-14T01:39:34.748Z
KJ12,KJ21,3.30,3.30,2.90,1.60,3.30,2026-09-14T01:39:34.748Z
KJ12,KJ22,3.60,3.60,3.20,1.80,3.60,2026-09-14T01:39:34.743Z
KJ12,KJ23,3.40,3.40,3.00,1.70,3.40,2026-09-14T01:39:34.747Z
KJ12,KJ24,3.60,3.60,3.20,1.80,3.60,2026-09-14T01:39:34.740Z
KJ12,KJ25,3.90,3.90,3.40,1.90,3.90,2026-09-14T01:39:34.752Z
KJ12,KJ26,4.00,4.00,3.50,2.00,4.00,2026-09-14T01:39:34.753Z
KJ12,KJ27,4.30,4.30,3.70,2.10,4.30,2026-09-14T01:39:34.896Z
KJ12,KJ28,3.90,3.90,3.40,1.90,3.90,2026-09-14T01:39:34.902Z
KJ12,KJ29,4.10,4.10,3.50,2.00,4.10,2026-09-14T01:39:34.907Z
KJ12,KJ3,3.10,3.10,2.80,1.50,3.10,2026-09-14T01:39:34.901Z
KJ12,KJ30,4.20,4.20,3.60,2.10,4.20,2026-09-14T01:39:34.938Z
KJ12,KJ31,3.60,3.60,3.10,1.80,3.60,2026-09-14T01:39:34.908Z
KJ12,KJ32,3.70,3.70,3.20,1.80,3.70,2026-09-14T01:39:34.905Z
KJ12,KJ33,3.80,3.80,3.40,1.90,3.80,2026-09-14T01:39:34.925Z
KJ12,KJ34,4.00,4.00,3.50,1.90,4.00,2026-09-14T01:39:35.061Z
KJ12,KJ35,4.20,4.20,3.60,2.00,4.20,2026-09-14T01:39:35.079Z
KJ12,KJ36,4.30,4.30,3.80,2.10,4.30,2026-09-14T01:39:35.087Z
KJ12,KJ37,4.50,4.50,3.90,2.20,4.50,2026-09-14T01:39:35.082Z
KJ12,KJ4,2.90,2.90,2.60,1.40,2.90,2026-09-14T01:39:35.087Z
KJ12,KJ5,2.50,2.50,2.20,1.30,2.50,2026-09-14T01:39:35.082Z
KJ12,KJ6,2.30,2.30,2.00,1.10,2.30,2026-09-14T01:39:35.092Z
KJ12,KJ7,2.10,2.10,1.90,1.10,2.10,2026-09-14T01:39:35.102Z
KJ12,KJ8,1.90,1.90,1.70,1.00,1.90,2026-09-14T01:39:35.234Z
KJ12,KJ9,1.70,1.70,1.60,0.90,1.70,2026-09-14T01:39:35.246Z
KJ12,MR1,3.70,3.70,3.20,1.80,3.70,2026-09-14T01:39:35.246Z
KJ12,MR10,2.90,2.90,2.50,1.30,2.90,2026-09-14T01:39:35.246Z
KJ12,MR11,2.10,2.10,1.80,1.00,2.10,2026-09-14T01:39:35.270Z
KJ12,MR2,3.40,3.40,2.90,1.60,3.40,2026-09-14T01:39:35.266Z
KJ12,MR3,2.40,2.40,2.10,1.10,2.40,2026-09-14T01:39:35.257Z
KJ12,MR4,1.70,1.70,1.50,0.80,1.70,2026-09-14T01:39:35.274Z
KJ12,MR5,2.10,2.10,1.80,0.90,2.10,2026-09-14T01:39:35.410Z
KJ12,MR6,2.40,2.40,2.10,1.10,2.40,2026-09-14T01:39:35.424Z
KJ12,MR7,2.80,2.80,2.40,1.30,2.80,2026-09-14T01:39:35.416Z
KJ12,MR8,3.30,3.30,2.90,1.60,3.30,2026-09-14T01:39:35.415Z
KJ12,MR9,3.50,3.50,3.00,1.70,3.50,2026-09-14T01:39:35.435Z
KJ12,PY01,4.70,4.70,4.00,2.30,4.70,2026-09-14T01:39:35.431Z
KJ12,PY03,5.10,5.10,4.40,2.50,5.10,2026-09-14T01:39:35.427Z
KJ12,PY04,5.20,5.20,4.40,2.50,5.20,2026-09-14T01:39:35.447Z
KJ12,PY05,5.00,5.00,4.20,2.40,5.00,2026-09-14T01:39:35.572Z
KJ12,PY06,5.10,5.10,4.30,2.50,5.10,2026-09-14T01:39:35.595Z
KJ12,PY07,4.80,4.80,4.10,2.30,4.80,2026-09-14T01:39:35.595Z
KJ12,PY08,4.50,4.50,3.80,2.20,4.50,2026-09-14T01:39:35.591Z
KJ12,PY09,4.60,4.60,3.90,2.20,4.60,2026-09-14T01:39:35.607Z
KJ12,PY10,4.30,4.30,3.70,2.10,4.30,2026-09-14T01:39:35.603Z
KJ12,PY11,4.10,4.10,3.50,1.90,4.10,2026-09-14T01:39:35.604Z
KJ12,PY12,3.80,3.80,3.20,1.80,3.80,2026-09-14T01:39:35.617Z
KJ12,PY13,3.40,3.40,2.90,1.60,3.40,2026-09-14T01:39:35.756Z
KJ12,PY14,3.20,3.20,2.70,1.50,3.20,2026-09-14T01:39:35.742Z
KJ12,PY15,2.90,2.90,2.50,1.40,2.90,2026-09-14T01:39:35.740Z
KJ12,PY16,2.50,2.50,2.20,1.20,2.50,2026-09-14T01:39:35.739Z
KJ12,PY17,2.10,2.10,1.80,1.00,2.10,2026-09-14T01:39:35.777Z
KJ12,PY18,2.30,2.30,2.00,1.10,2.30,2026-09-14T01:39:35.776Z
KJ12,PY19,2.70,2.70,2.30,1.30,2.70,2026-09-14T01:39:35.778Z
KJ12,PY20,3.00,3.00,2.60,1.50,3.00,2026-09-14T01:39:35.780Z
KJ12,PY21,3.00,3.00,2.60,1.50,3.00,2026-09-14T01:39:35.917Z
KJ12,PY22,2.80,2.80,2.40,1.40,2.80,2026-09-14T01:39:35.914Z
KJ12,PY23,2.30,2.30,2.00,1.10,2.30,2026-09-14T01:39:35.914Z
KJ12,PY24,2.30,2.30,2.00,1.10,2.30,2026-09-14T01:39:35.933Z
KJ12,PY27,3.80,3.80,3.30,1.80,3.80,2026-09-14T01:39:35.944Z
KJ12,PY28,4.20,4.20,3.60,2.00,4.20,2026-09-14T01:39:35.947Z
KJ12,PY29,3.80,3.80,3.30,1.90,3.80,2026-09-14T01:39:35.947Z
KJ12,PY31,4.60,4.60,3.90,2.30,4.60,2026-09-14T01:39:35.948Z
KJ12,PY32,4.90,4.90,4.20,2.40,4.90,2026-09-14T01:39:36.088Z
KJ12,PY33,5.10,5.10,4.40,2.50,5.10,2026-09-14T01:39:36.089Z
KJ12,PY34,5.20,5.20,4.40,2.50,5.20,2026-09-14T01:39:36.087Z
KJ12,PY36,5.10,5.10,4.30,2.50,5.10,2026-09-14T01:39:36.114Z
KJ12,PY37,5.30,5.30,4.50,2.60,5.30,2026-09-14T01:39:36.124Z
KJ12,PY38,5.40,5.40,4.60,2.70,5.40,2026-09-14T01:39:36.126Z
KJ12,PY39,5.20,5.20,4.40,2.50,5.20,2026-09-14T01:39:36.124Z
KJ12,PY40,5.40,5.40,4.60,2.60,5.40,2026-09-14T01:39:36.118Z
KJ12,PY41,5.50,5.50,4.70,2.60,5.50,2026-09-14T01:39:36.273Z
KJ12,SB1,8.00,8.00,6.80,4.00,8.00,2026-09-14T01:39:36.270Z
KJ12,SB2,7.40,7.40,6.20,3.70,7.40,2026-09-14T01:39:36.267Z
KJ12,SB3,6.70,6.70,5.70,3.40,6.70,2026-09-14T01:39:36.277Z
KJ12,SB4,6.00,6.00,5.10,3.00,6.00,2026-09-14T01:39:36.285Z
KJ12,SB5,5.30,5.30,4.50,2.70,5.30,2026-09-14T01:39:36.277Z
KJ12,SB6,4.40,4.40,3.80,2.20,4.40,2026-09-14T01:39:36.285Z
KJ12,SB7,3.60,3.60,3.10,1.80,3.60,2026-09-14T01:39:36.286Z
KJ12,SP1,2.40,2.40,2.10,1.20,2.40,2026-09-14T01:39:36.436Z
KJ12,SP10,2.00,2.00,1.70,1.00,2.00,2026-09-14T01:39:36.439Z
KJ12,SP11,2.30,2.30,2.00,1.10,2.30,2026-09-14T01:39:36.428Z
KJ12,SP12,2.60,2.60,2.30,1.30,2.60,2026-09-14T01:39:36.427Z
KJ12,SP13,3.00,3.00,2.60,1.50,3.00,2026-09-14T01:39:36.448Z
KJ12,SP14,3.60,3.60,3.10,1.70,3.60,2026-09-14T01:39:36.432Z
KJ12,SP15,3.50,3.50,3.10,1.70,3.50,2026-09-14T01:39:36.439Z
KJ12,SP16,3.80,3.80,3.30,1.90,3.80,2026-09-14T01:39:36.444Z
KJ12,SP17,4.30,4.30,3.70,2.10,4.30,2026-09-14T01:39:36.607Z
KJ12,SP18,3.90,3.90,3.40,1.90,3.90,2026-09-14T01:39:36.606Z
KJ12,SP19,4.30,4.30,3.70,2.10,4.30,2026-09-14T01:39:36.601Z
KJ12,SP2,2.30,2.30,2.00,1.10,2.30,2026-09-14T01:39:36.610Z
KJ12,SP20,4.40,4.40,3.80,2.20,4.40,2026-09-14T01:39:36.611Z
KJ12,SP21,4.70,4.70,4.00,2.30,4.70,2026-09-14T01:39:36.601Z
KJ12,SP22,4.20,4.20,3.60,2.10,4.20,2026-09-14T01:39:36.620Z
KJ12,SP24,4.60,4.60,4.00,2.30,4.60,2026-09-14T01:39:36.624Z
KJ12,SP25,4.00,4.00,3.40,1.90,4.00,2026-09-14T01:39:36.762Z
KJ12,SP26,4.10,4.10,3.50,2.00,4.10,2026-09-14T01:39:36.760Z
KJ12,SP27,4.20,4.20,3.60,2.00,4.20,2026-09-14T01:39:36.760Z
KJ12,SP28,4.30,4.30,3.70,2.10,4.30,2026-09-14T01:39:36.762Z
KJ12,SP29,4.50,4.50,3.90,2.20,4.50,2026-09-14T01:39:36.768Z
KJ12,SP3,2.10,2.10,1.80,1.00,2.10,2026-09-14T01:39:36.764Z
KJ12,SP31,4.50,4.50,3.90,2.20,4.50,2026-09-14T01:39:36.769Z
KJ12,SP4,1.80,1.80,1.60,0.90,1.80,2026-09-14T01:39:36.789Z
KJ12,SP5,1.60,1.60,1.40,0.80,1.60,2026-09-14T01:39:36.932Z
KJ12,SP6,1.40,1.40,1.30,0.70,1.40,2026-09-14T01:39:36.926Z
KJ12,SP7,1.20,1.20,1.10,0.60,1.20,2026-09-14T01:39:36.932Z
KJ12,SP8,1.50,1.50,1.30,0.70,1.50,2026-09-14T01:39:36.924Z
KJ12,SP9,1.70,1.70,1.50,0.80,1.70,2026-09-14T01:39:36.933Z
KJ13,KJ14,1.10,1.10,1.10,0.60,1.10,2026-09-14T01:39:36.931Z
KJ13,KJ15,1.60,1.60,1.50,0.80,1.60,2026-09-14T01:39:36.932Z
KJ13,KJ16,1.90,1.90,1.70,1.00,1.90,2026-09-14T01:39:36.959Z
KJ13,KJ17,2.10,2.10,1.90,1.10,2.10,2026-09-14T01:39:37.086Z
KJ13,KJ18,2.30,2.30,2.10,1.20,2.30,2026-09-14T01:39:37.088Z
KJ13,KJ19,2.50,2.50,2.20,1.30,2.50,2026-09-14T01:39:37.084Z
KJ13,KJ2,3.90,3.90,3.40,1.90,3.90,2026-09-14T01:39:37.086Z
KJ13,KJ20,3.20,3.20,2.80,1.60,3.20,2026-09-14T01:39:37.110Z
KJ13,KJ21,3.00,3.00,2.70,1.50,3.00,2026-09-14T01:39:37.086Z
KJ13,KJ22,3.40,3.40,3.00,1.60,3.40,2026-09-14T01:39:37.095Z
KJ13,KJ23,3.70,3.70,3.20,1.80,3.70,2026-09-14T01:39:37.124Z
KJ13,KJ24,3.90,3.90,3.40,1.90,3.90,2026-09-14T01:39:37.257Z
KJ13,KJ25,3.70,3.70,3.20,1.80,3.70,2026-09-14T01:39:37.257Z
KJ13,KJ26,3.80,3.80,3.30,1.90,3.80,2026-09-14T01:39:37.259Z
KJ13,KJ27,4.10,4.10,3.60,2.00,4.10,2026-09-14T01:39:37.258Z
KJ13,KJ28,3.70,3.70,3.20,1.80,3.70,2026-09-14T01:39:37.258Z
KJ13,KJ29,3.90,3.90,3.40,1.90,3.90,2026-09-14T01:39:37.271Z
KJ13,KJ3,3.40,3.40,3.00,1.70,3.40,2026-09-14T01:39:37.266Z
KJ13,KJ30,4.00,4.00,3.50,2.00,4.00,2026-09-14T01:39:37.279Z
KJ13,KJ31,4.30,4.30,3.70,2.10,4.30,2026-09-14T01:39:37.424Z
KJ13,KJ32,3.60,3.60,3.10,1.70,3.60,2026-09-14T01:39:37.425Z
KJ13,KJ33,3.70,3.70,3.20,1.80,3.70,2026-09-14T01:39:37.424Z
KJ13,KJ34,3.80,3.80,3.30,1.90,3.80,2026-09-14T01:39:37.426Z
KJ13,KJ35,4.00,4.00,3.50,2.00,4.00,2026-09-14T01:39:37.437Z
KJ13,KJ36,4.20,4.20,3.60,2.00,4.20,2026-09-14T01:39:37.443Z
KJ13,KJ37,4.40,4.40,3.80,2.10,4.40,2026-09-14T01:39:37.457Z
KJ13,KJ4,3.20,3.20,2.80,1.50,3.20,2026-09-14T01:39:37.457Z
KJ13,KJ5,2.90,2.90,2.50,1.40,2.90,2026-09-14T01:39:37.608Z
KJ13,KJ6,2.60,2.60,2.30,1.30,2.60,2026-09-14T01:39:37.614Z
KJ13,KJ7,2.40,2.40,2.20,1.20,2.40,2026-09-14T01:39:37.609Z
KJ13,KJ8,2.20,2.20,2.00,1.10,2.20,2026-09-14T01:39:37.597Z
KJ13,KJ9,1.90,1.90,1.80,1.00,1.90,2026-09-14T01:39:37.615Z
KJ13,MR1,3.30,3.30,2.90,1.60,3.30,2026-09-14T01:39:37.617Z
KJ13,MR10,2.50,2.50,2.20,1.10,2.50,2026-09-14T01:39:37.607Z
KJ13,MR11,1.70,1.70,1.50,0.80,1.70,2026-09-14T01:39:37.629Z
KJ13,MR2,3.00,3.00,2.60,1.40,3.00,2026-09-14T01:39:37.771Z
KJ13,MR3,2.00,2.00,1.80,0.90,2.00,2026-09-14T01:39:37.780Z
KJ13,MR4,1.30,1.30,1.20,0.60,1.30,2026-09-14T01:39:37.767Z
KJ13,MR5,1.70,1.70,1.50,0.70,1.70,2026-09-14T01:39:37.771Z
KJ13,MR6,2.00,2.00,1.80,0.90,2.00,2026-09-14T01:39:37.780Z
KJ13,MR7,2.40,2.40,2.10,1.10,2.40,2026-09-14T01:39:37.772Z
KJ13,MR8,2.90,2.90,2.60,1.40,2.90,2026-09-14T01:39:37.772Z
KJ13,MR9,3.10,3.10,2.70,1.50,3.10,2026-09-14T01:39:37.793Z
KJ13,PY01,4.30,4.30,3.70,2.10,4.30,2026-09-14T01:39:37.934Z
KJ13,PY03,4.70,4.70,4.10,2.30,4.70,2026-09-14T01:39:37.943Z
KJ13,PY04,4.80,4.80,4.10,2.30,4.80,2026-09-14T01:39:37.946Z
KJ13,PY05,4.60,4.60,3.90,2.20,4.60,2026-09-14T01:39:37.934Z
KJ13,PY06,4.70,4.70,4.00,2.30,4.70,2026-09-14T01:39:37.943Z
KJ13,PY07,4.40,4.40,3.80,2.10,4.40,2026-09-14T01:39:37.952Z
KJ13,PY08,4.10,4.10,3.50,2.00,4.10,2026-09-14T01:39:37.951Z
KJ13,PY09,4.20,4.20,3.60,2.00,4.20,2026-09-14T01:39:37.963Z
KJ13,PY10,3.90,3.90,3.40,1.90,3.90,2026-09-14T01:39:38.116Z
KJ13,PY11,3.70,3.70,3.20,1.70,3.70,2026-09-14T01:39:38.106Z
KJ13,PY12,3.30,3.30,2.80,1.60,3.30,2026-09-14T01:39:38.103Z
KJ13,PY13,3.00,3.00,2.60,1.40,3.00,2026-09-14T01:39:38.100Z
KJ13,PY14,2.80,2.80,2.40,1.30,2.80,2026-09-14T01:39:38.124Z
KJ13,PY15,2.50,2.50,2.20,1.20,2.50,2026-09-14T01:39:38.123Z
KJ13,PY16,2.10,2.10,1.90,1.00,2.10,2026-09-14T01:39:38.125Z
KJ13,PY17,1.70,1.70,1.50,0.80,1.70,2026-09-14T01:39:38.132Z
KJ13,PY18,1.90,1.90,1.70,0.90,1.90,2026-09-14T01:39:38.285Z
KJ13,PY19,2.30,2.30,2.00,1.10,2.30,2026-09-14T01:39:38.292Z
KJ13,PY20,2.50,2.50,2.20,1.20,2.50,2026-09-14T01:39:38.288Z
KJ13,PY21,2.40,2.40,2.10,1.10,2.40,2026-09-14T01:39:38.297Z
KJ13,PY22,2.20,2.20,1.90,1.00,2.20,2026-09-14T01:39:38.306Z
KJ13,PY23,1.90,1.90,1.70,0.90,1.90,2026-09-14T01:39:38.312Z
KJ13,PY24,1.90,1.90,1.70,0.90,1.90,2026-09-14T01:39:38.316Z
KJ13,PY27,3.30,3.30,2.90,1.60,3.30,2026-09-14T01:39:38.318Z
KJ13,PY28,3.80,3.80,3.30,1.80,3.80,2026-09-14T01:39:38.449Z
KJ13,PY29,3.40,3.40,3.00,1.70,3.40,2026-09-14T01:39:38.466Z
KJ13,PY31,4.20,4.20,3.60,2.10,4.20,2026-09-14T01:39:38.459Z
KJ13,PY32,4.50,4.50,3.90,2.20,4.50,2026-09-14T01:39:38.459Z
KJ13,PY33,4.70,4.70,4.10,2.30,4.70,2026-09-14T01:39:38.474Z
KJ13,PY34,4.80,4.80,4.10,2.30,4.80,2026-09-14T01:39:38.476Z
KJ13,PY36,4.70,4.70,4.00,2.30,4.70,2026-09-14T01:39:38.486Z
KJ13,PY37,4.90,4.90,4.20,2.40,4.90,2026-09-14T01:39:38.478Z
KJ13,PY38,4.80,4.80,4.10,2.30,4.80,2026-09-14T01:39:38.619Z
KJ13,PY39,4.80,4.80,4.10,2.30,4.80,2026-09-14T01:39:38.621Z
KJ13,PY40,5.00,5.00,4.30,2.40,5.00,2026-09-14T01:39:38.630Z
KJ13,PY41,5.10,5.10,4.40,2.40,5.10,2026-09-14T01:39:38.637Z
KJ13,SB1,8.70,8.70,7.40,4.30,8.70,2026-09-14T01:39:38.631Z
KJ13,SB2,8.10,8.10,6.80,4.00,8.10,2026-09-14T01:39:38.648Z
KJ13,SB3,7.40,7.40,6.30,3.70,7.40,2026-09-14T01:39:38.650Z
KJ13,SB4,6.70,6.70,5.70,3.30,6.70,2026-09-14T01:39:38.650Z
KJ13,SB5,6.00,6.00,5.10,3.00,6.00,2026-09-14T01:39:38.802Z
KJ13,SB6,5.10,5.10,4.40,2.50,5.10,2026-09-14T01:39:38.794Z
KJ13,SB7,4.30,4.30,3.70,2.10,4.30,2026-09-14T01:39:38.819Z
KJ13,SP1,2.00,2.00,1.80,1.00,2.00,2026-09-14T01:39:38.823Z
KJ13,SP10,1.60,1.60,1.40,0.80,1.60,2026-09-14T01:39:38.819Z
KJ13,SP11,1.90,1.90,1.70,0.90,1.90,2026-09-14T01:39:38.819Z
KJ13,SP12,2.20,2.20,2.00,1.10,2.20,2026-09-14T01:39:38.824Z
KJ13,SP13,2.60,2.60,2.30,1.30,2.60,2026-09-14T01:39:38.826Z
KJ13,SP14,3.10,3.10,2.70,1.50,3.10,2026-09-14T01:39:38.957Z
KJ13,SP15,3.10,3.10,2.80,1.50,3.10,2026-09-14T01:39:38.972Z
KJ13,SP16,3.40,3.40,3.00,1.70,3.40,2026-09-14T01:39:38.991Z
KJ13,SP17,3.90,3.90,3.40,1.90,3.90,2026-09-14T01:39:38.991Z
KJ13,SP18,3.50,3.50,3.10,1.70,3.50,2026-09-14T01:39:39.000Z
KJ13,SP19,3.90,3.90,3.40,1.90,3.90,2026-09-14T01:39:38.992Z
KJ13,SP2,1.90,1.90,1.70,0.90,1.90,2026-09-14T01:39:38.989Z
KJ13,SP20,4.00,4.00,3.50,2.00,4.00,2026-09-14T01:39:39.000Z
KJ13,SP21,4.30,4.30,3.70,2.10,4.30,2026-09-14T01:39:39.128Z
KJ13,SP22,3.80,3.80,3.30,1.90,3.80,2026-09-14T01:39:39.140Z
KJ13,SP24,4.20,4.20,3.70,2.10,4.20,2026-09-14T01:39:39.160Z
KJ13,SP25,3.60,3.60,3.10,1.70,3.60,2026-09-14T01:39:39.161Z
KJ13,SP26,3.70,3.70,3.20,1.80,3.70,2026-09-14T01:39:39.163Z
KJ13,SP27,3.80,3.80,3.30,1.80,3.80,2026-09-14T01:39:39.163Z
KJ13,SP28,3.90,3.90,3.40,1.90,3.90,2026-09-14T01:39:39.167Z
KJ13,SP29,4.10,4.10,3.60,2.00,4.10,2026-09-14T01:39:39.162Z
KJ13,SP3,1.70,1.70,1.50,0.80,1.70,2026-09-14T01:39:39.309Z
KJ13,SP31,4.40,4.40,3.80,2.10,4.40,2026-09-14T01:39:39.302Z
KJ13,SP4,1.40,1.40,1.30,0.70,1.40,2026-09-14T01:39:39.339Z
KJ13,SP5,1.20,1.20,1.10,0.60,1.20,2026-09-14T01:39:39.347Z
KJ13,SP6,1.00,1.00,1.00,0.50,1.00,2026-09-14T01:39:39.346Z
KJ13,SP7,0.80,0.80,0.80,0.40,0.80,2026-09-14T01:39:39.346Z
KJ13,SP8,1.10,1.10,1.00,0.50,1.10,2026-09-14T01:39:39.347Z
KJ13,SP9,1.30,1.30,1.20,0.60,1.30,2026-09-14T01:39:39.346Z
KJ14,KJ15,1.30,1.30,1.20,0.60,1.30,2026-09-14T01:39:39.478Z
KJ14,KJ16,1.60,1.60,1.50,0.80,1.60,2026-09-14T01:39:39.474Z
KJ14,KJ17,2.00,2.00,1.80,1.00,2.00,2026-09-14T01:39:39.499Z
KJ14,KJ18,2.00,2.00,1.80,1.00,2.00,2026-09-14T01:39:39.518Z
KJ14,KJ19,2.20,2.20,2.00,1.10,2.20,2026-09-14T01:39:39.518Z
KJ14,KJ2,3.60,3.60,3.10,1.70,3.60,2026-09-14T01:39:39.522Z
KJ14,KJ20,2.90,2.90,2.50,1.40,2.90,2026-09-14T01:39:39.520Z
KJ14,KJ21,3.10,3.10,2.70,1.60,3.10,2026-09-14T01:39:39.522Z
KJ14,KJ22,3.10,3.10,2.80,1.50,3.10,2026-09-14T01:39:39.654Z
KJ14,KJ23,3.40,3.40,3.00,1.70,3.40,2026-09-14T01:39:39.651Z
KJ14,KJ24,3.70,3.70,3.20,1.80,3.70,2026-09-14T01:39:39.659Z
KJ14,KJ25,3.50,3.50,3.00,1.70,3.50,2026-09-14T01:39:39.714Z
KJ14,KJ26,3.60,3.60,3.20,1.80,3.60,2026-09-14T01:39:39.702Z
KJ14,KJ27,3.90,3.90,3.40,1.90,3.90,2026-09-14T01:39:39.693Z
KJ14,KJ28,4.20,4.20,3.60,2.00,4.20,2026-09-14T01:39:39.692Z
KJ14,KJ29,3.70,3.70,3.20,1.80,3.70,2026-09-14T01:39:39.696Z
KJ14,KJ3,3.70,3.70,3.20,1.80,3.70,2026-09-14T01:39:39.815Z
KJ14,KJ30,3.90,3.90,3.40,1.90,3.90,2026-09-14T01:39:39.819Z
KJ14,KJ31,4.20,4.20,3.60,2.00,4.20,2026-09-14T01:39:39.836Z
KJ14,KJ32,4.10,4.10,3.50,1.90,4.10,2026-09-14T01:39:39.861Z
KJ14,KJ33,3.60,3.60,3.10,1.70,3.60,2026-09-14T01:39:39.875Z
KJ14,KJ34,3.70,3.70,3.20,1.80,3.70,2026-09-14T01:39:39.874Z
KJ14,KJ35,3.90,3.90,3.40,1.90,3.90,2026-09-14T01:39:39.866Z
KJ14,KJ36,4.10,4.10,3.50,2.00,4.10,2026-09-14T01:39:39.871Z
KJ14,KJ37,4.30,4.30,3.70,2.10,4.30,2026-09-14T01:39:39.988Z
KJ14,KJ4,3.40,3.40,3.00,1.70,3.40,2026-09-14T01:39:39.986Z
KJ14,KJ5,3.20,3.20,2.80,1.60,3.20,2026-09-14T01:39:39.986Z
KJ14,KJ6,2.90,2.90,2.60,1.50,2.90,2026-09-14T01:39:40.030Z
KJ14,KJ7,2.80,2.80,2.40,1.40,2.80,2026-09-14T01:39:40.031Z
KJ14,KJ8,2.50,2.50,2.20,1.30,2.50,2026-09-14T01:39:40.037Z
KJ14,KJ9,2.20,2.20,2.00,1.10,2.20,2026-09-14T01:39:40.032Z
KJ14,MR1,3.20,3.20,2.90,1.60,3.20,2026-09-14T01:39:40.028Z
KJ14,MR10,2.80,2.80,2.50,1.30,2.80,2026-09-14T01:39:40.158Z
KJ14,MR11,2.00,2.00,1.80,1.00,2.00,2026-09-14T01:39:40.160Z
KJ14,MR2,2.90,2.90,2.60,1.40,2.90,2026-09-14T01:39:40.156Z
KJ14,MR3,1.90,1.90,1.80,0.90,1.90,2026-09-14T01:39:40.449Z
KJ14,MR4,1.20,1.20,1.20,0.60,1.20,2026-09-14T01:39:40.204Z
KJ14,MR5,1.60,1.60,1.50,0.70,1.60,2026-09-14T01:39:40.199Z
KJ14,MR6,1.90,1.90,1.80,0.90,1.90,2026-09-14T01:39:40.202Z
KJ14,MR7,2.30,2.30,2.10,1.10,2.30,2026-09-14T01:39:40.202Z
KJ14,MR8,2.80,2.80,2.60,1.40,2.80,2026-09-14T01:39:40.326Z
KJ14,MR9,3.30,3.30,3.00,1.60,3.30,2026-09-14T01:39:40.327Z
KJ14,PY01,4.00,4.00,3.50,1.90,4.00,2026-09-14T01:39:40.327Z
KJ14,PY03,4.60,4.60,4.00,2.30,4.60,2026-09-14T01:39:40.362Z
KJ14,PY04,5.10,5.10,4.40,2.50,5.10,2026-09-14T01:39:40.375Z
KJ14,PY05,4.90,4.90,4.20,2.40,4.90,2026-09-14T01:39:40.375Z
KJ14,PY06,4.90,4.90,4.20,2.40,4.90,2026-09-14T01:39:40.372Z
KJ14,PY07,4.60,4.60,4.00,2.30,4.60,2026-09-14T01:39:40.506Z
KJ14,PY08,4.40,4.40,3.80,2.20,4.40,2026-09-14T01:39:40.496Z
KJ14,PY09,4.50,4.50,3.80,2.20,4.50,2026-09-14T01:39:40.496Z
KJ14,PY10,4.20,4.20,3.70,2.10,4.20,2026-09-14T01:39:40.528Z
KJ14,PY11,4.00,4.00,3.50,1.90,4.00,2026-09-14T01:39:40.543Z
KJ14,PY12,3.70,3.70,3.20,1.80,3.70,2026-09-14T01:39:40.542Z
KJ14,PY13,3.30,3.30,2.90,1.60,3.30,2026-09-14T01:39:40.543Z
KJ14,PY14,3.10,3.10,2.70,1.50,3.10,2026-09-14T01:39:40.623Z
KJ14,PY15,2.80,2.80,2.50,1.40,2.80,2026-09-14T01:39:40.662Z
KJ14,PY16,2.40,2.40,2.20,1.20,2.40,2026-09-14T01:39:40.667Z
KJ14,PY17,2.00,2.00,1.80,1.00,2.00,2026-09-14T01:39:40.665Z
KJ14,PY18,2.20,2.20,2.00,1.10,2.20,2026-09-14T01:39:40.696Z
KJ14,PY19,2.60,2.60,2.30,1.30,2.60,2026-09-14T01:39:40.712Z
KJ14,PY20,2.40,2.40,2.10,1.20,2.40,2026-09-14T01:39:40.704Z
KJ14,PY21,2.30,2.30,2.00,1.10,2.30,2026-09-14T01:39:40.703Z
KJ14,PY22,2.10,2.10,1.80,1.00,2.10,2026-09-14T01:39:40.785Z
KJ14,PY23,1.80,1.80,1.60,0.90,1.80,2026-09-14T01:39:40.838Z
KJ14,PY24,1.80,1.80,1.60,0.90,1.80,2026-09-14T01:39:40.830Z
KJ14,PY27,3.20,3.20,2.80,1.60,3.20,2026-09-14T01:39:40.830Z
KJ14,PY28,3.70,3.70,3.20,1.80,3.70,2026-09-14T01:39:40.867Z
KJ14,PY29,3.40,3.40,3.10,1.70,3.40,2026-09-14T01:39:40.873Z
KJ14,PY31,4.20,4.20,3.70,2.10,4.20,2026-09-14T01:39:40.864Z
KJ14,PY32,4.50,4.50,3.90,2.20,4.50,2026-09-14T01:39:40.882Z
KJ14,PY33,4.70,4.70,4.00,2.30,4.70,2026-09-14T01:39:40.948Z
KJ14,PY34,4.70,4.70,4.00,2.30,4.70,2026-09-14T01:39:40.990Z
KJ14,PY36,4.80,4.80,4.10,2.30,4.80,2026-09-14T01:39:40.987Z
KJ14,PY37,5.00,5.00,4.30,2.50,5.00,2026-09-14T01:39:40.987Z
KJ14,PY38,4.70,4.70,4.00,2.30,4.70,2026-09-14T01:39:41.044Z
KJ14,PY39,4.70,4.70,4.00,2.30,4.70,2026-09-14T01:39:41.029Z
KJ14,PY40,4.90,4.90,4.20,2.40,4.90,2026-09-14T01:39:41.030Z
KJ14,PY41,5.00,5.00,4.30,2.40,5.00,2026-09-14T01:39:41.032Z
KJ14,SB1,8.60,8.60,7.30,4.20,8.60,2026-09-14T01:39:41.117Z
KJ14,SB2,8.00,8.00,6.70,3.90,8.00,2026-09-14T01:39:41.150Z
KJ14,SB3,7.30,7.30,6.20,3.60,7.30,2026-09-14T01:39:41.150Z
KJ14,SB4,6.60,6.60,5.60,3.20,6.60,2026-09-14T01:39:41.165Z
KJ14,SB5,5.90,5.90,5.00,2.90,5.90,2026-09-14T01:39:41.198Z
KJ14,SB6,5.00,5.00,4.30,2.40,5.00,2026-09-14T01:39:41.193Z
KJ14,SB7,4.20,4.20,3.60,2.00,4.20,2026-09-14T01:39:41.195Z
KJ14,SP1,2.30,2.30,2.10,1.20,2.30,2026-09-14T01:39:41.194Z
KJ14,SP10,1.50,1.50,1.40,0.70,1.50,2026-09-14T01:39:41.287Z
KJ14,SP11,1.80,1.80,1.60,0.90,1.80,2026-09-14T01:39:41.320Z
KJ14,SP12,2.20,2.20,2.00,1.10,2.20,2026-09-14T01:39:41.319Z
KJ14,SP13,2.60,2.60,2.30,1.30,2.60,2026-09-14T01:39:41.335Z
KJ14,SP14,3.00,3.00,2.70,1.50,3.00,2026-09-14T01:39:41.424Z
KJ14,SP15,3.10,3.10,2.80,1.50,3.10,2026-09-14T01:39:41.425Z
KJ14,SP16,3.40,3.40,3.10,1.70,3.40,2026-09-14T01:39:41.421Z
KJ14,SP17,3.90,3.90,3.40,1.90,3.90,2026-09-14T01:39:41.420Z
KJ14,SP18,3.80,3.80,3.40,1.90,3.80,2026-09-14T01:39:41.466Z
KJ14,SP19,3.90,3.90,3.40,1.90,3.90,2026-09-14T01:39:41.476Z
KJ14,SP2,2.20,2.20,2.00,1.10,2.20,2026-09-14T01:39:41.478Z
KJ14,SP20,4.10,4.10,3.60,2.00,4.10,2026-09-14T01:39:41.504Z
KJ14,SP21,4.30,4.30,3.80,2.10,4.30,2026-09-14T01:39:41.581Z
KJ14,SP22,3.90,3.90,3.40,1.90,3.90,2026-09-14T01:39:41.582Z
KJ14,SP24,4.30,4.30,3.70,2.10,4.30,2026-09-14T01:39:41.591Z
KJ14,SP25,3.90,3.90,3.40,1.90,3.90,2026-09-14T01:39:41.596Z
KJ14,SP26,3.80,3.80,3.30,1.90,3.80,2026-09-14T01:39:41.625Z
KJ14,SP27,3.90,3.90,3.40,1.90,3.90,2026-09-14T01:39:41.630Z
KJ14,SP28,4.00,4.00,3.60,2.00,4.00,2026-09-14T01:39:41.629Z
KJ14,SP29,4.20,4.20,3.70,2.10,4.20,2026-09-14T01:39:41.675Z
KJ14,SP3,2.00,2.00,1.80,1.00,2.00,2026-09-14T01:39:41.754Z
KJ14,SP31,4.30,4.30,3.70,2.10,4.30,2026-09-14T01:39:41.756Z
KJ14,SP4,1.70,1.70,1.60,0.90,1.70,2026-09-14T01:39:41.752Z
KJ14,SP5,1.50,1.50,1.40,0.80,1.50,2026-09-14T01:39:41.764Z
KJ14,SP6,1.30,1.30,1.30,0.70,1.30,2026-09-14T01:39:41.805Z
KJ14,SP7,1.10,1.10,1.10,0.60,1.10,2026-09-14T01:39:41.800Z
KJ14,SP8,1.00,1.00,1.00,0.50,1.00,2026-09-14T01:39:41.803Z
KJ14,SP9,1.20,1.20,1.20,0.60,1.20,2026-09-14T01:39:41.848Z
KJ15,KJ16,1.10,1.10,1.10,0.60,1.10,2026-09-14T01:39:41.925Z
KJ15,KJ17,1.50,1.50,1.40,0.80,1.50,2026-09-14T01:39:41.919Z
KJ15,KJ18,1.80,1.80,1.60,0.90,1.80,2026-09-14T01:39:41.917Z
KJ15,KJ19,2.00,2.00,1.80,1.00,2.00,2026-09-14T01:39:41.930Z
KJ15,KJ2,3.80,3.80,3.30,1.90,3.80,2026-09-14T01:39:41.965Z
KJ15,KJ20,2.50,2.50,2.20,1.20,2.50,2026-09-14T01:39:41.958Z
KJ15,KJ21,2.70,2.70,2.40,1.40,2.70,2026-09-14T01:39:41.989Z
KJ15,KJ22,3.10,3.10,2.80,1.60,3.10,2026-09-14T01:39:41.999Z
KJ15,KJ23,3.10,3.10,2.70,1.50,3.10,2026-09-14T01:39:42.093Z
KJ15,KJ24,3.30,3.30,2.90,1.60,3.30,2026-09-14T01:39:42.094Z
KJ15,KJ25,3.60,3.60,3.20,1.80,3.60,2026-09-14T01:39:42.094Z
KJ15,KJ26,3.80,3.80,3.30,1.90,3.80,2026-09-14T01:39:42.097Z
KJ15,KJ27,3.60,3.60,3.20,1.80,3.60,2026-09-14T01:39:42.124Z
KJ15,KJ28,3.90,3.90,3.40,1.90,3.90,2026-09-14T01:39:42.125Z
KJ15,KJ29,4.20,4.20,3.60,2.00,4.20,2026-09-14T01:39:42.136Z
KJ15,KJ3,3.50,3.50,3.00,1.70,3.50,2026-09-14T01:39:42.164Z
KJ15,KJ30,4.30,4.30,3.80,2.10,4.30,2026-09-14T01:39:42.298Z
KJ15,KJ31,3.90,3.90,3.40,1.90,3.90,2026-09-14T01:39:42.298Z
KJ15,KJ32,4.10,4.10,3.50,2.00,4.10,2026-09-14T01:39:42.271Z
KJ15,KJ33,4.30,4.30,3.70,2.10,4.30,2026-09-14T01:39:42.288Z
KJ15,KJ34,3.50,3.50,3.10,1.70,3.50,2026-09-14T01:39:42.292Z
KJ15,KJ35,3.70,3.70,3.30,1.80,3.70,2026-09-14T01:39:42.323Z
KJ15,KJ36,3.90,3.90,3.40,1.90,3.90,2026-09-14T01:39:42.326Z
KJ15,KJ37,4.10,4.10,3.60,2.00,4.10,2026-09-14T01:39:42.326Z
KJ15,KJ4,3.70,3.70,3.30,1.80,3.70,2026-09-14T01:39:42.432Z
KJ15,KJ5,3.10,3.10,2.80,1.50,3.10,2026-09-14T01:39:42.453Z
KJ15,KJ6,2.90,2.90,2.60,1.40,2.90,2026-09-14T01:39:42.462Z
KJ15,KJ7,3.10,3.10,2.70,1.60,3.10,2026-09-14T01:39:42.465Z
KJ15,KJ8,2.90,2.90,2.60,1.50,2.90,2026-09-14T01:39:42.465Z
KJ15,KJ9,2.60,2.60,2.30,1.30,2.60,2026-09-14T01:39:42.478Z
KJ15,MR1,3.70,3.70,3.30,1.80,3.70,2026-09-14T01:39:42.477Z
KJ15,MR10,3.30,3.30,2.90,1.50,3.30,2026-09-14T01:39:42.479Z
KJ15,MR11,2.50,2.50,2.20,1.20,2.50,2026-09-14T01:39:42.605Z
KJ15,MR2,3.40,3.40,3.00,1.60,3.40,2026-09-14T01:39:42.618Z
KJ15,MR3,2.40,2.40,2.20,1.10,2.40,2026-09-14T01:39:42.638Z
KJ15,MR4,1.70,1.70,1.60,0.80,1.70,2026-09-14T01:39:42.641Z
KJ15,MR5,2.10,2.10,1.90,0.90,2.10,2026-09-14T01:39:42.647Z
KJ15,MR6,2.40,2.40,2.20,1.10,2.40,2026-09-14T01:39:42.649Z
KJ15,MR7,2.80,2.80,2.50,1.30,2.80,2026-09-14T01:39:42.646Z
KJ15,MR8,3.30,3.30,3.00,1.60,3.30,2026-09-14T01:39:42.654Z
KJ15,MR9,3.80,3.80,3.40,1.80,3.80,2026-09-14T01:39:42.768Z
KJ15,PY01,4.50,4.50,3.90,2.10,4.50,2026-09-14T01:39:42.787Z
KJ15,PY03,5.30,5.30,4.60,2.50,5.30,2026-09-14T01:39:42.799Z
KJ15,PY04,5.60,5.60,4.80,2.70,5.60,2026-09-14T01:39:42.803Z
KJ15,PY05,5.40,5.40,4.60,2.60,5.40,2026-09-14T01:39:42.812Z
KJ15,PY06,5.50,5.50,4.70,2.70,5.50,2026-09-14T01:39:42.810Z
KJ15,PY07,5.20,5.20,4.50,2.50,5.20,2026-09-14T01:39:42.813Z
KJ15,PY08,4.90,4.90,4.20,2.40,4.90,2026-09-14T01:39:42.811Z
KJ15,PY09,5.00,5.00,4.20,2.40,5.00,2026-09-14T01:39:42.933Z
KJ15,PY10,4.70,4.70,4.10,2.30,4.70,2026-09-14T01:39:42.965Z
KJ15,PY11,4.50,4.50,3.90,2.10,4.50,2026-09-14T01:39:42.981Z
KJ15,PY12,4.20,4.20,3.60,2.00,4.20,2026-09-14T01:39:42.985Z
KJ15,PY13,3.90,3.90,3.40,1.80,3.90,2026-09-14T01:39:42.972Z
KJ15,PY14,3.60,3.60,3.10,1.70,3.60,2026-09-14T01:39:42.971Z
KJ15,PY15,3.30,3.30,2.90,1.60,3.30,2026-09-14T01:39:42.978Z
KJ15,PY16,2.90,2.90,2.60,1.40,2.90,2026-09-14T01:39:42.972Z
KJ15,PY17,2.50,2.50,2.20,1.20,2.50,2026-09-14T01:39:43.101Z
KJ15,PY18,2.70,2.70,2.40,1.30,2.70,2026-09-14T01:39:43.130Z
KJ15,PY19,3.10,3.10,2.70,1.50,3.10,2026-09-14T01:39:43.132Z
KJ15,PY20,2.90,2.90,2.50,1.40,2.90,2026-09-14T01:39:43.135Z
KJ15,PY21,2.80,2.80,2.40,1.30,2.80,2026-09-14T01:39:43.138Z
KJ15,PY22,2.60,2.60,2.20,1.20,2.60,2026-09-14T01:39:43.143Z
KJ15,PY23,2.30,2.30,2.00,1.10,2.30,2026-09-14T01:39:43.147Z
KJ15,PY24,2.30,2.30,2.00,1.10,2.30,2026-09-14T01:39:43.140Z
KJ15,PY27,4.20,4.20,3.70,2.00,4.20,2026-09-14T01:39:43.274Z
KJ15,PY28,4.60,4.60,4.00,2.20,4.60,2026-09-14T01:39:43.319Z
KJ15,PY29,3.90,3.90,3.50,1.90,3.90,2026-09-14T01:39:43.319Z
KJ15,PY31,5.00,5.00,4.30,2.50,5.00,2026-09-14T01:39:43.318Z
KJ15,PY32,5.00,5.00,4.30,2.40,5.00,2026-09-14T01:39:43.319Z
KJ15,PY33,5.20,5.20,4.40,2.50,5.20,2026-09-14T01:39:43.331Z
KJ15,PY34,5.50,5.50,4.70,2.70,5.50,2026-09-14T01:39:43.318Z
KJ15,PY36,5.50,5.50,4.70,2.70,5.50,2026-09-14T01:39:43.319Z
KJ15,PY37,5.70,5.70,4.90,2.80,5.70,2026-09-14T01:39:43.443Z
KJ15,PY38,5.20,5.20,4.40,2.50,5.20,2026-09-14T01:39:43.491Z
KJ15,PY39,5.40,5.40,4.60,2.60,5.40,2026-09-14T01:39:43.501Z
KJ15,PY40,5.50,5.50,4.70,2.70,5.50,2026-09-14T01:39:43.488Z
KJ15,PY41,5.70,5.70,4.80,2.70,5.70,2026-09-14T01:39:43.489Z
KJ15,SB1,8.30,8.30,7.10,4.10,8.30,2026-09-14T01:39:43.494Z
KJ15,SB2,7.70,7.70,6.50,3.80,7.70,2026-09-14T01:39:43.495Z
KJ15,SB3,7.00,7.00,6.00,3.50,7.00,2026-09-14T01:39:43.499Z
KJ15,SB4,6.30,6.30,5.40,3.10,6.30,2026-09-14T01:39:43.615Z
KJ15,SB5,5.60,5.60,4.80,2.80,5.60,2026-09-14T01:39:43.650Z
KJ15,SB6,4.70,4.70,4.10,2.30,4.70,2026-09-14T01:39:43.660Z
KJ15,SB7,3.90,3.90,3.40,1.90,3.90,2026-09-14T01:39:43.647Z
KJ15,SP1,2.80,2.80,2.50,1.40,2.80,2026-09-14T01:39:43.664Z
KJ15,SP10,2.00,2.00,1.80,0.90,2.00,2026-09-14T01:39:43.648Z
KJ15,SP11,2.30,2.30,2.00,1.10,2.30,2026-09-14T01:39:43.670Z
KJ15,SP12,2.70,2.70,2.40,1.30,2.70,2026-09-14T01:39:43.670Z
KJ15,SP13,3.10,3.10,2.70,1.50,3.10,2026-09-14T01:39:43.784Z
KJ15,SP14,3.60,3.60,3.20,1.70,3.60,2026-09-14T01:39:43.797Z
KJ15,SP15,3.60,3.60,3.20,1.70,3.60,2026-09-14T01:39:43.802Z
KJ15,SP16,3.90,3.90,3.50,1.90,3.90,2026-09-14T01:39:43.815Z
KJ15,SP17,4.40,4.40,3.80,2.10,4.40,2026-09-14T01:39:43.836Z
KJ15,SP18,4.30,4.30,3.80,2.10,4.30,2026-09-14T01:39:43.845Z
KJ15,SP19,4.40,4.40,3.80,2.10,4.40,2026-09-14T01:39:43.845Z
KJ15,SP2,2.70,2.70,2.40,1.30,2.70,2026-09-14T01:39:44.094Z
KJ15,SP20,4.60,4.60,4.00,2.20,4.60,2026-09-14T01:39:43.971Z
KJ15,SP21,4.80,4.80,4.20,2.30,4.80,2026-09-14T01:39:43.971Z
KJ15,SP22,4.40,4.40,3.80,2.10,4.40,2026-09-14T01:39:43.973Z
KJ15,SP24,4.80,4.80,4.10,2.30,4.80,2026-09-14T01:39:43.984Z
KJ15,SP25,4.40,4.40,3.80,2.10,4.40,2026-09-14T01:39:44.000Z
KJ15,SP26,4.30,4.30,3.70,2.10,4.30,2026-09-14T01:39:44.019Z
KJ15,SP27,4.40,4.40,3.80,2.10,4.40,2026-09-14T01:39:44.015Z
KJ15,SP28,4.50,4.50,4.00,2.20,4.50,2026-09-14T01:39:44.143Z
KJ15,SP29,4.70,4.70,4.10,2.30,4.70,2026-09-14T01:39:44.147Z
KJ15,SP3,2.50,2.50,2.20,1.20,2.50,2026-09-14T01:39:44.132Z
KJ15,SP31,4.10,4.10,3.60,2.00,4.10,2026-09-14T01:39:44.151Z
KJ15,SP4,2.20,2.20,2.00,1.10,2.20,2026-09-14T01:39:44.174Z
KJ15,SP5,2.00,2.00,1.80,1.00,2.00,2026-09-14T01:39:44.183Z
KJ15,SP6,1.80,1.80,1.70,0.90,1.80,2026-09-14T01:39:44.183Z
KJ15,SP7,1.60,1.60,1.50,0.80,1.60,2026-09-14T01:39:44.268Z
KJ15,SP8,1.50,1.50,1.40,0.70,1.50,2026-09-14T01:39:44.308Z
KJ15,SP9,1.70,1.70,1.60,0.80,1.70,2026-09-14T01:39:44.315Z
KJ16,KJ17,1.20,1.20,1.10,0.60,1.20,2026-09-14T01:39:44.320Z
KJ16,KJ18,1.40,1.40,1.30,0.70,1.40,2026-09-14T01:39:44.315Z
KJ16,KJ19,1.60,1.60,1.50,0.80,1.60,2026-09-14T01:39:44.352Z
KJ16,KJ2,4.00,4.00,3.50,2.00,4.00,2026-09-14T01:39:44.352Z
KJ16,KJ20,2.20,2.20,1.90,1.10,2.20,2026-09-14T01:39:44.352Z
KJ16,KJ21,2.40,2.40,2.10,1.20,2.40,2026-09-14T01:39:44.444Z
KJ16,KJ22,2.80,2.80,2.50,1.40,2.80,2026-09-14T01:39:44.490Z
KJ16,KJ23,3.20,3.20,2.80,1.60,3.20,2026-09-14T01:39:44.487Z
KJ16,KJ24,3.10,3.10,2.70,1.50,3.10,2026-09-14T01:39:44.480Z
KJ16,KJ25,3.40,3.40,3.00,1.70,3.40,2026-09-14T01:39:44.481Z
KJ16,KJ26,3.60,3.60,3.10,1.70,3.60,2026-09-14T01:39:44.531Z
KJ16,KJ27,3.90,3.90,3.40,1.90,3.90,2026-09-14T01:39:44.530Z
KJ16,KJ28,3.70,3.70,3.20,1.80,3.70,2026-09-14T01:39:44.532Z
KJ16,KJ29,4.00,4.00,3.40,1.90,4.00,2026-09-14T01:39:44.612Z
KJ16,KJ3,3.70,3.70,3.20,1.80,3.70,2026-09-14T01:39:44.653Z
KJ16,KJ30,4.10,4.10,3.60,2.00,4.10,2026-09-14T01:39:44.653Z
KJ16,KJ31,3.80,3.80,3.30,1.80,3.80,2026-09-14T01:39:44.654Z
KJ16,KJ32,3.90,3.90,3.40,1.90,3.90,2026-09-14T01:39:44.655Z
KJ16,KJ33,4.10,4.10,3.60,2.00,4.10,2026-09-14T01:39:44.699Z
KJ16,KJ34,4.30,4.30,3.70,2.10,4.30,2026-09-14T01:39:44.699Z
KJ16,KJ35,3.60,3.60,3.20,1.80,3.60,2026-09-14T01:39:44.700Z
KJ16,KJ36,3.80,3.80,3.30,1.80,3.80,2026-09-14T01:39:44.775Z
KJ16,KJ37,4.00,4.00,3.50,1.90,4.00,2026-09-14T01:39:44.815Z
KJ16,KJ4,3.50,3.50,3.00,1.70,3.50,2026-09-14T01:39:44.820Z
KJ16,KJ5,3.40,3.40,3.00,1.60,3.40,2026-09-14T01:39:44.822Z
KJ16,KJ6,3.20,3.20,2.80,1.50,3.20,2026-09-14T01:39:44.816Z
KJ16,KJ7,3.00,3.00,2.70,1.50,3.00,2026-09-14T01:39:44.858Z
KJ16,KJ8,2.90,2.90,2.50,1.40,2.90,2026-09-14T01:39:44.862Z
KJ16,KJ9,2.90,2.90,2.60,1.50,2.90,2026-09-14T01:39:44.860Z
KJ16,MR1,4.00,4.00,3.60,2.00,4.00,2026-09-14T01:39:44.954Z
KJ16,MR10,3.60,3.60,3.10,1.70,3.60,2026-09-14T01:39:44.976Z
KJ16,MR11,2.80,2.80,2.40,1.40,2.80,2026-09-14T01:39:44.992Z
KJ16,MR2,3.70,3.70,3.30,1.80,3.70,2026-09-14T01:39:44.992Z
KJ16,MR3,2.70,2.70,2.50,1.30,2.70,2026-09-14T01:39:44.992Z
KJ16,MR4,2.00,2.00,1.90,1.00,2.00,2026-09-14T01:39:45.019Z
KJ16,MR5,2.40,2.40,2.20,1.10,2.40,2026-09-14T01:39:45.018Z
KJ16,MR6,2.70,2.70,2.50,1.30,2.70,2026-09-14T01:39:45.036Z
KJ16,MR7,3.10,3.10,2.80,1.50,3.10,2026-09-14T01:39:45.117Z
KJ16,MR8,3.60,3.60,3.30,1.80,3.60,2026-09-14T01:39:45.145Z
KJ16,MR9,4.10,4.10,3.60,2.00,4.10,2026-09-14T01:39:45.167Z
KJ16,PY01,4.80,4.80,4.20,2.30,4.80,2026-09-14T01:39:45.172Z
KJ16,PY03,5.60,5.60,4.90,2.70,5.60,2026-09-14T01:39:45.172Z
KJ16,PY04,5.90,5.90,5.00,2.90,5.90,2026-09-14T01:39:45.178Z
KJ16,PY05,5.70,5.70,4.80,2.80,5.70,2026-09-14T01:39:45.189Z
KJ16,PY06,5.80,5.80,4.90,2.90,5.80,2026-09-14T01:39:45.191Z
KJ16,PY07,5.50,5.50,4.70,2.70,5.50,2026-09-14T01:39:45.284Z
KJ16,PY08,5.20,5.20,4.40,2.60,5.20,2026-09-14T01:39:45.316Z
KJ16,PY09,5.30,5.30,4.50,2.60,5.30,2026-09-14T01:39:45.327Z
KJ16,PY10,5.00,5.00,4.30,2.50,5.00,2026-09-14T01:39:45.327Z
KJ16,PY11,4.80,4.80,4.10,2.30,4.80,2026-09-14T01:39:45.327Z
KJ16,PY12,4.50,4.50,3.80,2.20,4.50,2026-09-14T01:39:45.330Z
KJ16,PY13,4.20,4.20,3.60,2.00,4.20,2026-09-14T01:39:45.358Z
KJ16,PY14,4.00,4.00,3.40,1.90,4.00,2026-09-14T01:39:45.356Z
KJ16,PY15,3.70,3.70,3.20,1.80,3.70,2026-09-14T01:39:45.459Z
KJ16,PY16,3.20,3.20,2.80,1.60,3.20,2026-09-14T01:39:45.503Z
KJ16,PY17,2.80,2.80,2.40,1.40,2.80,2026-09-14T01:39:45.493Z
KJ16,PY18,3.00,3.00,2.60,1.50,3.00,2026-09-14T01:39:45.493Z
KJ16,PY19,3.40,3.40,2.90,1.70,3.40,2026-09-14T01:39:45.502Z
KJ16,PY20,3.20,3.20,2.80,1.60,3.20,2026-09-14T01:39:45.503Z
KJ16,PY21,3.10,3.10,2.70,1.50,3.10,2026-09-14T01:39:45.516Z
KJ16,PY22,2.90,2.90,2.50,1.40,2.90,2026-09-14T01:39:45.519Z
KJ16,PY23,2.60,2.60,2.30,1.30,2.60,2026-09-14T01:39:45.633Z
KJ16,PY24,2.60,2.60,2.30,1.30,2.60,2026-09-14T01:39:45.663Z
KJ16,PY27,4.50,4.50,3.90,2.20,4.50,2026-09-14T01:39:45.660Z
KJ16,PY28,4.90,4.90,4.20,2.40,4.90,2026-09-14T01:39:45.673Z
KJ16,PY29,4.20,4.20,3.80,2.10,4.20,2026-09-14T01:39:45.680Z
KJ16,PY31,5.30,5.30,4.50,2.70,5.30,2026-09-14T01:39:45.681Z
KJ16,PY32,5.30,5.30,4.60,2.60,5.30,2026-09-14T01:39:45.682Z
KJ16,PY33,5.50,5.50,4.70,2.70,5.50,2026-09-14T01:39:45.682Z
KJ16,PY34,5.80,5.80,5.00,2.90,5.80,2026-09-14T01:39:45.801Z
KJ16,PY36,5.80,5.80,4.90,2.90,5.80,2026-09-14T01:39:45.831Z
KJ16,PY37,6.00,6.00,5.10,3.00,6.00,2026-09-14T01:39:45.831Z
KJ16,PY38,5.50,5.50,4.70,2.70,5.50,2026-09-14T01:39:45.843Z
KJ16,PY39,5.70,5.70,4.90,2.80,5.70,2026-09-14T01:39:45.852Z
KJ16,PY40,5.80,5.80,5.00,2.90,5.80,2026-09-14T01:39:45.844Z
KJ16,PY41,6.00,6.00,5.10,2.90,6.00,2026-09-14T01:39:45.852Z
KJ16,SB1,8.20,8.20,7.00,4.00,8.20,2026-09-14T01:39:45.843Z
KJ16,SB2,7.60,7.60,6.40,3.70,7.60,2026-09-14T01:39:45.966Z
KJ16,SB3,6.90,6.90,5.90,3.40,6.90,2026-09-14T01:39:45.979Z
KJ16,SB4,6.20,6.20,5.30,3.00,6.20,2026-09-14T01:39:46.002Z
KJ16,SB5,5.50,5.50,4.70,2.70,5.50,2026-09-14T01:39:46.021Z
KJ16,SB6,4.60,4.60,4.00,2.20,4.60,2026-09-14T01:39:46.021Z
KJ16,SB7,3.80,3.80,3.30,1.80,3.80,2026-09-14T01:39:46.014Z
KJ16,SP1,3.10,3.10,2.70,1.60,3.10,2026-09-14T01:39:46.021Z
KJ16,SP10,2.30,2.30,2.10,1.10,2.30,2026-09-14T01:39:46.021Z
KJ16,SP11,2.60,2.60,2.30,1.30,2.60,2026-09-14T01:39:46.139Z
KJ16,SP12,3.00,3.00,2.70,1.50,3.00,2026-09-14T01:39:46.148Z
KJ16,SP13,3.50,3.50,3.10,1.70,3.50,2026-09-14T01:39:46.162Z
KJ16,SP14,3.90,3.90,3.50,1.90,3.90,2026-09-14T01:39:46.189Z
KJ16,SP15,3.90,3.90,3.50,1.90,3.90,2026-09-14T01:39:46.186Z
KJ16,SP16,4.20,4.20,3.80,2.10,4.20,2026-09-14T01:39:46.189Z
KJ16,SP17,4.70,4.70,4.10,2.30,4.70,2026-09-14T01:39:46.188Z
KJ16,SP18,4.60,4.60,4.00,2.30,4.60,2026-09-14T01:39:46.190Z
KJ16,SP19,4.70,4.70,4.10,2.30,4.70,2026-09-14T01:39:46.310Z
KJ16,SP2,3.00,3.00,2.60,1.50,3.00,2026-09-14T01:39:46.313Z
KJ16,SP20,4.90,4.90,4.30,2.40,4.90,2026-09-14T01:39:46.330Z
KJ16,SP21,5.10,5.10,4.50,2.50,5.10,2026-09-14T01:39:46.355Z
KJ16,SP22,4.70,4.70,4.10,2.30,4.70,2026-09-14T01:39:46.362Z
KJ16,SP24,5.10,5.10,4.40,2.50,5.10,2026-09-14T01:39:46.359Z
KJ16,SP25,4.70,4.70,4.00,2.30,4.70,2026-09-14T01:39:46.368Z
KJ16,SP26,4.60,4.60,4.00,2.30,4.60,2026-09-14T01:39:46.359Z
KJ16,SP27,4.70,4.70,4.10,2.30,4.70,2026-09-14T01:39:46.485Z
KJ16,SP28,4.80,4.80,4.30,2.40,4.80,2026-09-14T01:39:46.484Z
KJ16,SP29,4.80,4.80,4.20,2.30,4.80,2026-09-14T01:39:46.489Z
KJ16,SP3,2.80,2.80,2.40,1.40,2.80,2026-09-14T01:39:46.525Z
KJ16,SP31,4.00,4.00,3.50,1.90,4.00,2026-09-14T01:39:46.530Z
KJ16,SP4,2.50,2.50,2.20,1.30,2.50,2026-09-14T01:39:46.526Z
KJ16,SP5,2.30,2.30,2.00,1.20,2.30,2026-09-14T01:39:46.525Z
KJ16,SP6,2.10,2.10,1.90,1.10,2.10,2026-09-14T01:39:46.528Z
KJ16,SP7,1.90,1.90,1.70,1.00,1.90,2026-09-14T01:39:46.659Z
KJ16,SP8,1.80,1.80,1.70,0.90,1.80,2026-09-14T01:39:46.659Z
KJ16,SP9,2.00,2.00,1.90,1.00,2.00,2026-09-14T01:39:46.659Z
KJ17,KJ18,1.00,1.00,1.00,0.50,1.00,2026-09-14T01:39:46.708Z
KJ17,KJ19,1.30,1.30,1.20,0.60,1.30,2026-09-14T01:39:46.704Z
KJ17,KJ2,4.00,4.00,3.50,2.00,4.00,2026-09-14T01:39:46.708Z
KJ17,KJ20,2.00,2.00,1.80,1.00,2.00,2026-09-14T01:39:46.710Z
KJ17,KJ21,2.10,2.10,1.90,1.00,2.10,2026-09-14T01:39:46.708Z
KJ17,KJ22,2.50,2.50,2.20,1.30,2.50,2026-09-14T01:39:46.831Z
KJ17,KJ23,2.90,2.90,2.50,1.40,2.90,2026-09-14T01:39:46.833Z
KJ17,KJ24,3.10,3.10,2.70,1.60,3.10,2026-09-14T01:39:46.834Z
KJ17,KJ25,3.10,3.10,2.80,1.50,3.10,2026-09-14T01:39:46.863Z
KJ17,KJ26,3.30,3.30,2.90,1.60,3.30,2026-09-14T01:39:46.876Z
KJ17,KJ27,3.70,3.70,3.20,1.80,3.70,2026-09-14T01:39:46.875Z
KJ17,KJ28,3.50,3.50,3.10,1.70,3.50,2026-09-14T01:39:46.872Z
KJ17,KJ29,3.70,3.70,3.30,1.80,3.70,2026-09-14T01:39:46.887Z
KJ17,KJ3,3.70,3.70,3.20,1.80,3.70,2026-09-14T01:39:47.013Z
KJ17,KJ30,3.90,3.90,3.40,1.90,3.90,2026-09-14T01:39:47.008Z
KJ17,KJ31,4.30,4.30,3.70,2.10,4.30,2026-09-14T01:39:47.005Z
KJ17,KJ32,3.70,3.70,3.30,1.80,3.70,2026-09-14T01:39:47.043Z
KJ17,KJ33,3.90,3.90,3.40,1.90,3.90,2026-09-14T01:39:47.044Z
KJ17,KJ34,4.10,4.10,3.60,2.00,4.10,2026-09-14T01:39:47.044Z
KJ17,KJ35,4.40,4.40,3.80,2.10,4.40,2026-09-14T01:39:47.044Z
KJ17,KJ36,3.70,3.70,3.20,1.80,3.70,2026-09-14T01:39:47.051Z
KJ17,KJ37,3.80,3.80,3.30,1.90,3.80,2026-09-14T01:39:47.183Z
KJ17,KJ4,3.70,3.70,3.20,1.80,3.70,2026-09-14T01:39:47.184Z
KJ17,KJ5,3.70,3.70,3.20,1.80,3.70,2026-09-14T01:39:47.194Z
KJ17,KJ6,3.50,3.50,3.00,1.70,3.50,2026-09-14T01:39:47.207Z
KJ17,KJ7,3.30,3.30,2.90,1.60,3.30,2026-09-14T01:39:47.206Z
KJ17,KJ8,3.20,3.20,2.80,1.50,3.20,2026-09-14T01:39:47.210Z
KJ17,KJ9,2.90,2.90,2.60,1.40,2.90,2026-09-14T01:39:47.206Z
KJ17,MR1,4.40,4.40,3.90,2.20,4.40,2026-09-14T01:39:47.223Z
KJ17,MR10,3.80,3.80,3.30,1.80,3.80,2026-09-14T01:39:47.352Z
KJ17,MR11,3.00,3.00,2.60,1.50,3.00,2026-09-14T01:39:47.353Z
KJ17,MR2,4.10,4.10,3.60,2.00,4.10,2026-09-14T01:39:47.361Z
KJ17,MR3,3.10,3.10,2.80,1.50,3.10,2026-09-14T01:39:47.382Z
KJ17,MR4,2.40,2.40,2.20,1.20,2.40,2026-09-14T01:39:47.414Z
KJ17,MR5,2.80,2.80,2.50,1.30,2.80,2026-09-14T01:39:47.388Z
KJ17,MR6,3.10,3.10,2.80,1.50,3.10,2026-09-14T01:39:47.454Z
KJ17,MR7,3.50,3.50,3.10,1.70,3.50,2026-09-14T01:39:47.396Z
KJ17,MR8,4.00,4.00,3.60,2.00,4.00,2026-09-14T01:39:47.494Z
KJ17,MR9,4.40,4.40,3.80,2.20,4.40,2026-09-14T01:39:47.513Z
KJ17,PY01,5.20,5.20,4.50,2.50,5.20,2026-09-14T01:39:47.533Z
KJ17,PY03,6.00,6.00,5.20,2.90,6.00,2026-09-14T01:39:47.542Z
KJ17,PY04,6.10,6.10,5.20,3.00,6.10,2026-09-14T01:39:47.551Z
KJ17,PY05,5.90,5.90,5.00,2.90,5.90,2026-09-14T01:39:47.566Z
KJ17,PY06,6.00,6.00,5.10,3.00,6.00,2026-09-14T01:39:47.573Z
KJ17,PY07,5.70,5.70,4.90,2.80,5.70,2026-09-14T01:39:47.624Z
KJ17,PY08,5.40,5.40,4.60,2.70,5.40,2026-09-14T01:39:47.672Z
KJ17,PY09,5.50,5.50,4.70,2.70,5.50,2026-09-14T01:39:47.669Z
KJ17,PY10,5.20,5.20,4.50,2.60,5.20,2026-09-14T01:39:47.705Z
KJ17,PY11,5.00,5.00,4.30,2.40,5.00,2026-09-14T01:39:47.695Z
KJ17,PY12,4.70,4.70,4.00,2.30,4.70,2026-09-14T01:39:47.970Z
KJ17,PY13,4.40,4.40,3.80,2.10,4.40,2026-09-14T01:39:47.710Z
KJ17,PY14,4.20,4.20,3.60,2.00,4.20,2026-09-14T01:39:47.749Z
KJ17,PY15,3.90,3.90,3.40,1.90,3.90,2026-09-14T01:39:47.789Z
KJ17,PY16,3.50,3.50,3.10,1.70,3.50,2026-09-14T01:39:47.849Z
KJ17,PY17,3.00,3.00,2.60,1.50,3.00,2026-09-14T01:39:47.838Z
KJ17,PY18,3.20,3.20,2.80,1.60,3.20,2026-09-14T01:39:47.858Z
KJ17,PY19,3.70,3.70,3.20,1.80,3.70,2026-09-14T01:39:47.873Z
KJ17,PY20,3.70,3.70,3.20,1.80,3.70,2026-09-14T01:39:47.871Z
KJ17,PY21,3.50,3.50,3.00,1.70,3.50,2026-09-14T01:39:47.900Z
KJ17,PY22,3.30,3.30,2.80,1.60,3.30,2026-09-14T01:39:47.954Z
KJ17,PY23,3.00,3.00,2.60,1.50,3.00,2026-09-14T01:39:47.996Z
KJ17,PY24,3.00,3.00,2.60,1.50,3.00,2026-09-14T01:39:47.998Z
KJ17,PY27,4.70,4.70,4.10,2.30,4.70,2026-09-14T01:39:48.026Z
KJ17,PY28,5.10,5.10,4.40,2.50,5.10,2026-09-14T01:39:48.042Z
KJ17,PY29,4.60,4.60,4.10,2.30,4.60,2026-09-14T01:39:48.045Z
KJ17,PY31,5.50,5.50,4.70,2.80,5.50,2026-09-14T01:39:48.057Z
KJ17,PY32,5.70,5.70,4.90,2.80,5.70,2026-09-14T01:39:48.108Z
KJ17,PY33,5.90,5.90,5.00,2.90,5.90,2026-09-14T01:39:48.134Z
KJ17,PY34,6.10,6.10,5.20,3.00,6.10,2026-09-14T01:39:48.160Z
KJ17,PY36,6.00,6.00,5.10,3.00,6.00,2026-09-14T01:39:48.158Z
KJ17,PY37,6.20,6.20,5.30,3.10,6.20,2026-09-14T01:39:48.191Z
KJ17,PY38,5.90,5.90,5.00,2.90,5.90,2026-09-14T01:39:48.206Z
KJ17,PY39,6.10,6.10,5.20,3.00,6.10,2026-09-14T01:39:48.216Z
KJ17,PY40,6.20,6.20,5.30,3.10,6.20,2026-09-14T01:39:48.219Z
KJ17,PY41,6.40,6.40,5.40,3.10,6.40,2026-09-14T01:39:48.264Z
KJ17,SB1,8.70,8.70,7.40,4.30,8.70,2026-09-14T01:39:48.309Z
KJ17,SB2,8.10,8.10,6.80,4.00,8.10,2026-09-14T01:39:48.325Z
KJ17,SB3,7.40,7.40,6.30,3.70,7.40,2026-09-14T01:39:48.322Z
KJ17,SB4,6.70,6.70,5.70,3.30,6.70,2026-09-14T01:39:48.364Z
KJ17,SB5,6.00,6.00,5.10,3.00,6.00,2026-09-14T01:39:48.354Z
KJ17,SB6,5.10,5.10,4.40,2.50,5.10,2026-09-14T01:39:48.367Z
KJ17,SB7,4.30,4.30,3.70,2.10,4.30,2026-09-14T01:39:48.371Z
KJ17,SP1,3.40,3.40,3.00,1.70,3.40,2026-09-14T01:39:48.412Z
KJ17,SP10,2.70,2.70,2.40,1.30,2.70,2026-09-14T01:39:48.464Z
KJ17,SP11,3.00,3.00,2.60,1.50,3.00,2026-09-14T01:39:48.484Z
KJ17,SP12,3.50,3.50,3.10,1.70,3.50,2026-09-14T01:39:48.504Z
KJ17,SP13,3.90,3.90,3.40,1.90,3.90,2026-09-14T01:39:48.530Z
KJ17,SP14,4.30,4.30,3.80,2.10,4.30,2026-09-14T01:39:48.530Z
KJ17,SP15,4.30,4.30,3.80,2.10,4.30,2026-09-14T01:39:48.532Z
KJ17,SP16,4.60,4.60,4.10,2.30,4.60,2026-09-14T01:39:48.532Z
KJ17,SP17,5.10,5.10,4.40,2.50,5.10,2026-09-14T01:39:48.579Z
KJ17,SP18,4.80,4.80,4.20,2.40,4.80,2026-09-14T01:39:48.622Z
KJ17,SP19,5.10,5.10,4.40,2.50,5.10,2026-09-14T01:39:48.656Z
KJ17,SP2,3.20,3.20,2.80,1.60,3.20,2026-09-14T01:39:48.945Z
KJ17,SP20,5.30,5.30,4.60,2.60,5.30,2026-09-14T01:39:48.697Z
KJ17,SP21,5.50,5.50,4.80,2.70,5.50,2026-09-14T01:39:48.696Z
KJ17,SP22,5.10,5.10,4.40,2.50,5.10,2026-09-14T01:39:48.697Z
KJ17,SP24,5.50,5.50,4.70,2.70,5.50,2026-09-14T01:39:48.697Z
KJ17,SP25,4.90,4.90,4.20,2.40,4.90,2026-09-14T01:39:48.743Z
KJ17,SP26,5.00,5.00,4.30,2.50,5.00,2026-09-14T01:39:48.796Z
KJ17,SP27,5.10,5.10,4.40,2.50,5.10,2026-09-14T01:39:48.817Z
KJ17,SP28,5.00,5.00,4.30,2.50,5.00,2026-09-14T01:39:48.857Z
KJ17,SP29,4.60,4.60,4.00,2.30,4.60,2026-09-14T01:39:48.856Z
KJ17,SP3,3.00,3.00,2.60,1.50,3.00,2026-09-14T01:39:48.851Z
KJ17,SP31,3.80,3.80,3.30,1.90,3.80,2026-09-14T01:39:48.851Z
KJ17,SP4,2.70,2.70,2.40,1.40,2.70,2026-09-14T01:39:48.903Z
KJ17,SP5,2.50,2.50,2.20,1.30,2.50,2026-09-14T01:39:48.946Z
KJ17,SP6,2.30,2.30,2.10,1.20,2.30,2026-09-14T01:39:49.001Z
KJ17,SP7,2.10,2.10,1.90,1.10,2.10,2026-09-14T01:39:49.026Z
KJ17,SP8,2.20,2.20,2.00,1.10,2.20,2026-09-14T01:39:49.025Z
KJ17,SP9,2.40,2.40,2.20,1.20,2.40,2026-09-14T01:39:49.026Z
KJ18,KJ19,1.00,1.00,1.00,0.50,1.00,2026-09-14T01:39:49.029Z
KJ18,KJ2,3.70,3.70,3.20,1.80,3.70,2026-09-14T01:39:49.065Z
KJ18,KJ20,1.80,1.80,1.60,0.90,1.80,2026-09-14T01:39:49.112Z
KJ18,KJ21,1.90,1.90,1.70,0.90,1.90,2026-09-14T01:39:49.108Z
KJ18,KJ22,2.30,2.30,2.10,1.20,2.30,2026-09-14T01:39:49.171Z
KJ18,KJ23,2.70,2.70,2.40,1.30,2.70,2026-09-14T01:39:49.203Z
KJ18,KJ24,2.90,2.90,2.60,1.50,2.90,2026-09-14T01:39:49.194Z
KJ18,KJ25,3.00,3.00,2.60,1.40,3.00,2026-09-14T01:39:49.195Z
KJ18,KJ26,3.20,3.20,2.80,1.50,3.20,2026-09-14T01:39:49.198Z
KJ18,KJ27,3.50,3.50,3.10,1.70,3.50,2026-09-14T01:39:49.231Z
KJ18,KJ28,3.80,3.80,3.40,1.90,3.80,2026-09-14T01:39:49.274Z
KJ18,KJ29,3.60,3.60,3.10,1.80,3.60,2026-09-14T01:39:49.281Z
KJ18,KJ3,4.00,4.00,3.50,2.00,4.00,2026-09-14T01:39:49.348Z
KJ18,KJ30,3.80,3.80,3.30,1.80,3.80,2026-09-14T01:39:49.370Z
KJ18,KJ31,4.10,4.10,3.60,2.00,4.10,2026-09-14T01:39:49.371Z
KJ18,KJ32,4.30,4.30,3.70,2.10,4.30,2026-09-14T01:39:49.374Z
KJ18,KJ33,3.80,3.80,3.30,1.90,3.80,2026-09-14T01:39:49.371Z
KJ18,KJ34,4.00,4.00,3.50,1.90,4.00,2026-09-14T01:39:49.394Z
KJ18,KJ35,4.30,4.30,3.70,2.10,4.30,2026-09-14T01:39:49.428Z
KJ18,KJ36,3.60,3.60,3.10,1.70,3.60,2026-09-14T01:39:49.444Z
KJ18,KJ37,3.80,3.80,3.30,1.80,3.80,2026-09-14T01:39:49.530Z
KJ18,KJ4,3.80,3.80,3.30,1.90,3.80,2026-09-14T01:39:49.534Z
KJ18,KJ5,3.80,3.80,3.30,1.90,3.80,2026-09-14T01:39:49.548Z
KJ18,KJ6,3.60,3.60,3.20,1.80,3.60,2026-09-14T01:39:49.548Z
KJ18,KJ7,3.50,3.50,3.10,1.70,3.50,2026-09-14T01:39:49.552Z
KJ18,KJ8,3.30,3.30,2.90,1.60,3.30,2026-09-14T01:39:49.559Z
KJ18,KJ9,3.10,3.10,2.70,1.50,3.10,2026-09-14T01:39:49.573Z
KJ18,MR1,4.40,4.40,3.90,2.20,4.40,2026-09-14T01:39:49.591Z
KJ18,MR10,4.00,4.00,3.50,1.90,4.00,2026-09-14T01:39:49.695Z
KJ18,MR11,3.20,3.20,2.80,1.60,3.20,2026-09-14T01:39:49.696Z
KJ18,MR2,4.10,4.10,3.60,2.00,4.10,2026-09-14T01:39:49.701Z
KJ18,MR3,3.10,3.10,2.80,1.50,3.10,2026-09-14T01:39:49.712Z
KJ18,MR4,2.40,2.40,2.20,1.20,2.40,2026-09-14T01:39:49.720Z
KJ18,MR5,2.80,2.80,2.50,1.30,2.80,2026-09-14T01:39:49.721Z
KJ18,MR6,3.10,3.10,2.80,1.50,3.10,2026-09-14T01:39:49.745Z
KJ18,MR7,3.50,3.50,3.10,1.70,3.50,2026-09-14T01:39:49.749Z
KJ18,MR8,4.00,4.00,3.60,2.00,4.00,2026-09-14T01:39:49.872Z
KJ18,MR9,4.50,4.50,4.00,2.20,4.50,2026-09-14T01:39:49.871Z
KJ18,PY01,5.20,5.20,4.50,2.50,5.20,2026-09-14T01:39:49.857Z
KJ18,PY03,6.00,6.00,5.20,2.90,6.00,2026-09-14T01:39:49.874Z
KJ18,PY04,6.30,6.30,5.40,3.10,6.30,2026-09-14T01:39:49.885Z
KJ18,PY05,6.10,6.10,5.20,3.00,6.10,2026-09-14T01:39:49.893Z
KJ18,PY06,6.20,6.20,5.30,3.10,6.20,2026-09-14T01:39:49.898Z
KJ18,PY07,5.90,5.90,5.10,2.90,5.90,2026-09-14T01:39:49.899Z
KJ18,PY08,5.60,5.60,4.80,2.80,5.60,2026-09-14T01:39:50.032Z
KJ18,PY09,5.70,5.70,4.80,2.80,5.70,2026-09-14T01:39:50.054Z
KJ18,PY10,5.40,5.40,4.70,2.70,5.40,2026-09-14T01:39:50.052Z
KJ18,PY11,5.20,5.20,4.50,2.50,5.20,2026-09-14T01:39:50.074Z
KJ18,PY12,4.90,4.90,4.20,2.40,4.90,2026-09-14T01:39:50.080Z
KJ18,PY13,4.60,4.60,4.00,2.20,4.60,2026-09-14T01:39:50.079Z
KJ18,PY14,4.40,4.40,3.80,2.10,4.40,2026-09-14T01:39:50.080Z
KJ18,PY15,4.10,4.10,3.60,2.00,4.10,2026-09-14T01:39:50.077Z
KJ18,PY16,3.70,3.70,3.30,1.80,3.70,2026-09-14T01:39:50.205Z
KJ18,PY17,3.20,3.20,2.80,1.60,3.20,2026-09-14T01:39:50.221Z
KJ18,PY18,3.50,3.50,3.10,1.70,3.50,2026-09-14T01:39:50.218Z
KJ18,PY19,3.90,3.90,3.40,1.90,3.90,2026-09-14T01:39:50.236Z
KJ18,PY20,3.70,3.70,3.20,1.80,3.70,2026-09-14T01:39:50.241Z
KJ18,PY21,3.60,3.60,3.10,1.70,3.60,2026-09-14T01:39:50.238Z
KJ18,PY22,3.30,3.30,2.80,1.60,3.30,2026-09-14T01:39:50.239Z
KJ18,PY23,3.00,3.00,2.60,1.50,3.00,2026-09-14T01:39:50.238Z
KJ18,PY24,3.00,3.00,2.60,1.50,3.00,2026-09-14T01:39:50.382Z
KJ18,PY27,4.90,4.90,4.30,2.40,4.90,2026-09-14T01:39:50.388Z
KJ18,PY28,5.30,5.30,4.60,2.60,5.30,2026-09-14T01:39:50.391Z
KJ18,PY29,4.60,4.60,4.10,2.30,4.60,2026-09-14T01:39:50.412Z
KJ18,PY31,5.70,5.70,4.90,2.90,5.70,2026-09-14T01:39:50.430Z
KJ18,PY32,5.70,5.70,4.90,2.80,5.70,2026-09-14T01:39:50.412Z
KJ18,PY33,5.90,5.90,5.00,2.90,5.90,2026-09-14T01:39:50.428Z
KJ18,PY34,6.20,6.20,5.30,3.10,6.20,2026-09-14T01:39:50.413Z
KJ18,PY36,6.20,6.20,5.30,3.10,6.20,2026-09-14T01:39:50.549Z
KJ18,PY37,6.40,6.40,5.50,3.20,6.40,2026-09-14T01:39:50.558Z
KJ18,PY38,5.90,5.90,5.00,2.90,5.90,2026-09-14T01:39:50.572Z
KJ18,PY39,6.10,6.10,5.20,3.00,6.10,2026-09-14T01:39:50.567Z
KJ18,PY40,6.20,6.20,5.30,3.10,6.20,2026-09-14T01:39:50.575Z
KJ18,PY41,6.40,6.40,5.40,3.10,6.40,2026-09-14T01:39:50.571Z
KJ18,SB1,8.50,8.50,7.30,4.20,8.50,2026-09-14T01:39:50.599Z
KJ18,SB2,7.90,7.90,6.70,3.90,7.90,2026-09-14T01:39:50.592Z
KJ18,SB3,7.20,7.20,6.20,3.60,7.20,2026-09-14T01:39:50.719Z
KJ18,SB4,6.50,6.50,5.60,3.20,6.50,2026-09-14T01:39:50.721Z
KJ18,SB5,5.80,5.80,5.00,2.90,5.80,2026-09-14T01:39:50.733Z
KJ18,SB6,4.90,4.90,4.30,2.40,4.90,2026-09-14T01:39:50.736Z
KJ18,SB7,4.10,4.10,3.60,2.00,4.10,2026-09-14T01:39:50.735Z
KJ18,SP1,3.60,3.60,3.20,1.80,3.60,2026-09-14T01:39:50.734Z
KJ18,SP10,2.70,2.70,2.40,1.30,2.70,2026-09-14T01:39:50.762Z
KJ18,SP11,3.00,3.00,2.60,1.50,3.00,2026-09-14T01:39:50.758Z
KJ18,SP12,3.50,3.50,3.10,1.70,3.50,2026-09-14T01:39:50.893Z
KJ18,SP13,3.90,3.90,3.40,1.90,3.90,2026-09-14T01:39:50.892Z
KJ18,SP14,4.30,4.30,3.80,2.10,4.30,2026-09-14T01:39:50.904Z
KJ18,SP15,4.30,4.30,3.80,2.10,4.30,2026-09-14T01:39:50.907Z
KJ18,SP16,4.60,4.60,4.10,2.30,4.60,2026-09-14T01:39:50.909Z
KJ18,SP17,5.10,5.10,4.40,2.50,5.10,2026-09-14T01:39:50.913Z
KJ18,SP18,5.00,5.00,4.40,2.50,5.00,2026-09-14T01:39:50.925Z
KJ18,SP19,5.10,5.10,4.40,2.50,5.10,2026-09-14T01:39:50.921Z
KJ18,SP2,3.50,3.50,3.10,1.70,3.50,2026-09-14T01:39:51.057Z
KJ18,SP20,5.30,5.30,4.60,2.60,5.30,2026-09-14T01:39:51.058Z
KJ18,SP21,5.50,5.50,4.80,2.70,5.50,2026-09-14T01:39:51.070Z
KJ18,SP22,5.10,5.10,4.40,2.50,5.10,2026-09-14T01:39:51.075Z
KJ18,SP24,5.50,5.50,4.70,2.70,5.50,2026-09-14T01:39:51.075Z
KJ18,SP25,5.10,5.10,4.40,2.50,5.10,2026-09-14T01:39:51.089Z
KJ18,SP26,5.00,5.00,4.30,2.50,5.00,2026-09-14T01:39:51.089Z
KJ18,SP27,5.10,5.10,4.40,2.50,5.10,2026-09-14T01:39:51.088Z
KJ18,SP28,5.00,5.00,4.30,2.40,5.00,2026-09-14T01:39:51.237Z
KJ18,SP29,4.60,4.60,4.00,2.20,4.60,2026-09-14T01:39:51.235Z
KJ18,SP3,3.20,3.20,2.80,1.60,3.20,2026-09-14T01:39:51.228Z
KJ18,SP31,3.80,3.80,3.30,1.80,3.80,2026-09-14T01:39:51.249Z
KJ18,SP4,2.90,2.90,2.60,1.50,2.90,2026-09-14T01:39:51.251Z
KJ18,SP5,2.70,2.70,2.40,1.40,2.70,2026-09-14T01:39:51.272Z
KJ18,SP6,2.50,2.50,2.30,1.30,2.50,2026-09-14T01:39:51.260Z
KJ18,SP7,2.30,2.30,2.10,1.20,2.30,2026-09-14T01:39:51.272Z
KJ18,SP8,2.20,2.20,2.00,1.10,2.20,2026-09-14T01:39:51.397Z
KJ18,SP9,2.40,2.40,2.20,1.20,2.40,2026-09-14T01:39:51.398Z
KJ19,KJ2,3.80,3.80,3.30,1.90,3.80,2026-09-14T01:39:51.396Z
KJ19,KJ20,1.50,1.50,1.40,0.80,1.50,2026-09-14T01:39:51.412Z
KJ19,KJ21,1.80,1.80,1.60,0.90,1.80,2026-09-14T01:39:51.413Z
KJ19,KJ22,2.10,2.10,1.90,1.10,2.10,2026-09-14T01:39:51.429Z
KJ19,KJ23,2.50,2.50,2.20,1.20,2.50,2026-09-14T01:39:51.431Z
KJ19,KJ24,2.70,2.70,2.40,1.40,2.70,2026-09-14T01:39:51.437Z
KJ19,KJ25,3.10,3.10,2.80,1.60,3.10,2026-09-14T01:39:51.572Z
KJ19,KJ26,3.00,3.00,2.60,1.40,3.00,2026-09-14T01:39:51.573Z
KJ19,KJ27,3.30,3.30,2.90,1.60,3.30,2026-09-14T01:39:51.573Z
KJ19,KJ28,3.70,3.70,3.20,1.80,3.70,2026-09-14T01:39:51.581Z
KJ19,KJ29,3.50,3.50,3.00,1.70,3.50,2026-09-14T01:39:51.586Z
KJ19,KJ3,4.20,4.20,3.60,2.00,4.20,2026-09-14T01:39:51.604Z
KJ19,KJ30,3.60,3.60,3.20,1.80,3.60,2026-09-14T01:39:51.604Z
KJ19,KJ31,4.00,4.00,3.50,2.00,4.00,2026-09-14T01:39:51.603Z
KJ19,KJ32,4.10,4.10,3.60,2.00,4.10,2026-09-14T01:39:51.742Z
KJ19,KJ33,3.70,3.70,3.20,1.80,3.70,2026-09-14T01:39:51.741Z
KJ19,KJ34,3.90,3.90,3.40,1.90,3.90,2026-09-14T01:39:51.743Z
KJ19,KJ35,4.10,4.10,3.60,2.00,4.10,2026-09-14T01:39:51.741Z
KJ19,KJ36,4.40,4.40,3.80,2.10,4.40,2026-09-14T01:39:51.761Z
KJ19,KJ37,3.70,3.70,3.20,1.80,3.70,2026-09-14T01:39:51.767Z
KJ19,KJ4,4.00,4.00,3.50,1.90,4.00,2026-09-14T01:39:51.773Z
KJ19,KJ5,3.50,3.50,3.10,1.70,3.50,2026-09-14T01:39:51.773Z
KJ19,KJ6,3.80,3.80,3.30,1.80,3.80,2026-09-14T01:39:51.894Z
KJ19,KJ7,3.70,3.70,3.20,1.80,3.70,2026-09-14T01:39:51.906Z
KJ19,KJ8,3.50,3.50,3.10,1.70,3.50,2026-09-14T01:39:51.905Z
KJ19,KJ9,3.30,3.30,2.90,1.60,3.30,2026-09-14T01:39:51.924Z
KJ19,MR1,4.60,4.60,4.10,2.30,4.60,2026-09-14T01:39:51.921Z
KJ19,MR10,4.20,4.20,3.60,2.00,4.20,2026-09-14T01:39:51.936Z
KJ19,MR11,3.50,3.50,3.00,1.70,3.50,2026-09-14T01:39:51.936Z
KJ19,MR2,4.30,4.30,3.80,2.10,4.30,2026-09-14T01:39:51.935Z
KJ19,MR3,3.30,3.30,3.00,1.60,3.30,2026-09-14T01:39:52.065Z
KJ19,MR4,2.60,2.60,2.40,1.30,2.60,2026-09-14T01:39:52.064Z
KJ19,MR5,3.00,3.00,2.70,1.40,3.00,2026-09-14T01:39:52.063Z
KJ19,MR6,3.30,3.30,3.00,1.60,3.30,2026-09-14T01:39:52.074Z
KJ19,MR7,3.70,3.70,3.30,1.80,3.70,2026-09-14T01:39:52.103Z
KJ19,MR8,4.20,4.20,3.80,2.10,4.20,2026-09-14T01:39:52.095Z
KJ19,MR9,4.70,4.70,4.10,2.30,4.70,2026-09-14T01:39:52.100Z
KJ19,PY01,5.40,5.40,4.70,2.60,5.40,2026-09-14T01:39:52.103Z
KJ19,PY03,6.20,6.20,5.40,3.00,6.20,2026-09-14T01:39:52.243Z
KJ19,PY04,6.50,6.50,5.50,3.20,6.50,2026-09-14T01:39:52.246Z
KJ19,PY05,6.30,6.30,5.30,3.10,6.30,2026-09-14T01:39:52.243Z
KJ19,PY06,6.40,6.40,5.40,3.20,6.40,2026-09-14T01:39:52.248Z
KJ19,PY07,6.10,6.10,5.20,3.00,6.10,2026-09-14T01:39:52.271Z
KJ19,PY08,5.80,5.80,4.90,2.90,5.80,2026-09-14T01:39:52.303Z
KJ19,PY09,5.90,5.90,5.00,2.90,5.90,2026-09-14T01:39:52.292Z
KJ19,PY10,5.60,5.60,4.80,2.80,5.60,2026-09-14T01:39:52.270Z
KJ19,PY11,5.40,5.40,4.60,2.60,5.40,2026-09-14T01:39:52.418Z
KJ19,PY12,5.10,5.10,4.30,2.50,5.10,2026-09-14T01:39:52.411Z
KJ19,PY13,4.80,4.80,4.10,2.30,4.80,2026-09-14T01:39:52.412Z
KJ19,PY14,4.60,4.60,3.90,2.20,4.60,2026-09-14T01:39:52.418Z
KJ19,PY15,4.30,4.30,3.70,2.10,4.30,2026-09-14T01:39:52.424Z
KJ19,PY16,3.90,3.90,3.40,1.90,3.90,2026-09-14T01:39:52.435Z
KJ19,PY17,3.50,3.50,3.00,1.70,3.50,2026-09-14T01:39:52.449Z
KJ19,PY18,3.70,3.70,3.20,1.80,3.70,2026-09-14T01:39:52.455Z
KJ19,PY19,4.10,4.10,3.50,2.00,4.10,2026-09-14T01:39:52.567Z
KJ19,PY20,3.90,3.90,3.40,1.90,3.90,2026-09-14T01:39:52.565Z
KJ19,PY21,3.80,3.80,3.30,1.80,3.80,2026-09-14T01:39:52.568Z
KJ19,PY22,3.60,3.60,3.10,1.70,3.60,2026-09-14T01:39:52.577Z
KJ19,PY23,3.20,3.20,2.80,1.60,3.20,2026-09-14T01:39:52.597Z
KJ19,PY24,3.20,3.20,2.80,1.60,3.20,2026-09-14T01:39:52.593Z
KJ19,PY27,5.10,5.10,4.40,2.50,5.10,2026-09-14T01:39:52.603Z
KJ19,PY28,5.50,5.50,4.70,2.70,5.50,2026-09-14T01:39:52.612Z
KJ19,PY29,4.80,4.80,4.30,2.40,4.80,2026-09-14T01:39:52.743Z
KJ19,PY31,5.90,5.90,5.00,3.00,5.90,2026-09-14T01:39:52.736Z
KJ19,PY32,5.90,5.90,5.10,2.90,5.90,2026-09-14T01:39:52.734Z
KJ19,PY33,6.10,6.10,5.20,3.00,6.10,2026-09-14T01:39:52.761Z
KJ19,PY34,6.40,6.40,5.50,3.20,6.40,2026-09-14T01:39:52.768Z
KJ19,PY36,6.40,6.40,5.40,3.20,6.40,2026-09-14T01:39:52.766Z
KJ19,PY37,6.60,6.60,5.60,3.30,6.60,2026-09-14T01:39:52.766Z
KJ19,PY38,6.10,6.10,5.20,3.00,6.10,2026-09-14T01:39:52.777Z
KJ19,PY39,6.30,6.30,5.40,3.10,6.30,2026-09-14T01:39:52.909Z
KJ19,PY40,6.40,6.40,5.50,3.20,6.40,2026-09-14T01:39:52.902Z
KJ19,PY41,6.60,6.60,5.60,3.20,6.60,2026-09-14T01:39:52.909Z
KJ19,SB1,8.40,8.40,7.20,4.20,8.40,2026-09-14T01:39:52.919Z
KJ19,SB2,7.80,7.80,6.60,3.90,7.80,2026-09-14T01:39:52.945Z
KJ19,SB3,7.10,7.10,6.10,3.60,7.10,2026-09-14T01:39:52.920Z
KJ19,SB4,6.40,6.40,5.50,3.20,6.40,2026-09-14T01:39:52.914Z
KJ19,SB5,5.70,5.70,4.90,2.90,5.70,2026-09-14T01:39:52.943Z
KJ19,SB6,4.80,4.80,4.20,2.40,4.80,2026-09-14T01:39:53.077Z
KJ19,SB7,4.00,4.00,3.50,2.00,4.00,2026-09-14T01:39:53.078Z
KJ19,SP1,3.80,3.80,3.30,1.90,3.80,2026-09-14T01:39:53.075Z
KJ19,SP10,2.90,2.90,2.60,1.40,2.90,2026-09-14T01:39:53.077Z
KJ19,SP11,3.20,3.20,2.80,1.60,3.20,2026-09-14T01:39:53.089Z
KJ19,SP12,3.70,3.70,3.30,1.80,3.70,2026-09-14T01:39:53.091Z
KJ19,SP13,4.10,4.10,3.60,2.00,4.10,2026-09-14T01:39:53.105Z
KJ19,SP14,4.50,4.50,4.00,2.20,4.50,2026-09-14T01:39:53.100Z
KJ19,SP15,4.50,4.50,4.00,2.20,4.50,2026-09-14T01:39:53.251Z
KJ19,SP16,4.80,4.80,4.30,2.40,4.80,2026-09-14T01:39:53.246Z
KJ19,SP17,5.30,5.30,4.60,2.60,5.30,2026-09-14T01:39:53.247Z
KJ19,SP18,5.20,5.20,4.50,2.60,5.20,2026-09-14T01:39:53.256Z
KJ19,SP19,5.30,5.30,4.60,2.60,5.30,2026-09-14T01:39:53.258Z
KJ19,SP2,3.70,3.70,3.20,1.80,3.70,2026-09-14T01:39:53.262Z
KJ19,SP20,5.50,5.50,4.80,2.70,5.50,2026-09-14T01:39:53.258Z
KJ19,SP21,5.70,5.70,5.00,2.80,5.70,2026-09-14T01:39:53.279Z
KJ19,SP22,5.30,5.30,4.60,2.60,5.30,2026-09-14T01:39:53.423Z
KJ19,SP24,5.70,5.70,4.90,2.80,5.70,2026-09-14T01:39:53.423Z
KJ19,SP25,5.30,5.30,4.50,2.60,5.30,2026-09-14T01:39:53.422Z
KJ19,SP26,5.20,5.20,4.50,2.60,5.20,2026-09-14T01:39:53.422Z
KJ19,SP27,5.30,5.30,4.50,2.60,5.30,2026-09-14T01:39:53.438Z
KJ19,SP28,4.90,4.90,4.20,2.40,4.90,2026-09-14T01:39:53.436Z
KJ19,SP29,4.50,4.50,3.90,2.20,4.50,2026-09-14T01:39:53.432Z
KJ19,SP3,3.50,3.50,3.00,1.70,3.50,2026-09-14T01:39:53.444Z
KJ19,SP31,3.70,3.70,3.20,1.80,3.70,2026-09-14T01:39:53.594Z
KJ19,SP4,3.10,3.10,2.70,1.60,3.10,2026-09-14T01:39:53.594Z
KJ19,SP5,2.90,2.90,2.50,1.50,2.90,2026-09-14T01:39:53.589Z
KJ19,SP6,2.70,2.70,2.40,1.40,2.70,2026-09-14T01:39:53.591Z
KJ19,SP7,2.50,2.50,2.20,1.30,2.50,2026-09-14T01:39:53.603Z
KJ19,SP8,2.40,2.40,2.20,1.20,2.40,2026-09-14T01:39:53.609Z
KJ19,SP9,2.60,2.60,2.40,1.30,2.60,2026-09-14T01:39:53.608Z
KJ2,KJ20,4.20,4.20,3.60,2.00,4.20,2026-09-14T01:39:53.620Z
KJ2,KJ21,4.30,4.30,3.70,2.10,4.30,2026-09-14T01:39:53.758Z
KJ2,KJ22,3.60,3.60,3.20,1.80,3.60,2026-09-14T01:39:53.764Z
KJ2,KJ23,3.80,3.80,3.30,1.80,3.80,2026-09-14T01:39:53.761Z
KJ2,KJ24,3.90,3.90,3.40,1.90,3.90,2026-09-14T01:39:53.755Z
KJ2,KJ25,4.20,4.20,3.70,2.10,4.20,2026-09-14T01:39:53.777Z
KJ2,KJ26,4.30,4.30,3.70,2.10,4.30,2026-09-14T01:39:53.770Z
KJ2,KJ27,4.50,4.50,3.90,2.20,4.50,2026-09-14T01:39:53.780Z
KJ2,KJ28,4.60,4.60,4.00,2.30,4.60,2026-09-14T01:39:53.788Z
KJ2,KJ29,4.80,4.80,4.10,2.30,4.80,2026-09-14T01:39:53.915Z
KJ2,KJ3,1.40,1.40,1.30,0.70,1.40,2026-09-14T01:39:53.934Z
KJ2,KJ30,4.90,4.90,4.20,2.40,4.90,2026-09-14T01:39:53.965Z
KJ2,KJ31,5.10,5.10,4.40,2.50,5.10,2026-09-14T01:39:53.949Z
KJ2,KJ32,5.20,5.20,4.50,2.60,5.20,2026-09-14T01:39:53.949Z
KJ2,KJ33,5.40,5.40,4.60,2.60,5.40,2026-09-14T01:39:53.949Z
KJ2,KJ34,5.50,5.50,4.70,2.70,5.50,2026-09-14T01:39:53.977Z
KJ2,KJ35,5.70,5.70,4.90,2.80,5.70,2026-09-14T01:39:53.994Z
KJ2,KJ36,5.90,5.90,5.00,2.90,5.90,2026-09-14T01:39:54.084Z
KJ2,KJ37,6.00,6.00,5.20,3.00,6.00,2026-09-14T01:39:54.099Z
KJ2,KJ4,1.70,1.70,1.60,0.90,1.70,2026-09-14T01:39:54.109Z
KJ2,KJ5,2.40,2.40,2.10,1.20,2.40,2026-09-14T01:39:54.118Z
KJ2,KJ6,2.60,2.60,2.30,1.30,2.60,2026-09-14T01:39:54.116Z
KJ2,KJ7,2.80,2.80,2.40,1.40,2.80,2026-09-14T01:39:54.126Z
KJ2,KJ8,3.00,3.00,2.60,1.50,3.00,2026-09-14T01:39:54.130Z
KJ2,KJ9,2.90,2.90,2.60,1.40,2.90,2026-09-14T01:39:54.146Z
KJ2,MR1,5.90,5.90,5.10,2.90,5.90,2026-09-14T01:39:54.264Z
KJ2,MR10,5.50,5.50,4.70,2.60,5.50,2026-09-14T01:39:54.266Z
KJ2,MR11,4.80,4.80,4.10,2.30,4.80,2026-09-14T01:39:54.283Z
KJ2,MR2,5.60,5.60,4.80,2.70,5.60,2026-09-14T01:39:54.282Z
KJ2,MR3,4.60,4.60,4.00,2.20,4.60,2026-09-14T01:39:54.312Z
KJ2,MR4,4.00,4.00,3.50,1.90,4.00,2026-09-14T01:39:54.295Z
KJ2,MR5,4.30,4.30,3.70,2.00,4.30,2026-09-14T01:39:54.325Z
KJ2,MR6,4.60,4.60,4.00,2.20,4.60,2026-09-14T01:39:54.325Z
KJ2,MR7,5.00,5.00,4.30,2.40,5.00,2026-09-14T01:39:54.435Z
KJ2,MR8,5.50,5.50,4.80,2.70,5.50,2026-09-14T01:39:54.439Z
KJ2,MR9,6.00,6.00,5.20,2.90,6.00,2026-09-14T01:39:54.458Z
KJ2,PY01,6.70,6.70,5.70,3.20,6.70,2026-09-14T01:39:54.463Z
KJ2,PY03,7.50,7.50,6.40,3.60,7.50,2026-09-14T01:39:54.463Z
KJ2,PY04,7.80,7.80,6.60,3.80,7.80,2026-09-14T01:39:54.479Z
KJ2,PY05,7.60,7.60,6.40,3.70,7.60,2026-09-14T01:39:54.481Z
KJ2,PY06,7.70,7.70,6.50,3.80,7.70,2026-09-14T01:39:54.483Z
KJ2,PY07,7.40,7.40,6.30,3.60,7.40,2026-09-14T01:39:54.603Z
KJ2,PY08,7.10,7.10,6.00,3.50,7.10,2026-09-14T01:39:54.613Z
KJ2,PY09,7.20,7.20,6.00,3.50,7.20,2026-09-14T01:39:54.632Z
KJ2,PY10,6.90,6.90,5.90,3.40,6.90,2026-09-14T01:39:54.632Z
KJ2,PY11,6.70,6.70,5.70,3.20,6.70,2026-09-14T01:39:54.633Z
KJ2,PY12,6.40,6.40,5.40,3.10,6.40,2026-09-14T01:39:54.650Z
KJ2,PY13,6.10,6.10,5.20,2.90,6.10,2026-09-14T01:39:54.643Z
KJ2,PY14,5.90,5.90,5.00,2.80,5.90,2026-09-14T01:39:54.643Z
KJ2,PY15,5.60,5.60,4.80,2.70,5.60,2026-09-14T01:39:54.767Z
KJ2,PY16,5.20,5.20,4.50,2.50,5.20,2026-09-14T01:39:54.800Z
KJ2,PY17,4.80,4.80,4.10,2.30,4.80,2026-09-14T01:39:54.804Z
KJ2,PY18,5.00,5.00,4.30,2.40,5.00,2026-09-14T01:39:54.807Z
KJ2,PY19,5.40,5.40,4.60,2.60,5.40,2026-09-14T01:39:54.812Z
KJ2,PY20,5.20,5.20,4.40,2.50,5.20,2026-09-14T01:39:54.823Z
KJ2,PY21,5.10,5.10,4.30,2.40,5.10,2026-09-14T01:39:54.820Z
KJ2,PY22,4.90,4.90,4.10,2.30,4.90,2026-09-14T01:39:54.820Z
KJ2,PY23,4.60,4.60,3.90,2.20,4.60,2026-09-14T01:39:54.947Z
KJ2,PY24,4.60,4.60,3.90,2.20,4.60,2026-09-14T01:39:54.979Z
KJ2,PY27,6.40,6.40,5.50,3.10,6.40,2026-09-14T01:39:54.976Z
KJ2,PY28,6.80,6.80,5.80,3.30,6.80,2026-09-14T01:39:54.982Z
KJ2,PY29,6.10,6.10,5.30,3.00,6.10,2026-09-14T01:39:54.993Z
KJ2,PY31,7.20,7.20,6.10,3.60,7.20,2026-09-14T01:39:54.993Z
KJ2,PY32,7.20,7.20,6.10,3.50,7.20,2026-09-14T01:39:54.996Z
KJ2,PY33,7.40,7.40,6.20,3.60,7.40,2026-09-14T01:39:55.004Z
KJ2,PY34,7.70,7.70,6.50,3.80,7.70,2026-09-14T01:39:55.109Z
KJ2,PY36,7.70,7.70,6.50,3.80,7.70,2026-09-14T01:39:55.137Z
KJ2,PY37,7.90,7.90,6.70,3.90,7.90,2026-09-14T01:39:55.141Z
KJ2,PY38,7.40,7.40,6.20,3.60,7.40,2026-09-14T01:39:55.154Z
KJ2,PY39,7.60,7.60,6.40,3.70,7.60,2026-09-14T01:39:55.154Z
KJ2,PY40,7.70,7.70,6.50,3.80,7.70,2026-09-14T01:39:55.155Z
KJ2,PY41,7.90,7.90,6.60,3.80,7.90,2026-09-14T01:39:55.152Z
KJ2,SB1,9.50,9.50,8.10,4.70,9.50,2026-09-14T01:39:55.157Z
KJ2,SB2,8.90,8.90,7.50,4.40,8.90,2026-09-14T01:39:55.282Z
KJ2,SB3,8.20,8.20,7.00,4.10,8.20,2026-09-14T01:39:55.315Z
KJ2,SB4,7.50,7.50,6.40,3.70,7.50,2026-09-14T01:39:55.315Z
KJ2,SB5,6.80,6.80,5.80,3.40,6.80,2026-09-14T01:39:55.315Z
KJ2,SB6,5.90,5.90,5.10,2.90,5.90,2026-09-14T01:39:55.342Z
KJ2,SB7,5.10,5.10,4.40,2.50,5.10,2026-09-14T01:39:55.332Z
KJ2,SP1,5.10,5.10,4.40,2.50,5.10,2026-09-14T01:39:55.344Z
KJ2,SP10,4.30,4.30,3.70,2.00,4.30,2026-09-14T01:39:55.352Z
KJ2,SP11,4.60,4.60,3.90,2.20,4.60,2026-09-14T01:39:55.449Z
KJ2,SP12,5.00,5.00,4.30,2.40,5.00,2026-09-14T01:39:55.484Z
KJ2,SP13,5.40,5.40,4.60,2.60,5.40,2026-09-14T01:39:55.483Z
KJ2,SP14,5.80,5.80,5.00,2.80,5.80,2026-09-14T01:39:55.483Z
KJ2,SP15,5.80,5.80,5.00,2.80,5.80,2026-09-14T01:39:55.497Z
KJ2,SP16,6.10,6.10,5.30,3.00,6.10,2026-09-14T01:39:55.491Z
KJ2,SP17,6.60,6.60,5.60,3.20,6.60,2026-09-14T01:39:55.499Z
KJ2,SP18,6.50,6.50,5.60,3.20,6.50,2026-09-14T01:39:55.517Z
KJ2,SP19,6.60,6.60,5.60,3.20,6.60,2026-09-14T01:39:55.623Z
KJ2,SP2,5.00,5.00,4.30,2.40,5.00,2026-09-14T01:39:55.659Z
KJ2,SP20,6.80,6.80,5.80,3.30,6.80,2026-09-14T01:39:55.658Z
KJ2,SP21,7.00,7.00,6.00,3.40,7.00,2026-09-14T01:39:55.661Z
KJ2,SP22,6.60,6.60,5.60,3.20,6.60,2026-09-14T01:39:55.661Z
KJ2,SP24,7.00,7.00,5.90,3.40,7.00,2026-09-14T01:39:55.677Z
KJ2,SP25,6.60,6.60,5.60,3.20,6.60,2026-09-14T01:39:55.677Z
KJ2,SP26,6.50,6.50,5.50,3.20,6.50,2026-09-14T01:39:55.692Z
KJ2,SP27,6.60,6.60,5.60,3.20,6.60,2026-09-14T01:39:55.790Z
KJ2,SP28,6.70,6.70,5.80,3.30,6.70,2026-09-14T01:39:55.824Z
KJ2,SP29,6.80,6.80,5.90,3.40,6.80,2026-09-14T01:39:55.823Z
KJ2,SP3,4.80,4.80,4.10,2.30,4.80,2026-09-14T01:39:55.822Z
KJ2,SP31,6.00,6.00,5.20,3.00,6.00,2026-09-14T01:39:55.823Z
KJ2,SP4,4.50,4.50,3.90,2.20,4.50,2026-09-14T01:39:55.835Z
KJ2,SP5,4.30,4.30,3.70,2.10,4.30,2026-09-14T01:39:55.833Z
KJ2,SP6,4.10,4.10,3.60,2.00,4.10,2026-09-14T01:39:55.864Z
KJ2,SP7,3.90,3.90,3.40,1.90,3.90,2026-09-14T01:39:55.961Z
KJ2,SP8,3.80,3.80,3.30,1.80,3.80,2026-09-14T01:39:55.998Z
KJ2,SP9,4.00,4.00,3.50,1.90,4.00,2026-09-14T01:39:55.990Z
KJ20,KJ21,1.10,1.10,1.00,0.50,1.10,2026-09-14T01:39:55.995Z
KJ20,KJ22,1.50,1.50,1.40,0.80,1.50,2026-09-14T01:39:56.016Z
KJ20,KJ23,2.00,2.00,1.80,1.00,2.00,2026-09-14T01:39:56.005Z
KJ20,KJ24,2.10,2.10,1.90,1.00,2.10,2026-09-14T01:39:56.009Z
KJ20,KJ25,2.50,2.50,2.20,1.30,2.50,2026-09-14T01:39:56.019Z
KJ20,KJ26,2.70,2.70,2.40,1.40,2.70,2026-09-14T01:39:56.136Z
KJ20,KJ27,3.10,3.10,2.70,1.60,3.10,2026-09-14T01:39:56.162Z
KJ20,KJ28,3.10,3.10,2.80,1.50,3.10,2026-09-14T01:39:56.170Z
KJ20,KJ29,3.40,3.40,3.00,1.70,3.40,2026-09-14T01:39:56.164Z
KJ20,KJ3,3.90,3.90,3.40,1.90,3.90,2026-09-14T01:39:56.192Z
KJ20,KJ30,3.70,3.70,3.20,1.80,3.70,2026-09-14T01:39:56.197Z
KJ20,KJ31,3.60,3.60,3.10,1.70,3.60,2026-09-14T01:39:56.188Z
KJ20,KJ32,3.70,3.70,3.20,1.80,3.70,2026-09-14T01:39:56.192Z
KJ20,KJ33,4.00,4.00,3.50,1.90,4.00,2026-09-14T01:39:56.301Z
KJ20,KJ34,4.20,4.20,3.60,2.00,4.20,2026-09-14T01:39:56.331Z
KJ20,KJ35,3.80,3.80,3.30,1.80,3.80,2026-09-14T01:39:56.329Z
KJ20,KJ36,4.00,4.00,3.50,2.00,4.00,2026-09-14T01:39:56.333Z
KJ20,KJ37,4.20,4.20,3.70,2.10,4.20,2026-09-14T01:39:56.361Z
KJ20,KJ4,3.70,3.70,3.20,1.80,3.70,2026-09-14T01:39:56.356Z
KJ20,KJ5,3.90,3.90,3.40,1.90,3.90,2026-09-14T01:39:56.358Z
KJ20,KJ6,3.70,3.70,3.30,1.80,3.70,2026-09-14T01:39:56.358Z
KJ20,KJ7,3.60,3.60,3.20,1.80,3.60,2026-09-14T01:39:56.468Z
KJ20,KJ8,3.50,3.50,3.10,1.70,3.50,2026-09-14T01:39:56.490Z
KJ20,KJ9,3.80,3.80,3.30,1.80,3.80,2026-09-14T01:39:56.494Z
KJ20,MR1,5.30,5.30,4.60,2.60,5.30,2026-09-14T01:39:56.490Z
KJ20,MR10,4.90,4.90,4.20,2.30,4.90,2026-09-14T01:39:56.526Z
KJ20,MR11,4.20,4.20,3.60,2.00,4.20,2026-09-14T01:39:56.521Z
KJ20,MR2,5.00,5.00,4.30,2.40,5.00,2026-09-14T01:39:56.520Z
KJ20,MR3,4.00,4.00,3.50,1.90,4.00,2026-09-14T01:39:56.524Z
KJ20,MR4,3.40,3.40,3.00,1.60,3.40,2026-09-14T01:39:56.643Z
KJ20,MR5,3.70,3.70,3.20,1.70,3.70,2026-09-14T01:39:56.656Z
KJ20,MR6,4.00,4.00,3.50,1.90,4.00,2026-09-14T01:39:56.658Z
KJ20,MR7,4.40,4.40,3.80,2.10,4.40,2026-09-14T01:39:56.658Z
KJ20,MR8,4.90,4.90,4.30,2.40,4.90,2026-09-14T01:39:56.696Z
KJ20,MR9,5.40,5.40,4.70,2.60,5.40,2026-09-14T01:39:56.689Z
KJ20,PY01,6.10,6.10,5.20,2.90,6.10,2026-09-14T01:39:56.696Z
KJ20,PY03,6.90,6.90,5.90,3.30,6.90,2026-09-14T01:39:56.693Z
KJ20,PY04,7.20,7.20,6.10,3.50,7.20,2026-09-14T01:39:56.818Z
KJ20,PY05,7.00,7.00,5.90,3.40,7.00,2026-09-14T01:39:56.829Z
KJ20,PY06,7.10,7.10,6.00,3.50,7.10,2026-09-14T01:39:56.829Z
KJ20,PY07,6.80,6.80,5.80,3.30,6.80,2026-09-14T01:39:56.829Z
KJ20,PY08,6.50,6.50,5.50,3.20,6.50,2026-09-14T01:39:56.867Z
KJ20,PY09,6.60,6.60,5.50,3.20,6.60,2026-09-14T01:39:56.864Z
KJ20,PY10,6.30,6.30,5.40,3.10,6.30,2026-09-14T01:39:56.866Z
KJ20,PY11,6.10,6.10,5.20,2.90,6.10,2026-09-14T01:39:56.864Z
KJ20,PY12,5.80,5.80,4.90,2.80,5.80,2026-09-14T01:39:56.992Z
KJ20,PY13,5.50,5.50,4.70,2.60,5.50,2026-09-14T01:39:57.002Z
KJ20,PY14,5.30,5.30,4.50,2.50,5.30,2026-09-14T01:39:56.997Z
KJ20,PY15,5.00,5.00,4.30,2.40,5.00,2026-09-14T01:39:56.997Z
KJ20,PY16,4.60,4.60,4.00,2.20,4.60,2026-09-14T01:39:57.035Z
KJ20,PY17,4.20,4.20,3.60,2.00,4.20,2026-09-14T01:39:57.035Z
KJ20,PY18,4.40,4.40,3.80,2.10,4.40,2026-09-14T01:39:57.036Z
KJ20,PY19,4.80,4.80,4.10,2.30,4.80,2026-09-14T01:39:57.035Z
KJ20,PY20,4.60,4.60,3.90,2.20,4.60,2026-09-14T01:39:57.158Z
KJ20,PY21,4.50,4.50,3.80,2.10,4.50,2026-09-14T01:39:57.162Z
KJ20,PY22,4.30,4.30,3.60,2.00,4.30,2026-09-14T01:39:57.157Z
KJ20,PY23,4.00,4.00,3.40,1.90,4.00,2026-09-14T01:39:57.172Z
KJ20,PY24,4.00,4.00,3.40,1.90,4.00,2026-09-14T01:39:57.202Z
KJ20,PY27,5.80,5.80,5.00,2.80,5.80,2026-09-14T01:39:57.208Z
KJ20,PY28,6.20,6.20,5.30,3.00,6.20,2026-09-14T01:39:57.200Z
KJ20,PY29,5.50,5.50,4.80,2.70,5.50,2026-09-14T01:39:57.203Z
KJ20,PY31,6.60,6.60,5.60,3.30,6.60,2026-09-14T01:39:57.349Z
KJ20,PY32,6.60,6.60,5.60,3.20,6.60,2026-09-14T01:39:57.335Z
KJ20,PY33,6.80,6.80,5.70,3.30,6.80,2026-09-14T01:39:57.347Z
KJ20,PY34,7.10,7.10,6.00,3.50,7.10,2026-09-14T01:39:57.346Z
KJ20,PY36,7.10,7.10,6.00,3.50,7.10,2026-09-14T01:39:57.379Z
KJ20,PY37,7.30,7.30,6.20,3.60,7.30,2026-09-14T01:39:57.379Z
KJ20,PY38,6.80,6.80,5.70,3.30,6.80,2026-09-14T01:39:57.379Z
KJ20,PY39,7.00,7.00,5.90,3.40,7.00,2026-09-14T01:39:57.381Z
KJ20,PY40,7.10,7.10,6.00,3.50,7.10,2026-09-14T01:39:57.506Z
KJ20,PY41,7.30,7.30,6.10,3.50,7.30,2026-09-14T01:39:57.537Z
KJ20,SB1,8.00,8.00,6.80,3.90,8.00,2026-09-14T01:39:57.515Z
KJ20,SB2,7.40,7.40,6.20,3.60,7.40,2026-09-14T01:39:57.515Z
KJ20,SB3,6.70,6.70,5.70,3.30,6.70,2026-09-14T01:39:57.578Z
KJ20,SB4,6.00,6.00,5.10,2.90,6.00,2026-09-14T01:39:57.571Z
KJ20,SB5,5.30,5.30,4.50,2.60,5.30,2026-09-14T01:39:57.577Z
KJ20,SB6,4.40,4.40,3.80,2.10,4.40,2026-09-14T01:39:57.552Z
KJ20,SB7,3.60,3.60,3.10,1.70,3.60,2026-09-14T01:39:57.673Z
KJ20,SP1,4.50,4.50,3.90,2.20,4.50,2026-09-14T01:39:57.679Z
KJ20,SP10,3.70,3.70,3.20,1.70,3.70,2026-09-14T01:39:57.673Z
KJ20,SP11,4.00,4.00,3.40,1.90,4.00,2026-09-14T01:39:57.705Z
KJ20,SP12,4.40,4.40,3.80,2.10,4.40,2026-09-14T01:39:57.723Z
KJ20,SP13,4.80,4.80,4.10,2.30,4.80,2026-09-14T01:39:57.719Z
KJ20,SP14,5.20,5.20,4.50,2.50,5.20,2026-09-14T01:39:57.749Z
KJ20,SP15,5.20,5.20,4.50,2.50,5.20,2026-09-14T01:39:57.749Z
KJ20,SP16,5.50,5.50,4.80,2.70,5.50,2026-09-14T01:39:57.842Z
KJ20,SP17,6.00,6.00,5.10,2.90,6.00,2026-09-14T01:39:57.837Z
KJ20,SP18,5.90,5.90,5.10,2.90,5.90,2026-09-14T01:39:57.842Z
KJ20,SP19,6.00,6.00,5.10,2.90,6.00,2026-09-14T01:39:57.876Z
KJ20,SP2,4.40,4.40,3.80,2.10,4.40,2026-09-14T01:39:57.892Z
KJ20,SP20,6.20,6.20,5.30,3.00,6.20,2026-09-14T01:39:57.882Z
KJ20,SP21,6.40,6.40,5.50,3.10,6.40,2026-09-14T01:39:57.922Z
KJ20,SP22,6.00,6.00,5.10,2.90,6.00,2026-09-14T01:39:57.922Z
KJ20,SP24,6.30,6.30,5.40,3.10,6.30,2026-09-14T01:39:58.004Z
KJ20,SP25,6.00,6.00,5.10,2.90,6.00,2026-09-14T01:39:58.029Z
KJ20,SP26,5.90,5.90,5.00,2.90,5.90,2026-09-14T01:39:58.017Z
KJ20,SP27,5.80,5.80,5.00,2.90,5.80,2026-09-14T01:39:58.049Z
KJ20,SP28,5.40,5.40,4.70,2.70,5.40,2026-09-14T01:39:58.049Z
KJ20,SP29,5.00,5.00,4.40,2.50,5.00,2026-09-14T01:39:58.049Z
KJ20,SP3,4.20,4.20,3.60,2.00,4.20,2026-09-14T01:39:58.075Z
KJ20,SP31,4.20,4.20,3.70,2.10,4.20,2026-09-14T01:39:58.075Z
KJ20,SP4,3.90,3.90,3.40,1.90,3.90,2026-09-14T01:39:58.171Z
KJ20,SP5,3.70,3.70,3.20,1.80,3.70,2026-09-14T01:39:58.185Z
KJ20,SP6,3.50,3.50,3.10,1.70,3.50,2026-09-14T01:39:58.199Z
KJ20,SP7,3.20,3.20,2.80,1.60,3.20,2026-09-14T01:39:58.210Z
KJ20,SP8,3.10,3.10,2.70,1.50,3.10,2026-09-14T01:39:58.217Z
KJ20,SP9,3.40,3.40,3.00,1.60,3.40,2026-09-14T01:39:58.213Z
KJ21,KJ22,1.30,1.30,1.20,0.70,1.30,2026-09-14T01:39:58.243Z
KJ21,KJ23,1.70,1.70,1.60,0.90,1.70,2026-09-14T01:39:58.242Z
KJ21,KJ24,1.90,1.90,1.70,0.90,1.90,2026-09-14T01:39:58.351Z
KJ21,KJ25,2.30,2.30,2.00,1.10,2.30,2026-09-14T01:39:58.360Z
KJ21,KJ26,2.50,2.50,2.20,1.30,2.50,2026-09-14T01:39:58.379Z
KJ21,KJ27,2.90,2.90,2.50,1.50,2.90,2026-09-14T01:39:58.378Z
KJ21,KJ28,3.00,3.00,2.60,1.40,3.00,2026-09-14T01:39:58.393Z
KJ21,KJ29,3.30,3.30,2.90,1.60,3.30,2026-09-14T01:39:58.393Z
KJ21,KJ3,4.00,4.00,3.50,1.90,4.00,2026-09-14T01:39:58.393Z
KJ21,KJ30,3.50,3.50,3.00,1.70,3.50,2026-09-14T01:39:58.395Z
KJ21,KJ31,3.90,3.90,3.40,1.90,3.90,2026-09-14T01:39:58.649Z
KJ21,KJ32,3.60,3.60,3.10,1.70,3.60,2026-09-14T01:39:58.650Z
KJ21,KJ33,3.80,3.80,3.30,1.90,3.80,2026-09-14T01:39:58.648Z
KJ21,KJ34,4.00,4.00,3.50,2.00,4.00,2026-09-14T01:39:58.647Z
KJ21,KJ35,3.70,3.70,3.20,1.80,3.70,2026-09-14T01:39:58.698Z
KJ21,KJ36,3.90,3.90,3.40,1.90,3.90,2026-09-14T01:39:58.697Z
KJ21,KJ37,4.10,4.10,3.60,2.00,4.10,2026-09-14T01:39:58.697Z
KJ21,KJ4,3.80,3.80,3.30,1.90,3.80,2026-09-14T01:39:58.698Z
KJ21,KJ5,4.10,4.10,3.50,2.00,4.10,2026-09-14T01:39:58.820Z
KJ21,KJ6,3.90,3.90,3.40,1.90,3.90,2026-09-14T01:39:58.814Z
KJ21,KJ7,3.80,3.80,3.30,1.80,3.80,2026-09-14T01:39:58.812Z
KJ21,KJ8,3.60,3.60,3.20,1.80,3.60,2026-09-14T01:39:58.811Z
KJ21,KJ9,3.40,3.40,3.00,1.70,3.40,2026-09-14T01:39:58.857Z
KJ21,MR1,5.40,5.40,4.70,2.70,5.40,2026-09-14T01:39:58.853Z
KJ21,MR10,4.60,4.60,4.00,2.20,4.60,2026-09-14T01:39:58.856Z
KJ21,MR11,3.90,3.90,3.40,1.90,3.90,2026-09-14T01:39:58.851Z
KJ21,MR2,5.10,5.10,4.40,2.50,5.10,2026-09-14T01:39:58.988Z
KJ21,MR3,4.10,4.10,3.60,2.00,4.10,2026-09-14T01:39:58.991Z
KJ21,MR4,3.50,3.50,3.10,1.70,3.50,2026-09-14T01:39:58.986Z
KJ21,MR5,3.80,3.80,3.30,1.80,3.80,2026-09-14T01:39:59.214Z
KJ21,MR6,4.10,4.10,3.60,2.00,4.10,2026-09-14T01:39:59.017Z
KJ21,MR7,4.50,4.50,3.90,2.20,4.50,2026-09-14T01:39:59.015Z
KJ21,MR8,5.00,5.00,4.40,2.50,5.00,2026-09-14T01:39:59.042Z
KJ21,MR9,5.20,5.20,4.50,2.60,5.20,2026-09-14T01:39:59.046Z
KJ21,PY01,6.30,6.30,5.40,3.10,6.30,2026-09-14T01:39:59.162Z
KJ21,PY03,6.80,6.80,5.90,3.40,6.80,2026-09-14T01:39:59.178Z
KJ21,PY04,6.90,6.90,5.90,3.40,6.90,2026-09-14T01:39:59.152Z
KJ21,PY05,6.70,6.70,5.70,3.30,6.70,2026-09-14T01:39:59.184Z
KJ21,PY06,6.80,6.80,5.80,3.40,6.80,2026-09-14T01:39:59.186Z
KJ21,PY07,6.50,6.50,5.60,3.20,6.50,2026-09-14T01:39:59.196Z
KJ21,PY08,6.20,6.20,5.30,3.10,6.20,2026-09-14T01:39:59.200Z
KJ21,PY09,6.30,6.30,5.40,3.10,6.30,2026-09-14T01:39:59.340Z
KJ21,PY10,6.00,6.00,5.20,3.00,6.00,2026-09-14T01:39:59.329Z
KJ21,PY11,5.80,5.80,5.00,2.80,5.80,2026-09-14T01:39:59.346Z
KJ21,PY12,5.50,5.50,4.70,2.70,5.50,2026-09-14T01:39:59.346Z
KJ21,PY13,5.20,5.20,4.50,2.50,5.20,2026-09-14T01:39:59.360Z
KJ21,PY14,5.00,5.00,4.30,2.40,5.00,2026-09-14T01:39:59.362Z
KJ21,PY15,4.70,4.70,4.10,2.30,4.70,2026-09-14T01:39:59.371Z
KJ21,PY16,4.30,4.30,3.80,2.10,4.30,2026-09-14T01:39:59.368Z
KJ21,PY17,3.90,3.90,3.40,1.90,3.90,2026-09-14T01:39:59.496Z
KJ21,PY18,4.10,4.10,3.60,2.00,4.10,2026-09-14T01:39:59.521Z
KJ21,PY19,4.50,4.50,3.90,2.20,4.50,2026-09-14T01:39:59.541Z
KJ21,PY20,4.80,4.80,4.10,2.40,4.80,2026-09-14T01:39:59.516Z
KJ21,PY21,4.70,4.70,4.00,2.30,4.70,2026-09-14T01:39:59.543Z
KJ21,PY22,4.50,4.50,3.80,2.20,4.50,2026-09-14T01:39:59.542Z
KJ21,PY23,4.10,4.10,3.60,2.00,4.10,2026-09-14T01:39:59.544Z
KJ21,PY24,4.10,4.10,3.60,2.00,4.10,2026-09-14T01:39:59.547Z
KJ21,PY27,5.50,5.50,4.80,2.70,5.50,2026-09-14T01:39:59.673Z
KJ21,PY28,5.90,5.90,5.10,2.90,5.90,2026-09-14T01:39:59.686Z
KJ21,PY29,5.50,5.50,4.80,2.80,5.50,2026-09-14T01:39:59.695Z
KJ21,PY31,6.30,6.30,5.40,3.20,6.30,2026-09-14T01:39:59.711Z
KJ21,PY32,6.60,6.60,5.70,3.30,6.60,2026-09-14T01:39:59.726Z
KJ21,PY33,6.80,6.80,5.90,3.40,6.80,2026-09-14T01:39:59.737Z
KJ21,PY34,6.90,6.90,5.90,3.40,6.90,2026-09-14T01:39:59.725Z
KJ21,PY36,6.80,6.80,5.80,3.40,6.80,2026-09-14T01:39:59.713Z
KJ21,PY37,7.00,7.00,6.00,3.50,7.00,2026-09-14T01:39:59.859Z
KJ21,PY38,7.00,7.00,5.90,3.50,7.00,2026-09-14T01:39:59.872Z
KJ21,PY39,6.90,6.90,5.90,3.40,6.90,2026-09-14T01:39:59.868Z
KJ21,PY40,7.10,7.10,6.10,3.50,7.10,2026-09-14T01:39:59.868Z
KJ21,PY41,7.20,7.20,6.20,3.50,7.20,2026-09-14T01:39:59.894Z
KJ21,SB1,8.30,8.30,7.10,4.10,8.30,2026-09-14T01:39:59.882Z
KJ21,SB2,7.70,7.70,6.50,3.80,7.70,2026-09-14T01:39:59.885Z
KJ21,SB3,7.00,7.00,6.00,3.50,7.00,2026-09-14T01:39:59.902Z
KJ21,SB4,6.30,6.30,5.40,3.10,6.30,2026-09-14T01:40:00.028Z
KJ21,SB5,5.60,5.60,4.80,2.80,5.60,2026-09-14T01:40:00.055Z
KJ21,SB6,4.70,4.70,4.10,2.30,4.70,2026-09-14T01:40:00.053Z
KJ21,SB7,3.90,3.90,3.40,1.90,3.90,2026-09-14T01:40:00.051Z
KJ21,SP1,4.20,4.20,3.70,2.10,4.20,2026-09-14T01:40:00.062Z
KJ21,SP10,3.80,3.80,3.30,1.90,3.80,2026-09-14T01:40:00.055Z
KJ21,SP11,4.10,4.10,3.60,2.00,4.10,2026-09-14T01:40:00.060Z
KJ21,SP12,4.40,4.40,3.90,2.20,4.40,2026-09-14T01:40:00.072Z
KJ21,SP13,4.80,4.80,4.20,2.40,4.80,2026-09-14T01:40:00.204Z
KJ21,SP14,5.30,5.30,4.60,2.60,5.30,2026-09-14T01:40:00.212Z
KJ21,SP15,5.20,5.20,4.60,2.60,5.20,2026-09-14T01:40:00.210Z
KJ21,SP16,5.50,5.50,4.80,2.80,5.50,2026-09-14T01:40:00.229Z
KJ21,SP17,6.00,6.00,5.20,3.00,6.00,2026-09-14T01:40:00.230Z
KJ21,SP18,5.60,5.60,4.90,2.80,5.60,2026-09-14T01:40:00.228Z
KJ21,SP19,6.00,6.00,5.20,3.00,6.00,2026-09-14T01:40:00.230Z
KJ21,SP2,4.10,4.10,3.60,2.00,4.10,2026-09-14T01:40:00.251Z
KJ21,SP20,6.10,6.10,5.30,3.10,6.10,2026-09-14T01:40:00.370Z
KJ21,SP21,6.40,6.40,5.50,3.20,6.40,2026-09-14T01:40:00.381Z
KJ21,SP22,5.90,5.90,5.10,3.00,5.90,2026-09-14T01:40:00.380Z
KJ21,SP24,6.20,6.20,5.30,3.00,6.20,2026-09-14T01:40:00.398Z
KJ21,SP25,5.70,5.70,4.90,2.80,5.70,2026-09-14T01:40:00.396Z
KJ21,SP26,5.80,5.80,5.00,2.90,5.80,2026-09-14T01:40:00.395Z
KJ21,SP27,5.70,5.70,4.90,2.80,5.70,2026-09-14T01:40:00.396Z
KJ21,SP28,5.30,5.30,4.60,2.60,5.30,2026-09-14T01:40:00.412Z
KJ21,SP29,4.90,4.90,4.30,2.40,4.90,2026-09-14T01:40:00.544Z
KJ21,SP3,3.90,3.90,3.40,1.90,3.90,2026-09-14T01:40:00.558Z
KJ21,SP31,4.10,4.10,3.60,2.00,4.10,2026-09-14T01:40:00.559Z
KJ21,SP4,3.60,3.60,3.20,1.80,3.60,2026-09-14T01:40:00.572Z
KJ21,SP5,3.40,3.40,3.00,1.70,3.40,2026-09-14T01:40:00.572Z
KJ21,SP6,3.20,3.20,2.90,1.60,3.20,2026-09-14T01:40:00.571Z
KJ21,SP7,3.00,3.00,2.70,1.50,3.00,2026-09-14T01:40:00.572Z
KJ21,SP8,3.30,3.30,2.90,1.60,3.30,2026-09-14T01:40:00.583Z
KJ21,SP9,3.50,3.50,3.10,1.70,3.50,2026-09-14T01:40:00.709Z
KJ22,KJ23,1.20,1.20,1.10,0.60,1.20,2026-09-14T01:40:00.709Z
KJ22,KJ24,1.50,1.50,1.40,0.80,1.50,2026-09-14T01:40:00.721Z
KJ22,KJ25,2.00,2.00,1.80,1.00,2.00,2026-09-14T01:40:00.741Z
KJ22,KJ26,2.10,2.10,1.90,1.00,2.10,2026-09-14T01:40:00.741Z
KJ22,KJ27,2.50,2.50,2.20,1.20,2.50,2026-09-14T01:40:00.744Z
KJ22,KJ28,2.90,2.90,2.50,1.40,2.90,2026-09-14T01:40:00.745Z
KJ22,KJ29,2.90,2.90,2.60,1.40,2.90,2026-09-14T01:40:00.751Z
KJ22,KJ3,4.20,4.20,3.70,2.10,4.20,2026-09-14T01:40:00.882Z
KJ22,KJ30,3.10,3.10,2.70,1.50,3.10,2026-09-14T01:40:00.887Z
KJ22,KJ31,3.60,3.60,3.10,1.70,3.60,2026-09-14T01:40:00.879Z
KJ22,KJ32,3.70,3.70,3.30,1.80,3.70,2026-09-14T01:40:00.906Z
KJ22,KJ33,3.50,3.50,3.10,1.70,3.50,2026-09-14T01:40:00.911Z
KJ22,KJ34,3.70,3.70,3.30,1.80,3.70,2026-09-14T01:40:00.910Z
KJ22,KJ35,4.10,4.10,3.50,2.00,4.10,2026-09-14T01:40:00.911Z
KJ22,KJ36,3.70,3.70,3.20,1.80,3.70,2026-09-14T01:40:00.908Z
KJ22,KJ37,3.90,3.90,3.40,1.90,3.90,2026-09-14T01:40:01.068Z
KJ22,KJ4,4.10,4.10,3.50,2.00,4.10,2026-09-14T01:40:01.068Z
KJ22,KJ5,3.70,3.70,3.20,1.80,3.70,2026-09-14T01:40:01.098Z
KJ22,KJ6,4.20,4.20,3.60,2.00,4.20,2026-09-14T01:40:01.123Z
KJ22,KJ7,4.10,4.10,3.60,2.00,4.10,2026-09-14T01:40:01.069Z
KJ22,KJ8,3.90,3.90,3.40,1.90,3.90,2026-09-14T01:40:01.123Z
KJ22,KJ9,3.70,3.70,3.30,1.80,3.70,2026-09-14T01:40:01.069Z
KJ22,MR1,5.40,5.40,4.80,2.70,5.40,2026-09-14T01:40:01.129Z
KJ22,MR10,5.00,5.00,4.30,2.30,5.00,2026-09-14T01:40:01.243Z
KJ22,MR11,4.30,4.30,3.70,2.00,4.30,2026-09-14T01:40:01.242Z
KJ22,MR2,5.10,5.10,4.50,2.50,5.10,2026-09-14T01:40:01.246Z
KJ22,MR3,4.10,4.10,3.70,2.00,4.10,2026-09-14T01:40:01.243Z
KJ22,MR4,3.50,3.50,3.20,1.70,3.50,2026-09-14T01:40:01.255Z
KJ22,MR5,3.80,3.80,3.40,1.80,3.80,2026-09-14T01:40:01.287Z
KJ22,MR6,4.10,4.10,3.70,2.00,4.10,2026-09-14T01:40:01.284Z
KJ22,MR7,4.50,4.50,4.00,2.20,4.50,2026-09-14T01:40:01.284Z
KJ22,MR8,5.00,5.00,4.50,2.50,5.00,2026-09-14T01:40:01.424Z
KJ22,MR9,5.50,5.50,4.80,2.70,5.50,2026-09-14T01:40:01.423Z
KJ22,PY01,6.20,6.20,5.40,3.00,6.20,2026-09-14T01:40:01.425Z
KJ22,PY03,7.00,7.00,6.10,3.40,7.00,2026-09-14T01:40:01.424Z
KJ22,PY04,7.30,7.30,6.20,3.50,7.30,2026-09-14T01:40:01.422Z
KJ22,PY05,7.10,7.10,6.00,3.40,7.10,2026-09-14T01:40:01.443Z
KJ22,PY06,7.20,7.20,6.10,3.50,7.20,2026-09-14T01:40:01.447Z
KJ22,PY07,6.90,6.90,5.90,3.30,6.90,2026-09-14T01:40:01.464Z
KJ22,PY08,6.60,6.60,5.60,3.20,6.60,2026-09-14T01:40:01.583Z
KJ22,PY09,6.70,6.70,5.70,3.20,6.70,2026-09-14T01:40:01.586Z
KJ22,PY10,6.40,6.40,5.50,3.10,6.40,2026-09-14T01:40:01.586Z
KJ22,PY11,6.20,6.20,5.30,2.90,6.20,2026-09-14T01:40:01.596Z
KJ22,PY12,5.90,5.90,5.00,2.80,5.90,2026-09-14T01:40:01.597Z
KJ22,PY13,5.60,5.60,4.80,2.60,5.60,2026-09-14T01:40:01.614Z
KJ22,PY14,5.40,5.40,4.60,2.50,5.40,2026-09-14T01:40:01.622Z
KJ22,PY15,5.10,5.10,4.40,2.40,5.10,2026-09-14T01:40:01.625Z
KJ22,PY16,4.70,4.70,4.10,2.20,4.70,2026-09-14T01:40:01.759Z
KJ22,PY17,4.30,4.30,3.70,2.00,4.30,2026-09-14T01:40:01.758Z
KJ22,PY18,4.50,4.50,3.90,2.10,4.50,2026-09-14T01:40:01.761Z
KJ22,PY19,4.90,4.90,4.20,2.30,4.90,2026-09-14T01:40:01.774Z
KJ22,PY20,4.70,4.70,4.10,2.30,4.70,2026-09-14T01:40:01.775Z
KJ22,PY21,4.60,4.60,4.00,2.20,4.60,2026-09-14T01:40:01.784Z
KJ22,PY22,4.40,4.40,3.80,2.10,4.40,2026-09-14T01:40:01.786Z
KJ22,PY23,4.10,4.10,3.60,2.00,4.10,2026-09-14T01:40:01.786Z
KJ22,PY24,4.10,4.10,3.60,2.00,4.10,2026-09-14T01:40:01.930Z
KJ22,PY27,5.90,5.90,5.10,2.80,5.90,2026-09-14T01:40:01.927Z
KJ22,PY28,6.30,6.30,5.40,3.00,6.30,2026-09-14T01:40:01.935Z
KJ22,PY29,5.60,5.60,5.00,2.80,5.60,2026-09-14T01:40:01.947Z
KJ22,PY31,6.70,6.70,5.70,3.30,6.70,2026-09-14T01:40:01.947Z
KJ22,PY32,6.70,6.70,5.80,3.30,6.70,2026-09-14T01:40:01.956Z
KJ22,PY33,6.90,6.90,5.90,3.40,6.90,2026-09-14T01:40:01.958Z
KJ22,PY34,7.20,7.20,6.20,3.50,7.20,2026-09-14T01:40:01.962Z
KJ22,PY36,7.20,7.20,6.10,3.50,7.20,2026-09-14T01:40:02.098Z
KJ22,PY37,7.40,7.40,6.30,3.60,7.40,2026-09-14T01:40:02.098Z
KJ22,PY38,6.90,6.90,5.90,3.40,6.90,2026-09-14T01:40:02.097Z
KJ22,PY39,7.10,7.10,6.10,3.50,7.10,2026-09-14T01:40:02.105Z
KJ22,PY40,7.20,7.20,6.20,3.60,7.20,2026-09-14T01:40:02.108Z
KJ22,PY41,7.40,7.40,6.30,3.60,7.40,2026-09-14T01:40:02.125Z
KJ22,SB1,8.00,8.00,6.80,3.90,8.00,2026-09-14T01:40:02.120Z
KJ22,SB2,7.40,7.40,6.20,3.60,7.40,2026-09-14T01:40:02.122Z
KJ22,SB3,6.70,6.70,5.70,3.30,6.70,2026-09-14T01:40:02.281Z
KJ22,SB4,6.00,6.00,5.10,2.90,6.00,2026-09-14T01:40:02.276Z
KJ22,SB5,5.30,5.30,4.50,2.60,5.30,2026-09-14T01:40:02.265Z
KJ22,SB6,4.40,4.40,3.80,2.10,4.40,2026-09-14T01:40:02.272Z
KJ22,SB7,3.60,3.60,3.10,1.70,3.60,2026-09-14T01:40:02.293Z
KJ22,SP1,4.60,4.60,4.00,2.20,4.60,2026-09-14T01:40:02.292Z
KJ22,SP10,3.80,3.80,3.40,1.80,3.80,2026-09-14T01:40:02.298Z
KJ22,SP11,4.10,4.10,3.60,2.00,4.10,2026-09-14T01:40:02.283Z
KJ22,SP12,4.50,4.50,4.00,2.20,4.50,2026-09-14T01:40:02.428Z
KJ22,SP13,4.90,4.90,4.30,2.40,4.90,2026-09-14T01:40:02.436Z
KJ22,SP14,5.30,5.30,4.70,2.60,5.30,2026-09-14T01:40:02.430Z
KJ22,SP15,5.30,5.30,4.70,2.60,5.30,2026-09-14T01:40:02.462Z
KJ22,SP16,5.60,5.60,5.00,2.80,5.60,2026-09-14T01:40:02.453Z
KJ22,SP17,6.10,6.10,5.30,3.00,6.10,2026-09-14T01:40:02.470Z
KJ22,SP18,6.00,6.00,5.20,2.90,6.00,2026-09-14T01:40:02.472Z
KJ22,SP19,6.10,6.10,5.30,3.00,6.10,2026-09-14T01:40:02.473Z
KJ22,SP2,4.50,4.50,3.90,2.10,4.50,2026-09-14T01:40:02.591Z
KJ22,SP20,6.30,6.30,5.50,3.10,6.30,2026-09-14T01:40:02.589Z
KJ22,SP21,6.50,6.50,5.70,3.20,6.50,2026-09-14T01:40:02.598Z
KJ22,SP22,6.10,6.10,5.30,3.00,6.10,2026-09-14T01:40:02.618Z
KJ22,SP24,6.00,6.00,5.10,2.90,6.00,2026-09-14T01:40:02.632Z
KJ22,SP25,6.00,6.00,5.10,2.90,6.00,2026-09-14T01:40:02.635Z
KJ22,SP26,5.70,5.70,4.90,2.80,5.70,2026-09-14T01:40:02.630Z
KJ22,SP27,5.50,5.50,4.70,2.70,5.50,2026-09-14T01:40:02.632Z
KJ22,SP28,5.10,5.10,4.40,2.50,5.10,2026-09-14T01:40:02.764Z
KJ22,SP29,4.70,4.70,4.10,2.30,4.70,2026-09-14T01:40:02.759Z
KJ22,SP3,4.30,4.30,3.70,2.00,4.30,2026-09-14T01:40:02.759Z
KJ22,SP31,3.90,3.90,3.40,1.90,3.90,2026-09-14T01:40:02.791Z
KJ22,SP4,4.00,4.00,3.50,1.90,4.00,2026-09-14T01:40:02.789Z
KJ22,SP5,3.80,3.80,3.30,1.80,3.80,2026-09-14T01:40:02.794Z
KJ22,SP6,3.60,3.60,3.20,1.70,3.60,2026-09-14T01:40:02.793Z
KJ22,SP7,3.40,3.40,3.00,1.60,3.40,2026-09-14T01:40:02.799Z
KJ22,SP8,3.30,3.30,3.00,1.60,3.30,2026-09-14T01:40:02.937Z
KJ22,SP9,3.50,3.50,3.20,1.70,3.50,2026-09-14T01:40:02.938Z
KJ23,KJ24,1.10,1.10,1.10,0.60,1.10,2026-09-14T01:40:02.938Z
KJ23,KJ25,1.60,1.60,1.50,0.80,1.60,2026-09-14T01:40:02.968Z
KJ23,KJ26,1.80,1.80,1.70,0.90,1.80,2026-09-14T01:40:02.964Z
KJ23,KJ27,2.10,2.10,1.90,1.10,2.10,2026-09-14T01:40:02.969Z
KJ23,KJ28,2.50,2.50,2.20,1.30,2.50,2026-09-14T01:40:02.968Z
KJ23,KJ29,2.90,2.90,2.50,1.50,2.90,2026-09-14T01:40:02.964Z
KJ23,KJ3,3.50,3.50,3.10,1.70,3.50,2026-09-14T01:40:03.100Z
KJ23,KJ30,3.10,3.10,2.80,1.60,3.10,2026-09-14T01:40:03.110Z
KJ23,KJ31,3.30,3.30,2.90,1.60,3.30,2026-09-14T01:40:03.101Z
KJ23,KJ32,3.40,3.40,3.00,1.70,3.40,2026-09-14T01:40:03.133Z
KJ23,KJ33,3.80,3.80,3.30,1.80,3.80,2026-09-14T01:40:03.134Z
KJ23,KJ34,3.50,3.50,3.10,1.70,3.50,2026-09-14T01:40:03.133Z
KJ23,KJ35,3.80,3.80,3.30,1.90,3.80,2026-09-14T01:40:03.132Z
KJ23,KJ36,4.10,4.10,3.60,2.00,4.10,2026-09-14T01:40:03.134Z
KJ23,KJ37,3.70,3.70,3.20,1.80,3.70,2026-09-14T01:40:03.275Z
KJ23,KJ4,4.30,4.30,3.70,2.10,4.30,2026-09-14T01:40:03.281Z
KJ23,KJ5,3.90,3.90,3.40,1.90,3.90,2026-09-14T01:40:03.278Z
KJ23,KJ6,3.70,3.70,3.30,1.80,3.70,2026-09-14T01:40:03.285Z
KJ23,KJ7,3.60,3.60,3.20,1.80,3.60,2026-09-14T01:40:03.287Z
KJ23,KJ8,4.20,4.20,3.60,2.00,4.20,2026-09-14T01:40:03.293Z
KJ23,KJ9,4.00,4.00,3.50,1.90,4.00,2026-09-14T01:40:03.301Z
KJ23,MR1,5.70,5.70,5.00,2.90,5.70,2026-09-14T01:40:03.321Z
KJ23,MR10,5.30,5.30,4.50,2.50,5.30,2026-09-14T01:40:03.457Z
KJ23,MR11,4.60,4.60,3.90,2.20,4.60,2026-09-14T01:40:03.456Z
KJ23,MR2,5.40,5.40,4.70,2.70,5.40,2026-09-14T01:40:03.455Z
KJ23,MR3,4.40,4.40,3.90,2.20,4.40,2026-09-14T01:40:03.456Z
KJ23,MR4,3.80,3.80,3.40,1.90,3.80,2026-09-14T01:40:03.456Z
KJ23,MR5,4.10,4.10,3.60,2.00,4.10,2026-09-14T01:40:03.463Z
KJ23,MR6,4.40,4.40,3.90,2.20,4.40,2026-09-14T01:40:03.470Z
KJ23,MR7,4.80,4.80,4.20,2.40,4.80,2026-09-14T01:40:03.496Z
KJ23,MR8,5.30,5.30,4.70,2.70,5.30,2026-09-14T01:40:03.630Z
KJ23,MR9,5.80,5.80,5.00,2.90,5.80,2026-09-14T01:40:03.617Z
KJ23,PY01,6.50,6.50,5.60,3.20,6.50,2026-09-14T01:40:03.619Z
KJ23,PY03,7.30,7.30,6.30,3.60,7.30,2026-09-14T01:40:03.619Z
KJ23,PY04,7.60,7.60,6.40,3.70,7.60,2026-09-14T01:40:03.620Z
KJ23,PY05,7.40,7.40,6.20,3.60,7.40,2026-09-14T01:40:03.637Z
KJ23,PY06,7.50,7.50,6.30,3.70,7.50,2026-09-14T01:40:03.634Z
KJ23,PY07,7.20,7.20,6.10,3.50,7.20,2026-09-14T01:40:03.663Z
KJ23,PY08,6.90,6.90,5.80,3.40,6.90,2026-09-14T01:40:03.789Z
KJ23,PY09,7.00,7.00,5.90,3.40,7.00,2026-09-14T01:40:03.790Z
KJ23,PY10,6.70,6.70,5.70,3.30,6.70,2026-09-14T01:40:03.789Z
KJ23,PY11,6.50,6.50,5.50,3.10,6.50,2026-09-14T01:40:03.792Z
KJ23,PY12,6.20,6.20,5.20,3.00,6.20,2026-09-14T01:40:03.801Z
KJ23,PY13,5.90,5.90,5.00,2.80,5.90,2026-09-14T01:40:03.800Z
KJ23,PY14,5.70,5.70,4.80,2.70,5.70,2026-09-14T01:40:03.804Z
KJ23,PY15,5.40,5.40,4.60,2.60,5.40,2026-09-14T01:40:03.814Z
KJ23,PY16,5.00,5.00,4.30,2.40,5.00,2026-09-14T01:40:03.965Z
KJ23,PY17,4.60,4.60,3.90,2.20,4.60,2026-09-14T01:40:03.959Z
KJ23,PY18,4.80,4.80,4.10,2.30,4.80,2026-09-14T01:40:03.962Z
KJ23,PY19,5.20,5.20,4.40,2.50,5.20,2026-09-14T01:40:03.963Z
KJ23,PY20,5.00,5.00,4.30,2.50,5.00,2026-09-14T01:40:03.982Z
KJ23,PY21,4.90,4.90,4.20,2.40,4.90,2026-09-14T01:40:03.972Z
KJ23,PY22,4.70,4.70,4.00,2.30,4.70,2026-09-14T01:40:03.973Z
KJ23,PY23,4.40,4.40,3.80,2.20,4.40,2026-09-14T01:40:03.967Z
KJ23,PY24,4.40,4.40,3.80,2.20,4.40,2026-09-14T01:40:04.146Z
KJ23,PY27,6.20,6.20,5.30,3.00,6.20,2026-09-14T01:40:04.125Z
KJ23,PY28,6.60,6.60,5.60,3.20,6.60,2026-09-14T01:40:04.146Z
KJ23,PY29,5.90,5.90,5.20,3.00,5.90,2026-09-14T01:40:04.145Z
KJ23,PY31,7.00,7.00,5.90,3.50,7.00,2026-09-14T01:40:04.148Z
KJ23,PY32,7.00,7.00,6.00,3.50,7.00,2026-09-14T01:40:04.154Z
KJ23,PY33,7.20,7.20,6.10,3.60,7.20,2026-09-14T01:40:04.152Z
KJ23,PY34,7.50,7.50,6.40,3.70,7.50,2026-09-14T01:40:04.148Z
KJ23,PY36,7.50,7.50,6.30,3.70,7.50,2026-09-14T01:40:04.285Z
KJ23,PY37,7.70,7.70,6.50,3.80,7.70,2026-09-14T01:40:04.332Z
KJ23,PY38,7.20,7.20,6.10,3.60,7.20,2026-09-14T01:40:04.322Z
KJ23,PY39,7.40,7.40,6.30,3.70,7.40,2026-09-14T01:40:04.332Z
KJ23,PY40,7.50,7.50,6.40,3.80,7.50,2026-09-14T01:40:04.327Z
KJ23,PY41,7.70,7.70,6.50,3.80,7.70,2026-09-14T01:40:04.323Z
KJ23,SB1,7.70,7.70,6.60,3.80,7.70,2026-09-14T01:40:04.332Z
KJ23,SB2,7.10,7.10,6.00,3.50,7.10,2026-09-14T01:40:04.323Z
KJ23,SB3,6.40,6.40,5.50,3.20,6.40,2026-09-14T01:40:04.442Z
KJ23,SB4,5.70,5.70,4.90,2.80,5.70,2026-09-14T01:40:04.492Z
KJ23,SB5,5.00,5.00,4.30,2.50,5.00,2026-09-14T01:40:04.493Z
KJ23,SB6,4.10,4.10,3.60,2.00,4.10,2026-09-14T01:40:04.493Z
KJ23,SB7,3.30,3.30,2.90,1.60,3.30,2026-09-14T01:40:04.494Z
KJ23,SP1,4.90,4.90,4.20,2.40,4.90,2026-09-14T01:40:04.494Z
KJ23,SP10,4.10,4.10,3.60,2.00,4.10,2026-09-14T01:40:04.494Z
KJ23,SP11,4.40,4.40,3.80,2.20,4.40,2026-09-14T01:40:04.499Z
KJ23,SP12,4.80,4.80,4.20,2.40,4.80,2026-09-14T01:40:04.617Z
KJ23,SP13,5.20,5.20,4.50,2.60,5.20,2026-09-14T01:40:04.663Z
KJ23,SP14,5.60,5.60,4.90,2.80,5.60,2026-09-14T01:40:04.659Z
KJ23,SP15,5.60,5.60,4.90,2.80,5.60,2026-09-14T01:40:04.664Z
KJ23,SP16,5.90,5.90,5.20,3.00,5.90,2026-09-14T01:40:04.664Z
KJ23,SP17,6.40,6.40,5.50,3.20,6.40,2026-09-14T01:40:04.663Z
KJ23,SP18,6.30,6.30,5.40,3.10,6.30,2026-09-14T01:40:04.661Z
KJ23,SP19,6.40,6.40,5.50,3.20,6.40,2026-09-14T01:40:04.663Z
KJ23,SP2,4.80,4.80,4.10,2.30,4.80,2026-09-14T01:40:04.804Z
KJ23,SP20,6.40,6.40,5.50,3.20,6.40,2026-09-14T01:40:04.834Z
KJ23,SP21,6.70,6.70,5.70,3.30,6.70,2026-09-14T01:40:04.839Z
KJ23,SP22,6.40,6.40,5.40,3.10,6.40,2026-09-14T01:40:04.839Z
KJ23,SP24,5.80,5.80,4.90,2.80,5.80,2026-09-14T01:40:04.839Z
KJ23,SP25,5.80,5.80,4.90,2.80,5.80,2026-09-14T01:40:04.839Z
KJ23,SP26,5.50,5.50,4.70,2.70,5.50,2026-09-14T01:40:04.837Z
KJ23,SP27,5.30,5.30,4.50,2.60,5.30,2026-09-14T01:40:04.840Z
KJ23,SP28,4.90,4.90,4.20,2.40,4.90,2026-09-14T01:40:04.974Z
KJ23,SP29,4.50,4.50,3.90,2.20,4.50,2026-09-14T01:40:05.010Z
KJ23,SP3,4.60,4.60,3.90,2.20,4.60,2026-09-14T01:40:05.008Z
KJ23,SP31,3.70,3.70,3.20,1.80,3.70,2026-09-14T01:40:05.010Z
KJ23,SP4,4.30,4.30,3.70,2.10,4.30,2026-09-14T01:40:05.019Z
KJ23,SP5,4.10,4.10,3.50,2.00,4.10,2026-09-14T01:40:05.009Z
KJ23,SP6,3.90,3.90,3.40,1.90,3.90,2026-09-14T01:40:05.012Z
KJ23,SP7,3.70,3.70,3.20,1.80,3.70,2026-09-14T01:40:05.008Z
KJ23,SP8,3.60,3.60,3.20,1.80,3.60,2026-09-14T01:40:05.148Z
KJ23,SP9,3.80,3.80,3.40,1.90,3.80,2026-09-14T01:40:05.182Z
KJ24,KJ25,1.30,1.30,1.20,0.60,1.30,2026-09-14T01:40:05.180Z
KJ24,KJ26,1.50,1.50,1.40,0.80,1.50,2026-09-14T01:40:05.193Z
KJ24,KJ27,2.00,2.00,1.80,1.00,2.00,2026-09-14T01:40:05.190Z
KJ24,KJ28,2.30,2.30,2.00,1.10,2.30,2026-09-14T01:40:05.189Z
KJ24,KJ29,2.60,2.60,2.30,1.30,2.60,2026-09-14T01:40:05.193Z
KJ24,KJ3,3.70,3.70,3.20,1.80,3.70,2026-09-14T01:40:05.207Z
KJ24,KJ30,2.90,2.90,2.50,1.40,2.90,2026-09-14T01:40:05.312Z
KJ24,KJ31,3.00,3.00,2.70,1.50,3.00,2026-09-14T01:40:05.350Z
KJ24,KJ32,3.20,3.20,2.80,1.60,3.20,2026-09-14T01:40:05.358Z
KJ24,KJ33,3.50,3.50,3.10,1.70,3.50,2026-09-14T01:40:05.357Z
KJ24,KJ34,3.80,3.80,3.30,1.80,3.80,2026-09-14T01:40:05.358Z
KJ24,KJ35,3.60,3.60,3.20,1.80,3.60,2026-09-14T01:40:05.359Z
KJ24,KJ36,3.90,3.90,3.40,1.90,3.90,2026-09-14T01:40:05.359Z
KJ24,KJ37,4.20,4.20,3.70,2.10,4.20,2026-09-14T01:40:05.363Z
KJ24,KJ4,3.50,3.50,3.10,1.70,3.50,2026-09-14T01:40:05.467Z
KJ24,KJ5,4.00,4.00,3.50,2.00,4.00,2026-09-14T01:40:05.519Z
KJ24,KJ6,3.90,3.90,3.40,1.90,3.90,2026-09-14T01:40:05.515Z
KJ24,KJ7,3.80,3.80,3.30,1.80,3.80,2026-09-14T01:40:05.514Z
KJ24,KJ8,3.70,3.70,3.20,1.80,3.70,2026-09-14T01:40:05.516Z
KJ24,KJ9,4.20,4.20,3.60,2.00,4.20,2026-09-14T01:40:05.519Z
KJ24,MR1,6.00,6.00,5.20,3.00,6.00,2026-09-14T01:40:05.518Z
KJ24,MR10,5.50,5.50,4.70,2.60,5.50,2026-09-14T01:40:05.517Z
KJ24,MR11,4.80,4.80,4.10,2.30,4.80,2026-09-14T01:40:05.629Z
KJ24,MR2,5.70,5.70,4.90,2.80,5.70,2026-09-14T01:40:05.684Z
KJ24,MR3,4.70,4.70,4.10,2.30,4.70,2026-09-14T01:40:05.672Z
KJ24,MR4,4.10,4.10,3.60,2.00,4.10,2026-09-14T01:40:05.695Z
KJ24,MR5,4.40,4.40,3.80,2.10,4.40,2026-09-14T01:40:05.691Z
KJ24,MR6,4.70,4.70,4.10,2.30,4.70,2026-09-14T01:40:05.697Z
KJ24,MR7,5.10,5.10,4.40,2.50,5.10,2026-09-14T01:40:05.697Z
KJ24,MR8,5.60,5.60,4.90,2.80,5.60,2026-09-14T01:40:05.699Z
KJ24,MR9,6.10,6.10,5.20,3.00,6.10,2026-09-14T01:40:05.800Z
KJ24,PY01,6.80,6.80,5.80,3.30,6.80,2026-09-14T01:40:05.851Z
KJ24,PY03,7.60,7.60,6.50,3.70,7.60,2026-09-14T01:40:05.851Z
KJ24,PY04,7.80,7.80,6.60,3.80,7.80,2026-09-14T01:40:05.872Z
KJ24,PY05,7.60,7.60,6.40,3.70,7.60,2026-09-14T01:40:05.874Z
KJ24,PY06,7.70,7.70,6.50,3.80,7.70,2026-09-14T01:40:05.872Z
KJ24,PY07,7.40,7.40,6.30,3.60,7.40,2026-09-14T01:40:05.874Z
KJ24,PY08,7.10,7.10,6.00,3.50,7.10,2026-09-14T01:40:05.882Z
KJ24,PY09,7.20,7.20,6.10,3.50,7.20,2026-09-14T01:40:05.967Z
KJ24,PY10,6.90,6.90,5.90,3.40,6.90,2026-09-14T01:40:06.009Z
KJ24,PY11,6.70,6.70,5.70,3.20,6.70,2026-09-14T01:40:06.010Z
KJ24,PY12,6.40,6.40,5.40,3.10,6.40,2026-09-14T01:40:06.050Z
KJ24,PY13,6.10,6.10,5.20,2.90,6.10,2026-09-14T01:40:06.050Z
KJ24,PY14,5.90,5.90,5.00,2.80,5.90,2026-09-14T01:40:06.048Z
KJ24,PY15,5.60,5.60,4.80,2.70,5.60,2026-09-14T01:40:06.046Z
KJ24,PY16,5.20,5.20,4.50,2.50,5.20,2026-09-14T01:40:06.046Z
KJ24,PY17,4.80,4.80,4.10,2.30,4.80,2026-09-14T01:40:06.141Z
KJ24,PY18,5.00,5.00,4.30,2.40,5.00,2026-09-14T01:40:06.168Z
KJ24,PY19,5.40,5.40,4.60,2.60,5.40,2026-09-14T01:40:06.185Z
KJ24,PY20,5.30,5.30,4.50,2.60,5.30,2026-09-14T01:40:06.222Z
KJ24,PY21,5.20,5.20,4.40,2.50,5.20,2026-09-14T01:40:06.218Z
KJ24,PY22,5.00,5.00,4.20,2.40,5.00,2026-09-14T01:40:06.225Z
KJ24,PY23,4.70,4.70,4.00,2.30,4.70,2026-09-14T01:40:06.223Z
KJ24,PY24,4.70,4.70,4.00,2.30,4.70,2026-09-14T01:40:06.216Z
KJ24,PY27,6.40,6.40,5.50,3.10,6.40,2026-09-14T01:40:06.309Z
KJ24,PY28,6.80,6.80,5.80,3.30,6.80,2026-09-14T01:40:06.339Z
KJ24,PY29,6.20,6.20,5.40,3.10,6.20,2026-09-14T01:40:06.355Z
KJ24,PY31,7.20,7.20,6.10,3.60,7.20,2026-09-14T01:40:06.390Z
KJ24,PY32,7.30,7.30,6.20,3.60,7.30,2026-09-14T01:40:06.383Z
KJ24,PY33,7.50,7.50,6.30,3.70,7.50,2026-09-14T01:40:06.642Z
KJ24,PY34,7.80,7.80,6.60,3.80,7.80,2026-09-14T01:40:06.389Z
KJ24,PY36,7.70,7.70,6.50,3.80,7.70,2026-09-14T01:40:06.387Z
KJ24,PY37,7.90,7.90,6.70,3.90,7.90,2026-09-14T01:40:06.490Z
KJ24,PY38,7.50,7.50,6.30,3.70,7.50,2026-09-14T01:40:06.497Z
KJ24,PY39,7.70,7.70,6.50,3.80,7.70,2026-09-14T01:40:06.521Z
KJ24,PY40,7.80,7.80,6.60,3.90,7.80,2026-09-14T01:40:06.527Z
KJ24,PY41,8.00,8.00,6.70,3.90,8.00,2026-09-14T01:40:06.552Z
KJ24,SB1,7.40,7.40,6.40,3.70,7.40,2026-09-14T01:40:06.547Z
KJ24,SB2,6.80,6.80,5.80,3.40,6.80,2026-09-14T01:40:06.541Z
KJ24,SB3,6.10,6.10,5.30,3.10,6.10,2026-09-14T01:40:06.658Z
KJ24,SB4,5.40,5.40,4.70,2.70,5.40,2026-09-14T01:40:06.669Z
KJ24,SB5,4.70,4.70,4.10,2.40,4.70,2026-09-14T01:40:06.687Z
KJ24,SB6,3.80,3.80,3.40,1.90,3.80,2026-09-14T01:40:06.684Z
KJ24,SB7,3.00,3.00,2.70,1.50,3.00,2026-09-14T01:40:06.701Z
KJ24,SP1,5.10,5.10,4.40,2.50,5.10,2026-09-14T01:40:06.703Z
KJ24,SP10,4.40,4.40,3.80,2.10,4.40,2026-09-14T01:40:06.700Z
KJ24,SP11,4.70,4.70,4.00,2.30,4.70,2026-09-14T01:40:06.815Z
KJ24,SP12,5.10,5.10,4.40,2.50,5.10,2026-09-14T01:40:06.834Z
KJ24,SP13,5.50,5.50,4.70,2.70,5.50,2026-09-14T01:40:06.841Z
KJ24,SP14,5.90,5.90,5.10,2.90,5.90,2026-09-14T01:40:06.875Z
KJ24,SP15,5.90,5.90,5.10,2.90,5.90,2026-09-14T01:40:06.880Z
KJ24,SP16,6.20,6.20,5.40,3.10,6.20,2026-09-14T01:40:06.879Z
KJ24,SP17,6.70,6.70,5.70,3.30,6.70,2026-09-14T01:40:06.873Z
KJ24,SP18,6.50,6.50,5.60,3.20,6.50,2026-09-14T01:40:06.876Z
KJ24,SP19,6.70,6.70,5.70,3.30,6.70,2026-09-14T01:40:06.986Z
KJ24,SP2,5.00,5.00,4.30,2.40,5.00,2026-09-14T01:40:07.010Z
KJ24,SP20,6.90,6.90,5.90,3.40,6.90,2026-09-14T01:40:07.028Z
KJ24,SP21,7.10,7.10,6.10,3.50,7.10,2026-09-14T01:40:07.049Z
KJ24,SP22,6.70,6.70,5.70,3.30,6.70,2026-09-14T01:40:07.045Z
KJ24,SP24,6.30,6.30,5.40,3.10,6.30,2026-09-14T01:40:07.037Z
KJ24,SP25,6.30,6.30,5.40,3.10,6.30,2026-09-14T01:40:07.050Z
KJ24,SP26,6.00,6.00,5.20,3.00,6.00,2026-09-14T01:40:07.063Z
KJ24,SP27,5.80,5.80,5.00,2.90,5.80,2026-09-14T01:40:07.160Z
KJ24,SP28,5.40,5.40,4.70,2.70,5.40,2026-09-14T01:40:07.237Z
KJ24,SP29,5.00,5.00,4.40,2.50,5.00,2026-09-14T01:40:07.234Z
KJ24,SP3,4.80,4.80,4.10,2.30,4.80,2026-09-14T01:40:07.210Z
KJ24,SP31,4.20,4.20,3.70,2.10,4.20,2026-09-14T01:40:07.219Z
KJ24,SP4,4.50,4.50,3.90,2.20,4.50,2026-09-14T01:40:07.219Z
KJ24,SP5,4.30,4.30,3.70,2.10,4.30,2026-09-14T01:40:07.218Z
KJ24,SP6,4.10,4.10,3.60,2.00,4.10,2026-09-14T01:40:07.228Z
KJ24,SP7,3.90,3.90,3.40,1.90,3.90,2026-09-14T01:40:07.328Z
KJ24,SP8,3.90,3.90,3.40,1.90,3.90,2026-09-14T01:40:07.411Z
KJ24,SP9,4.10,4.10,3.60,2.00,4.10,2026-09-14T01:40:07.670Z
KJ25,KJ26,1.10,1.10,1.00,0.50,1.10,2026-09-14T01:40:07.427Z
KJ25,KJ27,1.50,1.50,1.40,0.80,1.50,2026-09-14T01:40:07.385Z
KJ25,KJ28,2.00,2.00,1.80,1.00,2.00,2026-09-14T01:40:07.395Z
KJ25,KJ29,2.20,2.20,2.00,1.10,2.20,2026-09-14T01:40:07.406Z
KJ25,KJ3,4.00,4.00,3.50,2.00,4.00,2026-09-14T01:40:07.406Z
KJ25,KJ30,2.50,2.50,2.20,1.20,2.50,2026-09-14T01:40:07.494Z
KJ25,KJ31,3.00,3.00,2.60,1.50,3.00,2026-09-14T01:40:07.549Z
KJ25,KJ32,2.90,2.90,2.60,1.40,2.90,2026-09-14T01:40:07.595Z
KJ25,KJ33,3.20,3.20,2.80,1.60,3.20,2026-09-14T01:40:07.580Z
KJ25,KJ34,3.40,3.40,3.00,1.70,3.40,2026-09-14T01:40:07.580Z
KJ25,KJ35,3.80,3.80,3.40,1.90,3.80,2026-09-14T01:40:07.589Z
KJ25,KJ36,3.60,3.60,3.20,1.80,3.60,2026-09-14T01:40:07.597Z
KJ25,KJ37,3.90,3.90,3.40,1.90,3.90,2026-09-14T01:40:07.648Z
KJ25,KJ4,3.70,3.70,3.20,1.80,3.70,2026-09-14T01:40:07.713Z
KJ25,KJ5,4.20,4.20,3.70,2.10,4.20,2026-09-14T01:40:07.763Z
KJ25,KJ6,4.10,4.10,3.60,2.00,4.10,2026-09-14T01:40:07.762Z
KJ25,KJ7,4.00,4.00,3.50,2.00,4.00,2026-09-14T01:40:07.761Z
KJ25,KJ8,3.90,3.90,3.40,1.90,3.90,2026-09-14T01:40:07.767Z
KJ25,KJ9,3.70,3.70,3.30,1.80,3.70,2026-09-14T01:40:07.762Z
KJ25,MR1,5.80,5.80,5.00,2.90,5.80,2026-09-14T01:40:07.855Z
KJ25,MR10,5.30,5.30,4.50,2.50,5.30,2026-09-14T01:40:07.842Z
KJ25,MR11,4.60,4.60,3.90,2.20,4.60,2026-09-14T01:40:07.866Z
KJ25,MR2,5.50,5.50,4.70,2.70,5.50,2026-09-14T01:40:07.918Z
KJ25,MR3,4.50,4.50,3.90,2.20,4.50,2026-09-14T01:40:07.926Z
KJ25,MR4,3.90,3.90,3.40,1.90,3.90,2026-09-14T01:40:07.918Z
KJ25,MR5,4.20,4.20,3.60,2.00,4.20,2026-09-14T01:40:07.919Z
KJ25,MR6,4.50,4.50,3.90,2.20,4.50,2026-09-14T01:40:07.949Z
KJ25,MR7,4.90,4.90,4.20,2.40,4.90,2026-09-14T01:40:08.004Z
KJ25,MR8,5.40,5.40,4.70,2.70,5.40,2026-09-14T01:40:08.018Z
KJ25,MR9,5.90,5.90,5.00,2.90,5.90,2026-09-14T01:40:08.033Z
KJ25,PY01,6.60,6.60,5.60,3.20,6.60,2026-09-14T01:40:08.134Z
KJ25,PY03,7.40,7.40,6.30,3.60,7.40,2026-09-14T01:40:08.135Z
KJ25,PY04,7.60,7.60,6.40,3.70,7.60,2026-09-14T01:40:08.125Z
KJ25,PY05,7.40,7.40,6.20,3.60,7.40,2026-09-14T01:40:08.093Z
KJ25,PY06,7.50,7.50,6.30,3.70,7.50,2026-09-14T01:40:08.154Z
KJ25,PY07,7.20,7.20,6.10,3.50,7.20,2026-09-14T01:40:08.174Z
KJ25,PY08,6.90,6.90,5.80,3.40,6.90,2026-09-14T01:40:08.195Z
KJ25,PY09,7.00,7.00,5.90,3.40,7.00,2026-09-14T01:40:08.204Z
KJ25,PY10,6.70,6.70,5.70,3.30,6.70,2026-09-14T01:40:08.261Z
KJ25,PY11,6.50,6.50,5.50,3.10,6.50,2026-09-14T01:40:08.307Z
KJ25,PY12,6.20,6.20,5.20,3.00,6.20,2026-09-14T01:40:08.304Z
KJ25,PY13,5.90,5.90,5.00,2.80,5.90,2026-09-14T01:40:08.302Z
KJ25,PY14,5.70,5.70,4.80,2.70,5.70,2026-09-14T01:40:08.315Z
KJ25,PY15,5.40,5.40,4.60,2.60,5.40,2026-09-14T01:40:08.369Z
KJ25,PY16,5.00,5.00,4.30,2.40,5.00,2026-09-14T01:40:08.431Z
KJ25,PY17,4.60,4.60,3.90,2.20,4.60,2026-09-14T01:40:08.404Z
KJ25,PY18,4.80,4.80,4.10,2.30,4.80,2026-09-14T01:40:08.423Z
KJ25,PY19,5.20,5.20,4.40,2.50,5.20,2026-09-14T01:40:08.466Z
KJ25,PY20,5.10,5.10,4.30,2.50,5.10,2026-09-14T01:40:08.471Z
KJ25,PY21,5.00,5.00,4.20,2.40,5.00,2026-09-14T01:40:08.480Z
KJ25,PY22,4.80,4.80,4.00,2.30,4.80,2026-09-14T01:40:08.480Z
KJ25,PY23,4.50,4.50,3.80,2.20,4.50,2026-09-14T01:40:08.542Z
KJ25,PY24,4.50,4.50,3.80,2.20,4.50,2026-09-14T01:40:08.594Z
KJ25,PY27,6.20,6.20,5.30,3.00,6.20,2026-09-14T01:40:08.598Z
KJ25,PY28,6.60,6.60,5.60,3.20,6.60,2026-09-14T01:40:08.595Z
KJ25,PY29,6.00,6.00,5.20,3.00,6.00,2026-09-14T01:40:08.628Z
KJ25,PY31,7.00,7.00,5.90,3.50,7.00,2026-09-14T01:40:08.647Z
KJ25,PY32,7.10,7.10,6.00,3.50,7.10,2026-09-14T01:40:08.650Z
KJ25,PY33,7.30,7.30,6.10,3.60,7.30,2026-09-14T01:40:08.650Z
KJ25,PY34,7.60,7.60,6.40,3.70,7.60,2026-09-14T01:40:08.696Z
KJ25,PY36,7.50,7.50,6.30,3.70,7.50,2026-09-14T01:40:08.755Z
KJ25,PY37,7.70,7.70,6.50,3.80,7.70,2026-09-14T01:40:08.750Z
KJ25,PY38,7.30,7.30,6.10,3.60,7.30,2026-09-14T01:40:08.767Z
KJ25,PY39,7.50,7.50,6.30,3.70,7.50,2026-09-14T01:40:08.809Z
KJ25,PY40,7.60,7.60,6.40,3.80,7.60,2026-09-14T01:40:08.809Z
KJ25,PY41,7.80,7.80,6.50,3.80,7.80,2026-09-14T01:40:08.812Z
KJ25,SB1,7.50,7.50,6.40,3.70,7.50,2026-09-14T01:40:08.812Z
KJ25,SB2,6.90,6.90,5.80,3.40,6.90,2026-09-14T01:40:08.859Z
KJ25,SB3,6.20,6.20,5.30,3.10,6.20,2026-09-14T01:40:08.927Z
KJ25,SB4,5.50,5.50,4.70,2.70,5.50,2026-09-14T01:40:08.915Z
KJ25,SB5,4.80,4.80,4.10,2.40,4.80,2026-09-14T01:40:08.961Z
KJ25,SB6,3.90,3.90,3.40,1.90,3.90,2026-09-14T01:40:09.002Z
KJ25,SB7,3.00,3.00,2.60,1.50,3.00,2026-09-14T01:40:09.007Z
KJ25,SP1,4.90,4.90,4.20,2.40,4.90,2026-09-14T01:40:09.008Z
KJ25,SP10,4.20,4.20,3.60,2.00,4.20,2026-09-14T01:40:08.982Z
KJ25,SP11,4.50,4.50,3.80,2.20,4.50,2026-09-14T01:40:09.052Z
KJ25,SP12,4.90,4.90,4.20,2.40,4.90,2026-09-14T01:40:09.139Z
KJ25,SP13,5.30,5.30,4.50,2.60,5.30,2026-09-14T01:40:09.110Z
KJ25,SP14,5.70,5.70,4.90,2.80,5.70,2026-09-14T01:40:09.143Z
KJ25,SP15,5.70,5.70,4.90,2.80,5.70,2026-09-14T01:40:09.160Z
KJ25,SP16,6.00,6.00,5.20,3.00,6.00,2026-09-14T01:40:09.177Z
KJ25,SP17,6.50,6.50,5.50,3.20,6.50,2026-09-14T01:40:09.169Z
KJ25,SP18,6.30,6.30,5.40,3.10,6.30,2026-09-14T01:40:09.167Z
KJ25,SP19,6.50,6.50,5.50,3.20,6.50,2026-09-14T01:40:09.240Z
KJ25,SP2,4.80,4.80,4.10,2.30,4.80,2026-09-14T01:40:09.279Z
KJ25,SP20,6.60,6.60,5.70,3.30,6.60,2026-09-14T01:40:09.345Z
KJ25,SP21,6.90,6.90,5.90,3.40,6.90,2026-09-14T01:40:09.322Z
KJ25,SP22,6.50,6.50,5.50,3.20,6.50,2026-09-14T01:40:09.344Z
KJ25,SP24,6.00,6.00,5.10,2.90,6.00,2026-09-14T01:40:09.345Z
KJ25,SP25,6.00,6.00,5.10,2.90,6.00,2026-09-14T01:40:09.336Z
KJ25,SP26,5.70,5.70,4.90,2.80,5.70,2026-09-14T01:40:09.350Z
KJ25,SP27,5.50,5.50,4.70,2.70,5.50,2026-09-14T01:40:09.401Z
KJ25,SP28,5.10,5.10,4.40,2.50,5.10,2026-09-14T01:40:09.464Z
KJ25,SP29,4.70,4.70,4.10,2.30,4.70,2026-09-14T01:40:09.503Z
KJ25,SP3,4.60,4.60,3.90,2.20,4.60,2026-09-14T01:40:09.522Z
KJ25,SP31,3.90,3.90,3.40,1.90,3.90,2026-09-14T01:40:09.519Z
KJ25,SP4,4.30,4.30,3.70,2.10,4.30,2026-09-14T01:40:09.522Z
KJ25,SP5,4.10,4.10,3.50,2.00,4.10,2026-09-14T01:40:09.580Z
KJ25,SP6,3.90,3.90,3.40,1.90,3.90,2026-09-14T01:40:09.522Z
KJ25,SP7,3.70,3.70,3.20,1.80,3.70,2026-09-14T01:40:09.561Z
KJ25,SP8,3.70,3.70,3.20,1.80,3.70,2026-09-14T01:40:09.627Z
KJ25,SP9,3.90,3.90,3.40,1.90,3.90,2026-09-14T01:40:09.691Z
KJ26,KJ27,1.30,1.30,1.20,0.60,1.30,2026-09-14T01:40:09.679Z
KJ26,KJ28,1.70,1.70,1.60,0.90,1.70,2026-09-14T01:40:09.700Z
KJ26,KJ29,2.00,2.00,1.80,1.00,2.00,2026-09-14T01:40:09.696Z
KJ26,KJ3,4.10,4.10,3.60,2.00,4.10,2026-09-14T01:40:09.687Z
KJ26,KJ30,2.20,2.20,2.00,1.10,2.20,2026-09-14T01:40:09.733Z
KJ26,KJ31,2.80,2.80,2.50,1.40,2.80,2026-09-14T01:40:09.748Z
KJ26,KJ32,3.00,3.00,2.60,1.50,3.00,2026-09-14T01:40:09.793Z
KJ26,KJ33,3.00,3.00,2.70,1.50,3.00,2026-09-14T01:40:09.853Z
KJ26,KJ34,3.30,3.30,2.90,1.60,3.30,2026-09-14T01:40:09.904Z
KJ26,KJ35,3.70,3.70,3.20,1.80,3.70,2026-09-14T01:40:09.857Z
KJ26,KJ36,3.50,3.50,3.00,1.70,3.50,2026-09-14T01:40:09.931Z
KJ26,KJ37,3.80,3.80,3.30,1.80,3.80,2026-09-14T01:40:09.869Z
KJ26,KJ4,3.80,3.80,3.30,1.80,3.80,2026-09-14T01:40:09.905Z
KJ26,KJ5,4.30,4.30,3.80,2.10,4.30,2026-09-14T01:40:09.898Z
KJ26,KJ6,4.20,4.20,3.70,2.10,4.20,2026-09-14T01:40:09.942Z
KJ26,KJ7,4.10,4.10,3.60,2.00,4.10,2026-09-14T01:40:10.019Z
KJ26,KJ8,4.00,4.00,3.50,2.00,4.00,2026-09-14T01:40:10.021Z
KJ26,KJ9,3.90,3.90,3.40,1.90,3.90,2026-09-14T01:40:10.020Z
KJ26,MR1,5.90,5.90,5.20,3.00,5.90,2026-09-14T01:40:10.064Z
KJ26,MR10,5.40,5.40,4.60,2.60,5.40,2026-09-14T01:40:10.063Z
KJ26,MR11,4.70,4.70,4.00,2.30,4.70,2026-09-14T01:40:10.067Z
KJ26,MR2,5.60,5.60,4.90,2.80,5.60,2026-09-14T01:40:10.095Z
KJ26,MR3,4.60,4.60,4.10,2.30,4.60,2026-09-14T01:40:10.113Z
KJ26,MR4,4.00,4.00,3.60,2.00,4.00,2026-09-14T01:40:10.193Z
KJ26,MR5,4.30,4.30,3.80,2.10,4.30,2026-09-14T01:40:10.195Z
KJ26,MR6,4.60,4.60,4.10,2.30,4.60,2026-09-14T01:40:10.186Z
KJ26,MR7,5.00,5.00,4.40,2.50,5.00,2026-09-14T01:40:10.244Z
KJ26,MR8,5.50,5.50,4.90,2.80,5.50,2026-09-14T01:40:10.244Z
KJ26,MR9,6.00,6.00,5.10,3.00,6.00,2026-09-14T01:40:10.230Z
KJ26,PY01,6.70,6.70,5.80,3.30,6.70,2026-09-14T01:40:10.248Z
KJ26,PY03,7.50,7.50,6.50,3.70,7.50,2026-09-14T01:40:10.277Z
KJ26,PY04,7.70,7.70,6.50,3.80,7.70,2026-09-14T01:40:10.357Z
KJ26,PY05,7.50,7.50,6.30,3.70,7.50,2026-09-14T01:40:10.362Z
KJ26,PY06,7.60,7.60,6.40,3.80,7.60,2026-09-14T01:40:10.360Z
KJ26,PY07,7.30,7.30,6.20,3.60,7.30,2026-09-14T01:40:10.400Z
KJ26,PY08,7.00,7.00,5.90,3.50,7.00,2026-09-14T01:40:10.405Z
KJ26,PY09,7.10,7.10,6.00,3.50,7.10,2026-09-14T01:40:10.412Z
KJ26,PY10,6.80,6.80,5.80,3.40,6.80,2026-09-14T01:40:10.403Z
KJ26,PY11,6.60,6.60,5.60,3.20,6.60,2026-09-14T01:40:10.449Z
KJ26,PY12,6.30,6.30,5.30,3.10,6.30,2026-09-14T01:40:10.531Z
KJ26,PY13,6.00,6.00,5.10,2.90,6.00,2026-09-14T01:40:10.532Z
KJ26,PY14,5.80,5.80,4.90,2.80,5.80,2026-09-14T01:40:10.536Z
KJ26,PY15,5.50,5.50,4.70,2.70,5.50,2026-09-14T01:40:10.572Z
KJ26,PY16,5.10,5.10,4.40,2.50,5.10,2026-09-14T01:40:10.568Z
KJ26,PY17,4.70,4.70,4.00,2.30,4.70,2026-09-14T01:40:10.571Z
KJ26,PY18,4.90,4.90,4.20,2.40,4.90,2026-09-14T01:40:10.572Z
KJ26,PY19,5.30,5.30,4.50,2.60,5.30,2026-09-14T01:40:10.613Z
KJ26,PY20,5.20,5.20,4.50,2.60,5.20,2026-09-14T01:40:10.707Z
KJ26,PY21,5.10,5.10,4.40,2.50,5.10,2026-09-14T01:40:10.703Z
KJ26,PY22,4.90,4.90,4.20,2.40,4.90,2026-09-14T01:40:10.702Z
KJ26,PY23,4.60,4.60,4.00,2.30,4.60,2026-09-14T01:40:10.727Z
KJ26,PY24,4.60,4.60,4.00,2.30,4.60,2026-09-14T01:40:10.729Z
KJ26,PY27,6.30,6.30,5.40,3.10,6.30,2026-09-14T01:40:10.727Z
KJ26,PY28,6.70,6.70,5.70,3.30,6.70,2026-09-14T01:40:10.728Z
KJ26,PY29,6.10,6.10,5.40,3.10,6.10,2026-09-14T01:40:10.772Z
KJ26,PY31,7.10,7.10,6.00,3.60,7.10,2026-09-14T01:40:10.879Z
KJ26,PY32,7.20,7.20,6.20,3.60,7.20,2026-09-14T01:40:10.880Z
KJ26,PY33,7.40,7.40,6.30,3.70,7.40,2026-09-14T01:40:10.879Z
KJ26,PY34,7.70,7.70,6.50,3.80,7.70,2026-09-14T01:40:10.892Z
KJ26,PY36,7.60,7.60,6.40,3.80,7.60,2026-09-14T01:40:10.896Z
KJ26,PY37,7.80,7.80,6.60,3.90,7.80,2026-09-14T01:40:10.890Z
KJ26,PY38,7.40,7.40,6.30,3.70,7.40,2026-09-14T01:40:10.896Z
KJ26,PY39,7.60,7.60,6.50,3.80,7.60,2026-09-14T01:40:10.922Z
KJ26,PY40,7.70,7.70,6.60,3.90,7.70,2026-09-14T01:40:11.037Z
KJ26,PY41,7.90,7.90,6.70,3.90,7.90,2026-09-14T01:40:11.042Z
KJ26,SB1,7.30,7.30,6.30,3.60,7.30,2026-09-14T01:40:11.041Z
KJ26,SB2,6.70,6.70,5.70,3.30,6.70,2026-09-14T01:40:11.056Z
KJ26,SB3,6.00,6.00,5.20,3.00,6.00,2026-09-14T01:40:11.056Z
KJ26,SB4,5.30,5.30,4.60,2.60,5.30,2026-09-14T01:40:11.057Z
KJ26,SB5,4.60,4.60,4.00,2.30,4.60,2026-09-14T01:40:11.057Z
KJ26,SB6,3.70,3.70,3.30,1.80,3.70,2026-09-14T01:40:11.086Z
KJ26,SB7,2.80,2.80,2.50,1.40,2.80,2026-09-14T01:40:11.212Z
KJ26,SP1,5.00,5.00,4.30,2.50,5.00,2026-09-14T01:40:11.225Z
KJ26,SP10,4.30,4.30,3.80,2.10,4.30,2026-09-14T01:40:11.224Z
KJ26,SP11,4.60,4.60,4.00,2.30,4.60,2026-09-14T01:40:11.216Z
KJ26,SP12,5.00,5.00,4.40,2.50,5.00,2026-09-14T01:40:11.230Z
KJ26,SP13,5.40,5.40,4.70,2.70,5.40,2026-09-14T01:40:11.215Z
KJ26,SP14,5.80,5.80,5.10,2.90,5.80,2026-09-14T01:40:11.222Z
KJ26,SP15,5.80,5.80,5.10,2.90,5.80,2026-09-14T01:40:11.250Z
KJ26,SP16,6.10,6.10,5.40,3.10,6.10,2026-09-14T01:40:11.662Z
KJ26,SP17,6.60,6.60,5.70,3.30,6.60,2026-09-14T01:40:11.391Z
KJ26,SP18,6.40,6.40,5.50,3.20,6.40,2026-09-14T01:40:11.383Z
KJ26,SP19,6.60,6.60,5.70,3.20,6.60,2026-09-14T01:40:11.391Z
KJ26,SP2,4.90,4.90,4.20,2.40,4.90,2026-09-14T01:40:11.392Z
KJ26,SP20,6.50,6.50,5.60,3.20,6.50,2026-09-14T01:40:11.391Z
KJ26,SP21,6.80,6.80,5.80,3.30,6.80,2026-09-14T01:40:11.402Z
KJ26,SP22,6.50,6.50,5.50,3.10,6.50,2026-09-14T01:40:11.418Z
KJ26,SP24,5.90,5.90,5.00,2.80,5.90,2026-09-14T01:40:11.539Z
KJ26,SP25,5.90,5.90,5.00,2.80,5.90,2026-09-14T01:40:11.539Z
KJ26,SP26,5.60,5.60,4.80,2.70,5.60,2026-09-14T01:40:11.546Z
KJ26,SP27,5.40,5.40,4.60,2.60,5.40,2026-09-14T01:40:11.549Z
KJ26,SP28,5.00,5.00,4.30,2.40,5.00,2026-09-14T01:40:11.555Z
KJ26,SP29,4.60,4.60,4.00,2.20,4.60,2026-09-14T01:40:11.568Z
KJ26,SP3,4.70,4.70,4.00,2.30,4.70,2026-09-14T01:40:11.582Z
KJ26,SP31,3.80,3.80,3.30,1.80,3.80,2026-09-14T01:40:11.695Z
KJ26,SP4,4.40,4.40,3.80,2.20,4.40,2026-09-14T01:40:11.701Z
KJ26,SP5,4.20,4.20,3.60,2.10,4.20,2026-09-14T01:40:11.699Z
KJ26,SP6,4.00,4.00,3.50,2.00,4.00,2026-09-14T01:40:11.702Z
KJ26,SP7,3.80,3.80,3.30,1.90,3.80,2026-09-14T01:40:11.709Z
KJ26,SP8,3.80,3.80,3.40,1.90,3.80,2026-09-14T01:40:11.735Z
KJ26,SP9,4.00,4.00,3.60,2.00,4.00,2026-09-14T01:40:11.735Z
KJ27,KJ28,1.30,1.30,1.20,0.60,1.30,2026-09-14T01:40:11.832Z
KJ27,KJ29,1.70,1.70,1.60,0.90,1.70,2026-09-14T01:40:11.895Z
KJ27,KJ3,4.30,4.30,3.70,2.10,4.30,2026-09-14T01:40:11.879Z
KJ27,KJ30,2.00,2.00,1.80,1.00,2.00,2026-09-14T01:40:11.871Z
KJ27,KJ31,2.40,2.40,2.10,1.20,2.40,2026-09-14T01:40:11.871Z
KJ27,KJ32,2.60,2.60,2.30,1.30,2.60,2026-09-14T01:40:11.890Z
KJ27,KJ33,3.00,3.00,2.60,1.50,3.00,2026-09-14T01:40:11.903Z
KJ27,KJ34,2.90,2.90,2.60,1.40,2.90,2026-09-14T01:40:11.915Z
KJ27,KJ35,3.30,3.30,2.90,1.60,3.30,2026-09-14T01:40:12.008Z
KJ27,KJ36,3.70,3.70,3.20,1.80,3.70,2026-09-14T01:40:12.036Z
KJ27,KJ37,3.50,3.50,3.10,1.70,3.50,2026-09-14T01:40:12.035Z
KJ27,KJ4,3.90,3.90,3.40,1.90,3.90,2026-09-14T01:40:12.055Z
KJ27,KJ5,3.70,3.70,3.20,1.80,3.70,2026-09-14T01:40:12.057Z
KJ27,KJ6,3.60,3.60,3.10,1.70,3.60,2026-09-14T01:40:12.065Z
KJ27,KJ7,4.30,4.30,3.80,2.10,4.30,2026-09-14T01:40:12.064Z
KJ27,KJ8,4.20,4.20,3.70,2.10,4.20,2026-09-14T01:40:12.074Z
KJ27,KJ9,4.10,4.10,3.50,2.00,4.10,2026-09-14T01:40:12.175Z
KJ27,MR1,6.20,6.20,5.40,3.10,6.20,2026-09-14T01:40:12.192Z
KJ27,MR10,5.70,5.70,4.90,2.70,5.70,2026-09-14T01:40:12.208Z
KJ27,MR11,5.00,5.00,4.30,2.40,5.00,2026-09-14T01:40:12.214Z
KJ27,MR2,5.90,5.90,5.10,2.90,5.90,2026-09-14T01:40:12.219Z
KJ27,MR3,4.90,4.90,4.30,2.40,4.90,2026-09-14T01:40:12.225Z
KJ27,MR4,4.30,4.30,3.80,2.10,4.30,2026-09-14T01:40:12.222Z
KJ27,MR5,4.60,4.60,4.00,2.20,4.60,2026-09-14T01:40:12.230Z
KJ27,MR6,4.90,4.90,4.30,2.40,4.90,2026-09-14T01:40:12.348Z
KJ27,MR7,5.30,5.30,4.60,2.60,5.30,2026-09-14T01:40:12.379Z
KJ27,MR8,5.80,5.80,5.10,2.90,5.80,2026-09-14T01:40:12.389Z
KJ27,MR9,6.30,6.30,5.40,3.10,6.30,2026-09-14T01:40:12.397Z
KJ27,PY01,7.00,7.00,6.00,3.40,7.00,2026-09-14T01:40:12.395Z
KJ27,PY03,7.80,7.80,6.70,3.80,7.80,2026-09-14T01:40:12.390Z
KJ27,PY04,8.00,8.00,6.80,3.90,8.00,2026-09-14T01:40:12.396Z
KJ27,PY05,7.80,7.80,6.60,3.80,7.80,2026-09-14T01:40:12.395Z
KJ27,PY06,7.90,7.90,6.70,3.90,7.90,2026-09-14T01:40:12.520Z
KJ27,PY07,7.60,7.60,6.50,3.70,7.60,2026-09-14T01:40:12.544Z
KJ27,PY08,7.30,7.30,6.20,3.60,7.30,2026-09-14T01:40:12.546Z
KJ27,PY09,7.40,7.40,6.30,3.60,7.40,2026-09-14T01:40:12.570Z
KJ27,PY10,7.10,7.10,6.10,3.50,7.10,2026-09-14T01:40:12.570Z
KJ27,PY11,6.90,6.90,5.90,3.30,6.90,2026-09-14T01:40:12.567Z
KJ27,PY12,6.60,6.60,5.60,3.20,6.60,2026-09-14T01:40:12.603Z
KJ27,PY13,6.30,6.30,5.40,3.00,6.30,2026-09-14T01:40:12.559Z
KJ27,PY14,6.10,6.10,5.20,2.90,6.10,2026-09-14T01:40:12.688Z
KJ27,PY15,5.80,5.80,5.00,2.80,5.80,2026-09-14T01:40:12.689Z
KJ27,PY16,5.40,5.40,4.70,2.60,5.40,2026-09-14T01:40:12.692Z
KJ27,PY17,5.00,5.00,4.30,2.40,5.00,2026-09-14T01:40:12.713Z
KJ27,PY18,5.20,5.20,4.50,2.50,5.20,2026-09-14T01:40:12.730Z
KJ27,PY19,5.60,5.60,4.80,2.70,5.60,2026-09-14T01:40:12.736Z
KJ27,PY20,5.50,5.50,4.70,2.70,5.50,2026-09-14T01:40:12.733Z
KJ27,PY21,5.40,5.40,4.60,2.60,5.40,2026-09-14T01:40:12.755Z
KJ27,PY22,5.20,5.20,4.40,2.50,5.20,2026-09-14T01:40:12.867Z
KJ27,PY23,4.90,4.90,4.20,2.40,4.90,2026-09-14T01:40:12.868Z
KJ27,PY24,4.90,4.90,4.20,2.40,4.90,2026-09-14T01:40:12.867Z
KJ27,PY27,6.60,6.60,5.70,3.20,6.60,2026-09-14T01:40:12.873Z
KJ27,PY28,7.00,7.00,6.00,3.40,7.00,2026-09-14T01:40:12.890Z
KJ27,PY29,6.40,6.40,5.60,3.20,6.40,2026-09-14T01:40:12.886Z
KJ27,PY31,7.30,7.30,6.20,3.60,7.30,2026-09-14T01:40:12.903Z
KJ27,PY32,7.50,7.50,6.40,3.70,7.50,2026-09-14T01:40:12.912Z
KJ27,PY33,7.70,7.70,6.50,3.80,7.70,2026-09-14T01:40:13.044Z
KJ27,PY34,8.00,8.00,6.80,3.90,8.00,2026-09-14T01:40:13.046Z
KJ27,PY36,7.90,7.90,6.70,3.90,7.90,2026-09-14T01:40:13.036Z
KJ27,PY37,8.10,8.10,6.90,4.00,8.10,2026-09-14T01:40:13.034Z
KJ27,PY38,7.70,7.70,6.50,3.80,7.70,2026-09-14T01:40:13.050Z
KJ27,PY39,7.90,7.90,6.70,3.90,7.90,2026-09-14T01:40:13.064Z
KJ27,PY40,8.00,8.00,6.80,4.00,8.00,2026-09-14T01:40:13.057Z
KJ27,PY41,8.20,8.20,6.90,4.00,8.20,2026-09-14T01:40:13.077Z
KJ27,SB1,6.90,6.90,5.90,3.40,6.90,2026-09-14T01:40:13.204Z
KJ27,SB2,6.30,6.30,5.30,3.10,6.30,2026-09-14T01:40:13.203Z
KJ27,SB3,5.60,5.60,4.80,2.80,5.60,2026-09-14T01:40:13.210Z
KJ27,SB4,4.90,4.90,4.20,2.40,4.90,2026-09-14T01:40:13.219Z
KJ27,SB5,4.20,4.20,3.60,2.10,4.20,2026-09-14T01:40:13.216Z
KJ27,SB6,3.30,3.30,2.90,1.60,3.30,2026-09-14T01:40:13.217Z
KJ27,SB7,2.40,2.40,2.10,1.20,2.40,2026-09-14T01:40:13.230Z
KJ27,SP1,5.30,5.30,4.60,2.60,5.30,2026-09-14T01:40:13.240Z
KJ27,SP10,4.60,4.60,4.00,2.20,4.60,2026-09-14T01:40:13.380Z
KJ27,SP11,4.90,4.90,4.20,2.40,4.90,2026-09-14T01:40:13.382Z
KJ27,SP12,5.30,5.30,4.60,2.60,5.30,2026-09-14T01:40:13.384Z
KJ27,SP13,5.70,5.70,4.90,2.80,5.70,2026-09-14T01:40:13.381Z
KJ27,SP14,6.10,6.10,5.30,3.00,6.10,2026-09-14T01:40:13.383Z
KJ27,SP15,6.10,6.10,5.30,3.00,6.10,2026-09-14T01:40:13.381Z
KJ27,SP16,6.40,6.40,5.60,3.20,6.40,2026-09-14T01:40:13.383Z
KJ27,SP17,6.90,6.90,5.90,3.40,6.90,2026-09-14T01:40:13.409Z
KJ27,SP18,6.70,6.70,5.80,3.30,6.70,2026-09-14T01:40:13.565Z
KJ27,SP19,6.40,6.40,5.50,3.10,6.40,2026-09-14T01:40:13.572Z
KJ27,SP2,5.20,5.20,4.50,2.50,5.20,2026-09-14T01:40:13.574Z
KJ27,SP20,6.20,6.20,5.40,3.10,6.20,2026-09-14T01:40:13.575Z
KJ27,SP21,6.50,6.50,5.60,3.20,6.50,2026-09-14T01:40:13.570Z
KJ27,SP22,6.20,6.20,5.30,3.00,6.20,2026-09-14T01:40:13.572Z
KJ27,SP24,5.60,5.60,4.80,2.70,5.60,2026-09-14T01:40:13.575Z
KJ27,SP25,5.60,5.60,4.80,2.70,5.60,2026-09-14T01:40:13.596Z
KJ27,SP26,5.30,5.30,4.60,2.60,5.30,2026-09-14T01:40:13.743Z
KJ27,SP27,5.10,5.10,4.40,2.50,5.10,2026-09-14T01:40:13.746Z
KJ27,SP28,4.70,4.70,4.10,2.30,4.70,2026-09-14T01:40:13.741Z
KJ27,SP29,4.30,4.30,3.80,2.10,4.30,2026-09-14T01:40:13.737Z
KJ27,SP3,5.00,5.00,4.30,2.40,5.00,2026-09-14T01:40:13.746Z
KJ27,SP31,3.50,3.50,3.10,1.70,3.50,2026-09-14T01:40:13.743Z
KJ27,SP4,4.70,4.70,4.10,2.30,4.70,2026-09-14T01:40:13.742Z
KJ27,SP5,4.50,4.50,3.90,2.20,4.50,2026-09-14T01:40:13.770Z
KJ27,SP6,4.30,4.30,3.80,2.10,4.30,2026-09-14T01:40:13.908Z
KJ27,SP7,4.10,4.10,3.60,2.00,4.10,2026-09-14T01:40:13.907Z
KJ27,SP8,4.10,4.10,3.60,2.00,4.10,2026-09-14T01:40:13.907Z
KJ27,SP9,4.30,4.30,3.80,2.10,4.30,2026-09-14T01:40:13.911Z
KJ28,KJ29,1.20,1.20,1.10,0.60,1.20,2026-09-14T01:40:13.908Z
KJ28,KJ3,4.40,4.40,3.80,2.20,4.40,2026-09-14T01:40:13.912Z
KJ28,KJ30,1.50,1.50,1.40,0.80,1.50,2026-09-14T01:40:13.910Z
KJ28,KJ31,2.00,2.00,1.80,1.00,2.00,2026-09-14T01:40:13.934Z
KJ28,KJ32,2.20,2.20,2.00,1.10,2.20,2026-09-14T01:40:14.082Z
KJ28,KJ33,2.60,2.60,2.30,1.30,2.60,2026-09-14T01:40:14.082Z
KJ28,KJ34,2.90,2.90,2.50,1.40,2.90,2026-09-14T01:40:14.082Z
KJ28,KJ35,3.00,3.00,2.60,1.40,3.00,2026-09-14T01:40:14.085Z
KJ28,KJ36,3.30,3.30,2.90,1.60,3.30,2026-09-14T01:40:14.078Z
KJ28,KJ37,3.70,3.70,3.20,1.80,3.70,2026-09-14T01:40:14.082Z
KJ28,KJ4,4.10,4.10,3.60,2.00,4.10,2026-09-14T01:40:14.081Z
KJ28,KJ5,3.80,3.80,3.30,1.90,3.80,2026-09-14T01:40:14.094Z
KJ28,KJ6,3.70,3.70,3.30,1.80,3.70,2026-09-14T01:40:14.284Z
KJ28,KJ7,3.70,3.70,3.20,1.80,3.70,2026-09-14T01:40:14.285Z
KJ28,KJ8,3.60,3.60,3.10,1.70,3.60,2026-09-14T01:40:14.252Z
KJ28,KJ9,4.30,4.30,3.70,2.10,4.30,2026-09-14T01:40:14.293Z
KJ28,MR1,6.10,6.10,5.20,3.00,6.10,2026-09-14T01:40:14.251Z
KJ28,MR10,5.30,5.30,4.50,2.50,5.30,2026-09-14T01:40:14.292Z
KJ28,MR11,4.60,4.60,3.90,2.20,4.60,2026-09-14T01:40:14.266Z
KJ28,MR2,5.80,5.80,4.90,2.80,5.80,2026-09-14T01:40:14.284Z
KJ28,MR3,4.80,4.80,4.10,2.30,4.80,2026-09-14T01:40:14.418Z
KJ28,MR4,4.20,4.20,3.60,2.00,4.20,2026-09-14T01:40:14.419Z
KJ28,MR5,4.50,4.50,3.80,2.10,4.50,2026-09-14T01:40:14.432Z
KJ28,MR6,4.80,4.80,4.10,2.30,4.80,2026-09-14T01:40:14.449Z
KJ28,MR7,5.20,5.20,4.40,2.50,5.20,2026-09-14T01:40:14.449Z
KJ28,MR8,5.70,5.70,4.90,2.80,5.70,2026-09-14T01:40:14.446Z
KJ28,MR9,5.90,5.90,5.00,2.90,5.90,2026-09-14T01:40:14.445Z
KJ28,PY01,7.20,7.20,6.00,3.50,7.20,2026-09-14T01:40:14.459Z
KJ28,PY03,7.50,7.50,6.40,3.70,7.50,2026-09-14T01:40:14.600Z
KJ28,PY04,7.60,7.60,6.40,3.70,7.60,2026-09-14T01:40:14.587Z
KJ28,PY05,7.40,7.40,6.20,3.60,7.40,2026-09-14T01:40:14.600Z
KJ28,PY06,7.50,7.50,6.30,3.70,7.50,2026-09-14T01:40:14.611Z
KJ28,PY07,7.20,7.20,6.10,3.50,7.20,2026-09-14T01:40:14.618Z
KJ28,PY08,6.90,6.90,5.80,3.40,6.90,2026-09-14T01:40:14.617Z
KJ28,PY09,7.00,7.00,5.90,3.40,7.00,2026-09-14T01:40:14.622Z
KJ28,PY10,6.70,6.70,5.70,3.30,6.70,2026-09-14T01:40:14.640Z
KJ28,PY11,6.50,6.50,5.50,3.10,6.50,2026-09-14T01:40:14.756Z
KJ28,PY12,6.20,6.20,5.20,3.00,6.20,2026-09-14T01:40:14.777Z
KJ28,PY13,5.90,5.90,5.00,2.80,5.90,2026-09-14T01:40:14.784Z
KJ28,PY14,5.70,5.70,4.80,2.70,5.70,2026-09-14T01:40:14.772Z
KJ28,PY15,5.40,5.40,4.60,2.60,5.40,2026-09-14T01:40:14.797Z
KJ28,PY16,5.00,5.00,4.30,2.40,5.00,2026-09-14T01:40:14.797Z
KJ28,PY17,4.60,4.60,3.90,2.20,4.60,2026-09-14T01:40:14.796Z
KJ28,PY18,4.80,4.80,4.10,2.30,4.80,2026-09-14T01:40:14.804Z
KJ28,PY19,5.20,5.20,4.40,2.50,5.20,2026-09-14T01:40:14.929Z
KJ28,PY20,5.50,5.50,4.70,2.70,5.50,2026-09-14T01:40:14.946Z
KJ28,PY21,5.70,5.70,4.80,2.70,5.70,2026-09-14T01:40:14.963Z
KJ28,PY22,5.50,5.50,4.60,2.60,5.50,2026-09-14T01:40:14.980Z
KJ28,PY23,4.80,4.80,4.10,2.30,4.80,2026-09-14T01:40:14.980Z
KJ28,PY24,4.80,4.80,4.10,2.30,4.80,2026-09-14T01:40:14.984Z
KJ28,PY27,6.20,6.20,5.30,3.00,6.20,2026-09-14T01:40:14.980Z
KJ28,PY28,6.60,6.60,5.60,3.20,6.60,2026-09-14T01:40:14.989Z
KJ28,PY29,6.20,6.20,5.30,3.10,6.20,2026-09-14T01:40:15.111Z
KJ28,PY31,7.00,7.00,5.90,3.50,7.00,2026-09-14T01:40:15.143Z
KJ28,PY32,7.30,7.30,6.20,3.60,7.30,2026-09-14T01:40:15.128Z
KJ28,PY33,7.50,7.50,6.40,3.70,7.50,2026-09-14T01:40:15.208Z
KJ28,PY34,7.60,7.60,6.40,3.70,7.60,2026-09-14T01:40:15.151Z
KJ28,PY36,7.50,7.50,6.30,3.70,7.50,2026-09-14T01:40:15.211Z
KJ28,PY37,7.70,7.70,6.50,3.80,7.70,2026-09-14T01:40:15.213Z
KJ28,PY38,8.00,8.00,6.70,3.90,8.00,2026-09-14T01:40:15.211Z
KJ28,PY39,7.60,7.60,6.40,3.70,7.60,2026-09-14T01:40:15.258Z
KJ28,PY40,7.80,7.80,6.60,3.80,7.80,2026-09-14T01:40:15.297Z
KJ28,PY41,7.90,7.90,6.70,3.80,7.90,2026-09-14T01:40:15.304Z
KJ28,SB1,6.50,6.50,5.60,3.20,6.50,2026-09-14T01:40:15.309Z
KJ28,SB2,5.90,5.90,5.00,2.90,5.90,2026-09-14T01:40:15.374Z
KJ28,SB3,5.20,5.20,4.50,2.60,5.20,2026-09-14T01:40:15.368Z
KJ28,SB4,4.50,4.50,3.90,2.20,4.50,2026-09-14T01:40:15.373Z
KJ28,SB5,3.80,3.80,3.30,1.90,3.80,2026-09-14T01:40:15.364Z
KJ28,SB6,2.90,2.90,2.60,1.40,2.90,2026-09-14T01:40:15.412Z
KJ28,SB7,2.00,2.00,1.80,1.00,2.00,2026-09-14T01:40:15.454Z
KJ28,SP1,4.90,4.90,4.20,2.40,4.90,2026-09-14T01:40:15.455Z
KJ28,SP10,4.50,4.50,3.80,2.20,4.50,2026-09-14T01:40:15.460Z
KJ28,SP11,4.80,4.80,4.10,2.30,4.80,2026-09-14T01:40:15.537Z
KJ28,SP12,5.10,5.10,4.40,2.50,5.10,2026-09-14T01:40:15.551Z
KJ28,SP13,5.50,5.50,4.70,2.70,5.50,2026-09-14T01:40:15.559Z
KJ28,SP14,6.00,6.00,5.10,2.90,6.00,2026-09-14T01:40:15.562Z
KJ28,SP15,5.90,5.90,5.10,2.90,5.90,2026-09-14T01:40:15.572Z
KJ28,SP16,6.20,6.20,5.30,3.10,6.20,2026-09-14T01:40:15.609Z
KJ28,SP17,6.70,6.70,5.70,3.30,6.70,2026-09-14T01:40:15.608Z
KJ28,SP18,6.30,6.30,5.40,3.10,6.30,2026-09-14T01:40:15.609Z
KJ28,SP19,6.60,6.60,5.60,3.20,6.60,2026-09-14T01:40:15.707Z
KJ28,SP2,4.80,4.80,4.10,2.30,4.80,2026-09-14T01:40:15.734Z
KJ28,SP20,6.40,6.40,5.50,3.20,6.40,2026-09-14T01:40:15.739Z
KJ28,SP21,6.70,6.70,5.70,3.30,6.70,2026-09-14T01:40:15.737Z
KJ28,SP22,6.40,6.40,5.40,3.10,6.40,2026-09-14T01:40:15.745Z
KJ28,SP24,5.80,5.80,4.90,2.80,5.80,2026-09-14T01:40:15.770Z
KJ28,SP25,5.80,5.80,4.90,2.80,5.80,2026-09-14T01:40:15.773Z
KJ28,SP26,5.50,5.50,4.70,2.70,5.50,2026-09-14T01:40:15.770Z
KJ28,SP27,5.30,5.30,4.50,2.60,5.30,2026-09-14T01:40:15.879Z
KJ28,SP28,4.90,4.90,4.20,2.40,4.90,2026-09-14T01:40:15.910Z
KJ28,SP29,4.50,4.50,3.90,2.20,4.50,2026-09-14T01:40:15.910Z
KJ28,SP3,4.60,4.60,3.90,2.20,4.60,2026-09-14T01:40:15.909Z
KJ28,SP31,3.70,3.70,3.20,1.80,3.70,2026-09-14T01:40:15.918Z
KJ28,SP4,4.30,4.30,3.70,2.10,4.30,2026-09-14T01:40:15.926Z
KJ28,SP5,4.10,4.10,3.50,2.00,4.10,2026-09-14T01:40:15.930Z
KJ28,SP6,3.90,3.90,3.40,1.90,3.90,2026-09-14T01:40:15.927Z
KJ28,SP7,3.70,3.70,3.20,1.80,3.70,2026-09-14T01:40:16.046Z
KJ28,SP8,4.00,4.00,3.40,1.90,4.00,2026-09-14T01:40:16.078Z
KJ28,SP9,4.20,4.20,3.60,2.00,4.20,2026-09-14T01:40:16.076Z
KJ29,KJ3,4.60,4.60,4.00,2.20,4.60,2026-09-14T01:40:16.078Z
KJ29,KJ30,1.10,1.10,1.00,0.50,1.10,2026-09-14T01:40:16.094Z
KJ29,KJ31,1.70,1.70,1.60,0.90,1.70,2026-09-14T01:40:16.092Z
KJ29,KJ32,2.00,2.00,1.80,1.00,2.00,2026-09-14T01:40:16.106Z
KJ29,KJ33,2.20,2.20,2.00,1.10,2.20,2026-09-14T01:40:16.091Z
KJ29,KJ34,2.50,2.50,2.20,1.20,2.50,2026-09-14T01:40:16.223Z
KJ29,KJ35,3.00,3.00,2.60,1.50,3.00,2026-09-14T01:40:16.258Z
KJ29,KJ36,3.00,3.00,2.70,1.50,3.00,2026-09-14T01:40:16.256Z
KJ29,KJ37,3.40,3.40,3.00,1.60,3.40,2026-09-14T01:40:16.255Z
KJ29,KJ4,4.30,4.30,3.70,2.10,4.30,2026-09-14T01:40:16.257Z
KJ29,KJ5,4.00,4.00,3.50,1.90,4.00,2026-09-14T01:40:16.256Z
KJ29,KJ6,3.90,3.90,3.40,1.90,3.90,2026-09-14T01:40:16.255Z
KJ29,KJ7,3.80,3.80,3.30,1.90,3.80,2026-09-14T01:40:16.268Z
KJ29,KJ8,3.70,3.70,3.30,1.80,3.70,2026-09-14T01:40:16.408Z
KJ29,KJ9,3.60,3.60,3.20,1.80,3.60,2026-09-14T01:40:16.434Z
KJ29,MR1,6.00,6.00,5.20,3.00,6.00,2026-09-14T01:40:16.429Z
KJ29,MR10,5.50,5.50,4.70,2.60,5.50,2026-09-14T01:40:16.429Z
KJ29,MR11,4.80,4.80,4.10,2.30,4.80,2026-09-14T01:40:16.423Z
KJ29,MR2,5.70,5.70,4.90,2.80,5.70,2026-09-14T01:40:16.430Z
KJ29,MR3,4.70,4.70,4.10,2.30,4.70,2026-09-14T01:40:16.432Z
KJ29,MR4,4.10,4.10,3.60,2.00,4.10,2026-09-14T01:40:16.440Z
KJ29,MR5,4.40,4.40,3.80,2.10,4.40,2026-09-14T01:40:16.559Z
KJ29,MR6,4.70,4.70,4.10,2.30,4.70,2026-09-14T01:40:16.600Z
KJ29,MR7,5.10,5.10,4.40,2.50,5.10,2026-09-14T01:40:16.600Z
KJ29,MR8,5.60,5.60,4.90,2.80,5.60,2026-09-14T01:40:16.602Z
KJ29,MR9,6.10,6.10,5.20,3.00,6.10,2026-09-14T01:40:16.600Z
KJ29,PY01,6.80,6.80,5.80,3.30,6.80,2026-09-14T01:40:16.840Z
KJ29,PY03,7.60,7.60,6.50,3.70,7.60,2026-09-14T01:40:16.599Z
KJ29,PY04,7.80,7.80,6.60,3.80,7.80,2026-09-14T01:40:16.603Z
KJ29,PY05,7.60,7.60,6.40,3.70,7.60,2026-09-14T01:40:16.736Z
KJ29,PY06,7.70,7.70,6.50,3.80,7.70,2026-09-14T01:40:16.772Z
KJ29,PY07,7.40,7.40,6.30,3.60,7.40,2026-09-14T01:40:16.772Z
KJ29,PY08,7.10,7.10,6.00,3.50,7.10,2026-09-14T01:40:16.771Z
KJ29,PY09,7.20,7.20,6.10,3.50,7.20,2026-09-14T01:40:16.767Z
KJ29,PY10,6.90,6.90,5.90,3.40,6.90,2026-09-14T01:40:16.768Z
KJ29,PY11,6.70,6.70,5.70,3.20,6.70,2026-09-14T01:40:16.772Z
KJ29,PY12,6.40,6.40,5.40,3.10,6.40,2026-09-14T01:40:16.882Z
KJ29,PY13,6.10,6.10,5.20,2.90,6.10,2026-09-14T01:40:16.940Z
KJ29,PY14,5.90,5.90,5.00,2.80,5.90,2026-09-14T01:40:16.934Z
KJ29,PY15,5.60,5.60,4.80,2.70,5.60,2026-09-14T01:40:16.948Z
KJ29,PY16,5.20,5.20,4.50,2.50,5.20,2026-09-14T01:40:16.939Z
KJ29,PY17,4.80,4.80,4.10,2.30,4.80,2026-09-14T01:40:16.940Z
KJ29,PY18,5.00,5.00,4.30,2.40,5.00,2026-09-14T01:40:16.933Z
KJ29,PY19,5.40,5.40,4.60,2.60,5.40,2026-09-14T01:40:16.990Z
KJ29,PY20,5.30,5.30,4.50,2.60,5.30,2026-09-14T01:40:17.042Z
KJ29,PY21,5.20,5.20,4.40,2.50,5.20,2026-09-14T01:40:17.096Z
KJ29,PY22,5.00,5.00,4.20,2.40,5.00,2026-09-14T01:40:17.100Z
KJ29,PY23,4.70,4.70,4.00,2.30,4.70,2026-09-14T01:40:17.097Z
KJ29,PY24,4.70,4.70,4.00,2.30,4.70,2026-09-14T01:40:17.097Z
KJ29,PY27,6.40,6.40,5.50,3.10,6.40,2026-09-14T01:40:17.100Z
KJ29,PY28,6.80,6.80,5.80,3.30,6.80,2026-09-14T01:40:17.117Z
KJ29,PY29,6.20,6.20,5.40,3.10,6.20,2026-09-14T01:40:17.397Z
KJ29,PY31,7.20,7.20,6.10,3.50,7.20,2026-09-14T01:40:17.216Z
KJ29,PY32,7.30,7.30,6.20,3.60,7.30,2026-09-14T01:40:17.265Z
KJ29,PY33,7.50,7.50,6.30,3.70,7.50,2026-09-14T01:40:17.262Z
KJ29,PY34,7.80,7.80,6.60,3.80,7.80,2026-09-14T01:40:17.263Z
KJ29,PY36,7.70,7.70,6.50,3.80,7.70,2026-09-14T01:40:17.265Z
KJ29,PY37,7.90,7.90,6.70,3.90,7.90,2026-09-14T01:40:17.259Z
KJ29,PY38,7.50,7.50,6.30,3.70,7.50,2026-09-14T01:40:17.271Z
KJ29,PY39,7.70,7.70,6.50,3.80,7.70,2026-09-14T01:40:17.395Z
KJ29,PY40,7.80,7.80,6.60,3.90,7.80,2026-09-14T01:40:17.435Z
KJ29,PY41,8.00,8.00,6.70,3.90,8.00,2026-09-14T01:40:17.435Z
KJ29,SB1,6.20,6.20,5.40,3.10,6.20,2026-09-14T01:40:17.429Z
KJ29,SB2,5.60,5.60,4.80,2.80,5.60,2026-09-14T01:40:17.430Z
KJ29,SB3,4.90,4.90,4.30,2.50,4.90,2026-09-14T01:40:17.430Z
KJ29,SB4,4.20,4.20,3.70,2.10,4.20,2026-09-14T01:40:17.438Z
KJ29,SB5,3.50,3.50,3.10,1.80,3.50,2026-09-14T01:40:17.567Z
KJ29,SB6,2.60,2.60,2.40,1.30,2.60,2026-09-14T01:40:17.569Z
KJ29,SB7,1.70,1.70,1.60,0.90,1.70,2026-09-14T01:40:17.632Z
KJ29,SP1,5.10,5.10,4.40,2.50,5.10,2026-09-14T01:40:17.606Z
KJ29,SP10,4.40,4.40,3.80,2.10,4.40,2026-09-14T01:40:17.609Z
KJ29,SP11,4.70,4.70,4.00,2.30,4.70,2026-09-14T01:40:17.605Z
KJ29,SP12,5.10,5.10,4.40,2.50,5.10,2026-09-14T01:40:17.620Z
KJ29,SP13,5.50,5.50,4.70,2.70,5.50,2026-09-14T01:40:17.607Z
KJ29,SP14,5.90,5.90,5.10,2.90,5.90,2026-09-14T01:40:17.727Z
KJ29,SP15,5.90,5.90,5.10,2.90,5.90,2026-09-14T01:40:17.744Z
KJ29,SP16,6.20,6.20,5.40,3.10,6.20,2026-09-14T01:40:17.772Z
KJ29,SP17,6.70,6.70,5.70,3.30,6.70,2026-09-14T01:40:17.766Z
KJ29,SP18,6.50,6.50,5.60,3.20,6.50,2026-09-14T01:40:17.771Z
KJ29,SP19,6.30,6.30,5.40,3.00,6.30,2026-09-14T01:40:17.767Z
KJ29,SP2,5.00,5.00,4.30,2.40,5.00,2026-09-14T01:40:17.789Z
KJ29,SP20,6.10,6.10,5.30,3.00,6.10,2026-09-14T01:40:17.788Z
KJ29,SP21,6.40,6.40,5.50,3.10,6.40,2026-09-14T01:40:17.895Z
KJ29,SP22,6.10,6.10,5.20,2.90,6.10,2026-09-14T01:40:17.907Z
KJ29,SP24,5.50,5.50,4.70,2.60,5.50,2026-09-14T01:40:17.927Z
KJ29,SP25,5.50,5.50,4.70,2.60,5.50,2026-09-14T01:40:17.919Z
KJ29,SP26,5.20,5.20,4.50,2.50,5.20,2026-09-14T01:40:17.939Z
KJ29,SP27,5.00,5.00,4.30,2.40,5.00,2026-09-14T01:40:17.939Z
KJ29,SP28,4.60,4.60,4.00,2.20,4.60,2026-09-14T01:40:17.938Z
KJ29,SP29,4.20,4.20,3.70,2.00,4.20,2026-09-14T01:40:17.943Z
KJ29,SP3,4.80,4.80,4.10,2.30,4.80,2026-09-14T01:40:18.069Z
KJ29,SP31,3.40,3.40,3.00,1.60,3.40,2026-09-14T01:40:18.078Z
KJ29,SP4,4.50,4.50,3.90,2.20,4.50,2026-09-14T01:40:18.079Z
KJ29,SP5,4.30,4.30,3.70,2.10,4.30,2026-09-14T01:40:18.091Z
KJ29,SP6,4.10,4.10,3.60,2.00,4.10,2026-09-14T01:40:18.112Z
KJ29,SP7,3.90,3.90,3.40,1.90,3.90,2026-09-14T01:40:18.112Z
KJ29,SP8,3.90,3.90,3.40,1.90,3.90,2026-09-14T01:40:18.112Z
KJ29,SP9,4.10,4.10,3.60,2.00,4.10,2026-09-14T01:40:18.113Z
KJ3,KJ30,4.70,4.70,4.00,2.30,4.70,2026-09-14T01:40:18.234Z
KJ3,KJ31,4.90,4.90,4.20,2.40,4.90,2026-09-14T01:40:18.248Z
KJ3,KJ32,5.00,5.00,4.30,2.40,5.00,2026-09-14T01:40:18.251Z
KJ3,KJ33,5.20,5.20,4.40,2.50,5.20,2026-09-14T01:40:18.248Z
KJ3,KJ34,5.30,5.30,4.50,2.60,5.30,2026-09-14T01:40:18.284Z
KJ3,KJ35,5.50,5.50,4.70,2.70,5.50,2026-09-14T01:40:18.266Z
KJ3,KJ36,5.60,5.60,4.80,2.80,5.60,2026-09-14T01:40:18.269Z
KJ3,KJ37,5.80,5.80,5.00,2.90,5.80,2026-09-14T01:40:18.271Z
KJ3,KJ4,1.70,1.70,1.50,0.80,1.70,2026-09-14T01:40:18.393Z
KJ3,KJ5,2.00,2.00,1.80,1.00,2.00,2026-09-14T01:40:18.395Z
KJ3,KJ6,2.10,2.10,1.90,1.00,2.10,2026-09-14T01:40:18.406Z
KJ3,KJ7,2.20,2.20,2.00,1.10,2.20,2026-09-14T01:40:18.422Z
KJ3,KJ8,2.40,2.40,2.20,1.20,2.40,2026-09-14T01:40:18.460Z
KJ3,KJ9,2.70,2.70,2.40,1.40,2.70,2026-09-14T01:40:18.456Z
KJ3,MR1,5.80,5.80,5.00,2.90,5.80,2026-09-14T01:40:18.453Z
KJ3,MR10,5.00,5.00,4.30,2.40,5.00,2026-09-14T01:40:18.448Z
KJ3,MR11,4.30,4.30,3.70,2.10,4.30,2026-09-14T01:40:18.563Z
KJ3,MR2,5.50,5.50,4.70,2.70,5.50,2026-09-14T01:40:18.563Z
KJ3,MR3,4.50,4.50,3.90,2.20,4.50,2026-09-14T01:40:18.578Z
KJ3,MR4,3.90,3.90,3.40,1.90,3.90,2026-09-14T01:40:18.589Z
KJ3,MR5,4.20,4.20,3.60,2.00,4.20,2026-09-14T01:40:18.592Z
KJ3,MR6,4.50,4.50,3.90,2.20,4.50,2026-09-14T01:40:18.617Z
KJ3,MR7,4.90,4.90,4.20,2.40,4.90,2026-09-14T01:40:18.626Z
KJ3,MR8,5.40,5.40,4.70,2.70,5.40,2026-09-14T01:40:18.617Z
KJ3,MR9,5.60,5.60,4.80,2.80,5.60,2026-09-14T01:40:18.743Z
KJ3,PY01,6.80,6.80,5.80,3.30,6.80,2026-09-14T01:40:18.741Z
KJ3,PY03,7.20,7.20,6.20,3.60,7.20,2026-09-14T01:40:18.753Z
KJ3,PY04,7.30,7.30,6.20,3.60,7.30,2026-09-14T01:40:18.755Z
KJ3,PY05,7.10,7.10,6.00,3.50,7.10,2026-09-14T01:40:18.772Z
KJ3,PY06,7.20,7.20,6.10,3.60,7.20,2026-09-14T01:40:18.779Z
KJ3,PY07,6.90,6.90,5.90,3.40,6.90,2026-09-14T01:40:18.785Z
KJ3,PY08,6.60,6.60,5.60,3.30,6.60,2026-09-14T01:40:18.779Z
KJ3,PY09,6.70,6.70,5.70,3.30,6.70,2026-09-14T01:40:18.907Z
KJ3,PY10,6.40,6.40,5.50,3.20,6.40,2026-09-14T01:40:18.908Z
KJ3,PY11,6.20,6.20,5.30,3.00,6.20,2026-09-14T01:40:18.925Z
KJ3,PY12,5.90,5.90,5.00,2.90,5.90,2026-09-14T01:40:18.927Z
KJ3,PY13,5.60,5.60,4.80,2.70,5.60,2026-09-14T01:40:18.936Z
KJ3,PY14,5.40,5.40,4.60,2.60,5.40,2026-09-14T01:40:18.931Z
KJ3,PY15,5.10,5.10,4.40,2.50,5.10,2026-09-14T01:40:18.936Z
KJ3,PY16,4.70,4.70,4.10,2.30,4.70,2026-09-14T01:40:18.937Z
KJ3,PY17,4.30,4.30,3.70,2.10,4.30,2026-09-14T01:40:19.073Z
KJ3,PY18,4.50,4.50,3.90,2.20,4.50,2026-09-14T01:40:19.077Z
KJ3,PY19,4.90,4.90,4.20,2.40,4.90,2026-09-14T01:40:19.094Z
KJ3,PY20,5.20,5.20,4.50,2.60,5.20,2026-09-14T01:40:19.091Z
KJ3,PY21,5.20,5.20,4.40,2.50,5.20,2026-09-14T01:40:19.097Z
KJ3,PY22,5.00,5.00,4.20,2.40,5.00,2026-09-14T01:40:19.104Z
KJ3,PY23,4.50,4.50,3.90,2.20,4.50,2026-09-14T01:40:19.102Z
KJ3,PY24,4.50,4.50,3.90,2.20,4.50,2026-09-14T01:40:19.104Z
KJ3,PY27,5.90,5.90,5.10,2.90,5.90,2026-09-14T01:40:19.246Z
KJ3,PY28,6.30,6.30,5.40,3.10,6.30,2026-09-14T01:40:19.277Z
KJ3,PY29,5.90,5.90,5.10,3.00,5.90,2026-09-14T01:40:19.266Z
KJ3,PY31,6.70,6.70,5.70,3.40,6.70,2026-09-14T01:40:19.269Z
KJ3,PY32,7.00,7.00,6.00,3.50,7.00,2026-09-14T01:40:19.307Z
KJ3,PY33,7.20,7.20,6.20,3.60,7.20,2026-09-14T01:40:19.268Z
KJ3,PY34,7.30,7.30,6.20,3.60,7.30,2026-09-14T01:40:19.269Z
KJ3,PY36,7.20,7.20,6.10,3.60,7.20,2026-09-14T01:40:19.281Z
KJ3,PY37,7.40,7.40,6.30,3.70,7.40,2026-09-14T01:40:19.415Z
KJ3,PY38,7.50,7.50,6.30,3.70,7.50,2026-09-14T01:40:19.441Z
KJ3,PY39,7.30,7.30,6.20,3.60,7.30,2026-09-14T01:40:19.438Z
KJ3,PY40,7.50,7.50,6.40,3.70,7.50,2026-09-14T01:40:19.434Z
KJ3,PY41,7.60,7.60,6.50,3.70,7.60,2026-09-14T01:40:19.432Z
KJ3,SB1,9.30,9.30,7.90,4.60,9.30,2026-09-14T01:40:19.433Z
KJ3,SB2,8.70,8.70,7.30,4.30,8.70,2026-09-14T01:40:19.434Z
KJ3,SB3,8.00,8.00,6.80,4.00,8.00,2026-09-14T01:40:19.462Z
KJ3,SB4,7.30,7.30,6.20,3.60,7.30,2026-09-14T01:40:19.586Z
KJ3,SB5,6.60,6.60,5.60,3.30,6.60,2026-09-14T01:40:19.590Z
KJ3,SB6,5.70,5.70,4.90,2.80,5.70,2026-09-14T01:40:19.587Z
KJ3,SB7,4.90,4.90,4.20,2.40,4.90,2026-09-14T01:40:19.590Z
KJ3,SP1,4.60,4.60,4.00,2.30,4.60,2026-09-14T01:40:19.592Z
KJ3,SP10,4.20,4.20,3.60,2.10,4.20,2026-09-14T01:40:19.595Z
KJ3,SP11,4.50,4.50,3.90,2.20,4.50,2026-09-14T01:40:19.598Z
KJ3,SP12,4.80,4.80,4.20,2.40,4.80,2026-09-14T01:40:19.628Z
KJ3,SP13,5.20,5.20,4.50,2.60,5.20,2026-09-14T01:40:19.761Z
KJ3,SP14,5.70,5.70,4.90,2.80,5.70,2026-09-14T01:40:19.764Z
KJ3,SP15,5.60,5.60,4.90,2.80,5.60,2026-09-14T01:40:19.790Z
KJ3,SP16,5.90,5.90,5.10,3.00,5.90,2026-09-14T01:40:19.785Z
KJ3,SP17,6.40,6.40,5.50,3.20,6.40,2026-09-14T01:40:19.794Z
KJ3,SP18,6.00,6.00,5.20,3.00,6.00,2026-09-14T01:40:19.802Z
KJ3,SP19,6.40,6.40,5.50,3.20,6.40,2026-09-14T01:40:19.787Z
KJ3,SP2,4.50,4.50,3.90,2.20,4.50,2026-09-14T01:40:19.789Z
KJ3,SP20,6.50,6.50,5.60,3.30,6.50,2026-09-14T01:40:19.930Z
KJ3,SP21,6.80,6.80,5.80,3.40,6.80,2026-09-14T01:40:19.934Z
KJ3,SP22,6.30,6.30,5.40,3.20,6.30,2026-09-14T01:40:19.951Z
KJ3,SP24,6.70,6.70,5.80,3.40,6.70,2026-09-14T01:40:19.956Z
KJ3,SP25,6.10,6.10,5.20,3.00,6.10,2026-09-14T01:40:19.959Z
KJ3,SP26,6.20,6.20,5.30,3.10,6.20,2026-09-14T01:40:19.959Z
KJ3,SP27,6.30,6.30,5.40,3.10,6.30,2026-09-14T01:40:19.960Z
KJ3,SP28,6.40,6.40,5.50,3.20,6.40,2026-09-14T01:40:19.969Z
KJ3,SP29,6.60,6.60,5.70,3.30,6.60,2026-09-14T01:40:20.102Z
KJ3,SP3,4.30,4.30,3.70,2.10,4.30,2026-09-14T01:40:20.102Z
KJ3,SP31,5.80,5.80,5.00,2.90,5.80,2026-09-14T01:40:20.112Z
KJ3,SP4,4.00,4.00,3.50,2.00,4.00,2026-09-14T01:40:20.110Z
KJ3,SP5,3.80,3.80,3.30,1.90,3.80,2026-09-14T01:40:20.138Z
KJ3,SP6,3.60,3.60,3.20,1.80,3.60,2026-09-14T01:40:20.129Z
KJ3,SP7,3.40,3.40,3.00,1.70,3.40,2026-09-14T01:40:20.127Z
KJ3,SP8,3.70,3.70,3.20,1.80,3.70,2026-09-14T01:40:20.135Z
KJ3,SP9,3.90,3.90,3.40,1.90,3.90,2026-09-14T01:40:20.280Z
KJ30,KJ31,1.40,1.40,1.30,0.70,1.40,2026-09-14T01:40:20.277Z
KJ30,KJ32,1.70,1.70,1.50,0.80,1.70,2026-09-14T01:40:20.302Z
KJ30,KJ33,2.00,2.00,1.80,1.00,2.00,2026-09-14T01:40:20.298Z
KJ30,KJ34,2.20,2.20,2.00,1.10,2.20,2026-09-14T01:40:20.301Z
KJ30,KJ35,2.70,2.70,2.40,1.40,2.70,2026-09-14T01:40:20.300Z
KJ30,KJ36,3.10,3.10,2.70,1.60,3.10,2026-09-14T01:40:20.302Z
KJ30,KJ37,3.20,3.20,2.80,1.50,3.20,2026-09-14T01:40:20.303Z
KJ30,KJ4,4.40,4.40,3.80,2.10,4.40,2026-09-14T01:40:20.441Z
KJ30,KJ5,4.10,4.10,3.50,2.00,4.10,2026-09-14T01:40:20.444Z
KJ30,KJ6,4.00,4.00,3.50,1.90,4.00,2026-09-14T01:40:20.474Z
KJ30,KJ7,3.90,3.90,3.40,1.90,3.90,2026-09-14T01:40:20.471Z
KJ30,KJ8,3.80,3.80,3.30,1.90,3.80,2026-09-14T01:40:20.485Z
KJ30,KJ9,3.70,3.70,3.20,1.80,3.70,2026-09-14T01:40:20.476Z
KJ30,MR1,6.20,6.20,5.40,3.10,6.20,2026-09-14T01:40:20.478Z
KJ30,MR10,5.60,5.60,4.80,2.70,5.60,2026-09-14T01:40:20.472Z
KJ30,MR11,4.90,4.90,4.20,2.40,4.90,2026-09-14T01:40:20.616Z
KJ30,MR2,5.90,5.90,5.10,2.90,5.90,2026-09-14T01:40:20.614Z
KJ30,MR3,4.90,4.90,4.30,2.40,4.90,2026-09-14T01:40:20.647Z
KJ30,MR4,4.30,4.30,3.80,2.10,4.30,2026-09-14T01:40:20.644Z
KJ30,MR5,4.60,4.60,4.00,2.20,4.60,2026-09-14T01:40:20.643Z
KJ30,MR6,4.90,4.90,4.30,2.40,4.90,2026-09-14T01:40:20.643Z
KJ30,MR7,5.30,5.30,4.60,2.60,5.30,2026-09-14T01:40:20.644Z
KJ30,MR8,5.80,5.80,5.10,2.90,5.80,2026-09-14T01:40:20.675Z
KJ30,MR9,6.20,6.20,5.30,3.10,6.20,2026-09-14T01:40:20.808Z
KJ30,PY01,7.00,7.00,6.00,3.40,7.00,2026-09-14T01:40:20.783Z
KJ30,PY03,7.80,7.80,6.70,3.80,7.80,2026-09-14T01:40:20.817Z
KJ30,PY04,7.90,7.90,6.70,3.90,7.90,2026-09-14T01:40:20.841Z
KJ30,PY05,7.70,7.70,6.50,3.80,7.70,2026-09-14T01:40:20.812Z
KJ30,PY06,7.80,7.80,6.60,3.90,7.80,2026-09-14T01:40:20.841Z
KJ30,PY07,7.50,7.50,6.40,3.70,7.50,2026-09-14T01:40:20.851Z
KJ30,PY08,7.20,7.20,6.10,3.60,7.20,2026-09-14T01:40:20.872Z
KJ30,PY09,7.30,7.30,6.20,3.60,7.30,2026-09-14T01:40:20.948Z
KJ30,PY10,7.00,7.00,6.00,3.50,7.00,2026-09-14T01:40:21.016Z
KJ30,PY11,6.80,6.80,5.80,3.30,6.80,2026-09-14T01:40:20.982Z
KJ30,PY12,6.50,6.50,5.50,3.20,6.50,2026-09-14T01:40:21.014Z
KJ30,PY13,6.20,6.20,5.30,3.00,6.20,2026-09-14T01:40:21.021Z
KJ30,PY14,6.00,6.00,5.10,2.90,6.00,2026-09-14T01:40:21.028Z
KJ30,PY15,5.70,5.70,4.90,2.80,5.70,2026-09-14T01:40:21.015Z
KJ30,PY16,5.30,5.30,4.60,2.60,5.30,2026-09-14T01:40:21.031Z
KJ30,PY17,4.90,4.90,4.20,2.40,4.90,2026-09-14T01:40:21.114Z
KJ30,PY18,5.10,5.10,4.40,2.50,5.10,2026-09-14T01:40:21.151Z
KJ30,PY19,5.50,5.50,4.70,2.70,5.50,2026-09-14T01:40:21.170Z
KJ30,PY20,5.50,5.50,4.70,2.70,5.50,2026-09-14T01:40:21.171Z
KJ30,PY21,5.40,5.40,4.60,2.60,5.40,2026-09-14T01:40:21.173Z
KJ30,PY22,5.20,5.20,4.40,2.50,5.20,2026-09-14T01:40:21.184Z
KJ30,PY23,4.90,4.90,4.20,2.40,4.90,2026-09-14T01:40:21.197Z
KJ30,PY24,4.90,4.90,4.20,2.40,4.90,2026-09-14T01:40:21.197Z
KJ30,PY27,6.50,6.50,5.60,3.20,6.50,2026-09-14T01:40:21.292Z
KJ30,PY28,6.80,6.80,5.80,3.30,6.80,2026-09-14T01:40:21.342Z
KJ30,PY29,6.20,6.20,5.30,3.00,6.20,2026-09-14T01:40:21.336Z
KJ30,PY31,7.00,7.00,5.90,3.40,7.00,2026-09-14T01:40:21.340Z
KJ30,PY32,7.30,7.30,6.20,3.50,7.30,2026-09-14T01:40:21.341Z
KJ30,PY33,7.50,7.50,6.40,3.60,7.50,2026-09-14T01:40:21.338Z
KJ30,PY34,7.90,7.90,6.70,3.90,7.90,2026-09-14T01:40:21.355Z
KJ30,PY36,7.80,7.80,6.60,3.90,7.80,2026-09-14T01:40:21.352Z
KJ30,PY37,8.00,8.00,6.80,4.00,8.00,2026-09-14T01:40:21.468Z
KJ30,PY38,7.70,7.70,6.50,3.80,7.70,2026-09-14T01:40:21.498Z
KJ30,PY39,7.90,7.90,6.70,3.90,7.90,2026-09-14T01:40:21.497Z
KJ30,PY40,8.00,8.00,6.80,4.00,8.00,2026-09-14T01:40:21.511Z
KJ30,PY41,8.20,8.20,6.90,4.00,8.20,2026-09-14T01:40:21.520Z
KJ30,SB1,5.90,5.90,5.10,2.90,5.90,2026-09-14T01:40:21.512Z
KJ30,SB2,5.30,5.30,4.50,2.60,5.30,2026-09-14T01:40:21.516Z
KJ30,SB3,4.60,4.60,4.00,2.30,4.60,2026-09-14T01:40:21.527Z
KJ30,SB4,3.90,3.90,3.40,1.90,3.90,2026-09-14T01:40:21.640Z
KJ30,SB5,3.20,3.20,2.80,1.60,3.20,2026-09-14T01:40:21.650Z
KJ30,SB6,2.30,2.30,2.10,1.10,2.30,2026-09-14T01:40:21.667Z
KJ30,SB7,1.40,1.40,1.30,0.70,1.40,2026-09-14T01:40:21.688Z
KJ30,SP1,5.20,5.20,4.50,2.60,5.20,2026-09-14T01:40:21.685Z
KJ30,SP10,4.60,4.60,4.00,2.20,4.60,2026-09-14T01:40:21.688Z
KJ30,SP11,4.90,4.90,4.20,2.40,4.90,2026-09-14T01:40:21.682Z
KJ30,SP12,5.30,5.30,4.60,2.60,5.30,2026-09-14T01:40:21.683Z
KJ30,SP13,5.70,5.70,4.90,2.80,5.70,2026-09-14T01:40:21.814Z
KJ30,SP14,5.80,5.80,5.00,2.80,5.80,2026-09-14T01:40:21.808Z
KJ30,SP15,6.10,6.10,5.30,3.00,6.10,2026-09-14T01:40:21.841Z
KJ30,SP16,6.20,6.20,5.30,3.00,6.20,2026-09-14T01:40:21.843Z
KJ30,SP17,6.60,6.60,5.60,3.20,6.60,2026-09-14T01:40:21.846Z
KJ30,SP18,6.40,6.40,5.50,3.10,6.40,2026-09-14T01:40:21.844Z
KJ30,SP19,6.10,6.10,5.20,2.90,6.10,2026-09-14T01:40:21.846Z
KJ30,SP2,5.10,5.10,4.40,2.50,5.10,2026-09-14T01:40:21.848Z
KJ30,SP20,5.90,5.90,5.10,2.90,5.90,2026-09-14T01:40:21.996Z
KJ30,SP21,6.20,6.20,5.30,3.00,6.20,2026-09-14T01:40:21.994Z
KJ30,SP22,5.90,5.90,5.00,2.80,5.90,2026-09-14T01:40:22.017Z
KJ30,SP24,5.30,5.30,4.50,2.50,5.30,2026-09-14T01:40:22.018Z
KJ30,SP25,5.30,5.30,4.50,2.50,5.30,2026-09-14T01:40:22.017Z
KJ30,SP26,5.00,5.00,4.30,2.40,5.00,2026-09-14T01:40:22.018Z
KJ30,SP27,4.80,4.80,4.10,2.30,4.80,2026-09-14T01:40:22.015Z
KJ30,SP28,4.40,4.40,3.80,2.10,4.40,2026-09-14T01:40:22.022Z
KJ30,SP29,4.00,4.00,3.50,1.90,4.00,2026-09-14T01:40:22.155Z
KJ30,SP3,4.90,4.90,4.20,2.40,4.90,2026-09-14T01:40:22.169Z
KJ30,SP31,3.20,3.20,2.80,1.50,3.20,2026-09-14T01:40:22.191Z
KJ30,SP4,4.60,4.60,4.00,2.30,4.60,2026-09-14T01:40:22.179Z
KJ30,SP5,4.40,4.40,3.80,2.20,4.40,2026-09-14T01:40:22.222Z
KJ30,SP6,4.20,4.20,3.70,2.10,4.20,2026-09-14T01:40:22.217Z
KJ30,SP7,4.00,4.00,3.50,2.00,4.00,2026-09-14T01:40:22.188Z
KJ30,SP8,4.10,4.10,3.60,2.00,4.10,2026-09-14T01:40:22.186Z
KJ30,SP9,4.30,4.30,3.80,2.10,4.30,2026-09-14T01:40:22.322Z
KJ31,KJ32,1.10,1.10,1.00,0.50,1.10,2026-09-14T01:40:22.338Z
KJ31,KJ33,1.50,1.50,1.40,0.80,1.50,2026-09-14T01:40:22.338Z
KJ31,KJ34,1.80,1.80,1.70,0.90,1.80,2026-09-14T01:40:22.361Z
KJ31,KJ35,2.20,2.20,2.00,1.10,2.20,2026-09-14T01:40:22.358Z
KJ31,KJ36,2.60,2.60,2.30,1.30,2.60,2026-09-14T01:40:22.357Z
KJ31,KJ37,3.00,3.00,2.70,1.50,3.00,2026-09-14T01:40:22.371Z
KJ31,KJ4,4.60,4.60,4.00,2.20,4.60,2026-09-14T01:40:22.365Z
KJ31,KJ5,4.30,4.30,3.70,2.10,4.30,2026-09-14T01:40:22.479Z
KJ31,KJ6,4.20,4.20,3.70,2.10,4.20,2026-09-14T01:40:22.498Z
KJ31,KJ7,4.10,4.10,3.60,2.00,4.10,2026-09-14T01:40:22.494Z
KJ31,KJ8,4.00,4.00,3.50,2.00,4.00,2026-09-14T01:40:22.524Z
KJ31,KJ9,3.90,3.90,3.40,1.90,3.90,2026-09-14T01:40:22.525Z
KJ31,MR1,6.50,6.50,5.60,3.20,6.50,2026-09-14T01:40:22.534Z
KJ31,MR10,5.90,5.90,5.00,2.80,5.90,2026-09-14T01:40:22.523Z
KJ31,MR11,5.20,5.20,4.40,2.50,5.20,2026-09-14T01:40:22.526Z
KJ31,MR2,6.20,6.20,5.30,3.00,6.20,2026-09-14T01:40:22.658Z
KJ31,MR3,5.20,5.20,4.50,2.50,5.20,2026-09-14T01:40:22.660Z
KJ31,MR4,4.60,4.60,4.00,2.20,4.60,2026-09-14T01:40:22.664Z
KJ31,MR5,4.90,4.90,4.20,2.30,4.90,2026-09-14T01:40:22.682Z
KJ31,MR6,5.20,5.20,4.50,2.50,5.20,2026-09-14T01:40:22.684Z
KJ31,MR7,5.60,5.60,4.80,2.70,5.60,2026-09-14T01:40:22.683Z
KJ31,MR8,6.10,6.10,5.30,3.00,6.10,2026-09-14T01:40:22.696Z
KJ31,MR9,6.50,6.50,5.50,3.20,6.50,2026-09-14T01:40:22.698Z
KJ31,PY01,7.30,7.30,6.20,3.50,7.30,2026-09-14T01:40:22.831Z
KJ31,PY03,8.10,8.10,6.90,3.90,8.10,2026-09-14T01:40:22.836Z
KJ31,PY04,8.20,8.20,6.90,4.00,8.20,2026-09-14T01:40:22.839Z
KJ31,PY05,8.00,8.00,6.70,3.90,8.00,2026-09-14T01:40:22.859Z
KJ31,PY06,8.10,8.10,6.80,4.00,8.10,2026-09-14T01:40:22.857Z
KJ31,PY07,7.80,7.80,6.60,3.80,7.80,2026-09-14T01:40:22.859Z
KJ31,PY08,7.50,7.50,6.30,3.70,7.50,2026-09-14T01:40:22.875Z
KJ31,PY09,7.60,7.60,6.40,3.70,7.60,2026-09-14T01:40:22.880Z
KJ31,PY10,7.30,7.30,6.20,3.60,7.30,2026-09-14T01:40:22.992Z
KJ31,PY11,7.10,7.10,6.00,3.40,7.10,2026-09-14T01:40:23.008Z
KJ31,PY12,6.80,6.80,5.70,3.30,6.80,2026-09-14T01:40:23.012Z
KJ31,PY13,6.50,6.50,5.50,3.10,6.50,2026-09-14T01:40:23.029Z
KJ31,PY14,6.30,6.30,5.30,3.00,6.30,2026-09-14T01:40:23.030Z
KJ31,PY15,6.00,6.00,5.10,2.90,6.00,2026-09-14T01:40:23.030Z
KJ31,PY16,5.60,5.60,4.80,2.70,5.60,2026-09-14T01:40:23.034Z
KJ31,PY17,5.20,5.20,4.40,2.50,5.20,2026-09-14T01:40:23.037Z
KJ31,PY18,5.40,5.40,4.60,2.60,5.40,2026-09-14T01:40:23.166Z
KJ31,PY19,5.80,5.80,4.90,2.80,5.80,2026-09-14T01:40:23.202Z
KJ31,PY20,5.80,5.80,4.90,2.80,5.80,2026-09-14T01:40:23.184Z
KJ31,PY21,5.70,5.70,4.80,2.70,5.70,2026-09-14T01:40:23.199Z
KJ31,PY22,5.50,5.50,4.60,2.60,5.50,2026-09-14T01:40:23.200Z
KJ31,PY23,5.20,5.20,4.40,2.50,5.20,2026-09-14T01:40:23.209Z
KJ31,PY24,5.20,5.20,4.40,2.50,5.20,2026-09-14T01:40:23.201Z
KJ31,PY27,6.80,6.80,5.80,3.30,6.80,2026-09-14T01:40:23.213Z
KJ31,PY28,6.70,6.70,5.80,3.30,6.70,2026-09-14T01:40:23.333Z
KJ31,PY29,6.10,6.10,5.30,3.00,6.10,2026-09-14T01:40:23.348Z
KJ31,PY31,6.90,6.90,5.90,3.40,6.90,2026-09-14T01:40:23.373Z
KJ31,PY32,7.20,7.20,6.20,3.50,7.20,2026-09-14T01:40:23.373Z
KJ31,PY33,7.40,7.40,6.40,3.60,7.40,2026-09-14T01:40:23.373Z
KJ31,PY34,7.90,7.90,6.80,3.90,7.90,2026-09-14T01:40:23.365Z
KJ31,PY36,8.10,8.10,6.80,4.00,8.10,2026-09-14T01:40:23.377Z
KJ31,PY37,8.30,8.30,7.00,4.10,8.30,2026-09-14T01:40:23.376Z
KJ31,PY38,8.00,8.00,6.70,3.90,8.00,2026-09-14T01:40:23.503Z
KJ31,PY39,8.20,8.20,6.90,4.00,8.20,2026-09-14T01:40:23.507Z
KJ31,PY40,8.30,8.30,7.00,4.10,8.30,2026-09-14T01:40:23.541Z
KJ31,PY41,8.50,8.50,7.10,4.10,8.50,2026-09-14T01:40:23.537Z
KJ31,SB1,5.30,5.30,4.60,2.60,5.30,2026-09-14T01:40:23.541Z
KJ31,SB2,4.70,4.70,4.00,2.30,4.70,2026-09-14T01:40:23.539Z
KJ31,SB3,4.00,4.00,3.50,2.00,4.00,2026-09-14T01:40:23.546Z
KJ31,SB4,3.30,3.30,2.90,1.60,3.30,2026-09-14T01:40:23.549Z
KJ31,SB5,2.60,2.60,2.30,1.30,2.60,2026-09-14T01:40:23.655Z
KJ31,SB6,1.70,1.70,1.60,0.80,1.70,2026-09-14T01:40:23.675Z
KJ31,SB7,0.80,0.80,0.80,0.40,0.80,2026-09-14T01:40:23.697Z
KJ31,SP1,5.50,5.50,4.70,2.70,5.50,2026-09-14T01:40:23.702Z
KJ31,SP10,4.90,4.90,4.20,2.30,4.90,2026-09-14T01:40:23.703Z
KJ31,SP11,5.20,5.20,4.40,2.50,5.20,2026-09-14T01:40:23.706Z
KJ31,SP12,5.60,5.60,4.80,2.70,5.60,2026-09-14T01:40:23.700Z
KJ31,SP13,5.90,5.90,5.10,2.90,5.90,2026-09-14T01:40:23.710Z
KJ31,SP14,5.70,5.70,5.00,2.80,5.70,2026-09-14T01:40:23.819Z
KJ31,SP15,6.30,6.30,5.50,3.10,6.30,2026-09-14T01:40:23.861Z
KJ31,SP16,6.10,6.10,5.30,3.00,6.10,2026-09-14T01:40:23.867Z
KJ31,SP17,6.50,6.50,5.60,3.20,6.50,2026-09-14T01:40:23.872Z
KJ31,SP18,6.30,6.30,5.50,3.10,6.30,2026-09-14T01:40:23.886Z
KJ31,SP19,6.00,6.00,5.20,2.90,6.00,2026-09-14T01:40:23.871Z
KJ31,SP2,5.40,5.40,4.60,2.60,5.40,2026-09-14T01:40:23.868Z
KJ31,SP20,5.80,5.80,5.10,2.90,5.80,2026-09-14T01:40:23.872Z
KJ31,SP21,6.10,6.10,5.30,3.00,6.10,2026-09-14T01:40:24.004Z
KJ31,SP22,5.80,5.80,5.00,2.80,5.80,2026-09-14T01:40:24.044Z
KJ31,SP24,5.20,5.20,4.50,2.50,5.20,2026-09-14T01:40:24.044Z
KJ31,SP25,5.20,5.20,4.50,2.50,5.20,2026-09-14T01:40:24.042Z
KJ31,SP26,4.90,4.90,4.30,2.40,4.90,2026-09-14T01:40:24.038Z
KJ31,SP27,4.70,4.70,4.10,2.30,4.70,2026-09-14T01:40:24.048Z
KJ31,SP28,4.30,4.30,3.80,2.10,4.30,2026-09-14T01:40:24.046Z
KJ31,SP29,3.90,3.90,3.50,1.90,3.90,2026-09-14T01:40:24.046Z
KJ31,SP3,5.20,5.20,4.40,2.50,5.20,2026-09-14T01:40:24.183Z
KJ31,SP31,3.00,3.00,2.70,1.50,3.00,2026-09-14T01:40:24.210Z
KJ31,SP4,4.90,4.90,4.20,2.40,4.90,2026-09-14T01:40:24.213Z
KJ31,SP5,4.70,4.70,4.00,2.30,4.70,2026-09-14T01:40:24.212Z
KJ31,SP6,4.50,4.50,3.90,2.20,4.50,2026-09-14T01:40:24.205Z
KJ31,SP7,4.30,4.30,3.70,2.10,4.30,2026-09-14T01:40:24.212Z
KJ31,SP8,4.40,4.40,3.80,2.10,4.40,2026-09-14T01:40:24.212Z
KJ31,SP9,4.60,4.60,4.00,2.20,4.60,2026-09-14T01:40:24.223Z
KJ32,KJ33,1.30,1.30,1.20,0.60,1.30,2026-09-14T01:40:24.349Z
KJ32,KJ34,1.60,1.60,1.40,0.80,1.60,2026-09-14T01:40:24.380Z
KJ32,KJ35,2.00,2.00,1.80,1.00,2.00,2026-09-14T01:40:24.384Z
KJ32,KJ36,2.40,2.40,2.10,1.20,2.40,2026-09-14T01:40:24.384Z
KJ32,KJ37,2.80,2.80,2.50,1.40,2.80,2026-09-14T01:40:24.385Z
KJ32,KJ4,4.70,4.70,4.10,2.30,4.70,2026-09-14T01:40:24.385Z
KJ32,KJ5,4.40,4.40,3.80,2.10,4.40,2026-09-14T01:40:24.384Z
KJ32,KJ6,4.30,4.30,3.70,2.10,4.30,2026-09-14T01:40:24.394Z
KJ32,KJ7,4.20,4.20,3.70,2.10,4.20,2026-09-14T01:40:24.523Z
KJ32,KJ8,4.10,4.10,3.60,2.00,4.10,2026-09-14T01:40:24.553Z
KJ32,KJ9,4.00,4.00,3.50,2.00,4.00,2026-09-14T01:40:24.551Z
KJ32,MR1,6.00,6.00,5.10,2.90,6.00,2026-09-14T01:40:24.553Z
KJ32,MR10,5.20,5.20,4.40,2.40,5.20,2026-09-14T01:40:24.546Z
KJ32,MR11,4.50,4.50,3.80,2.10,4.50,2026-09-14T01:40:24.577Z
KJ32,MR2,5.70,5.70,4.80,2.70,5.70,2026-09-14T01:40:24.554Z
KJ32,MR3,4.70,4.70,4.00,2.20,4.70,2026-09-14T01:40:24.561Z
KJ32,MR4,4.10,4.10,3.50,1.90,4.10,2026-09-14T01:40:24.685Z
KJ32,MR5,4.40,4.40,3.70,2.00,4.40,2026-09-14T01:40:24.712Z
KJ32,MR6,4.70,4.70,4.00,2.20,4.70,2026-09-14T01:40:24.726Z
KJ32,MR7,5.10,5.10,4.30,2.40,5.10,2026-09-14T01:40:24.726Z
KJ32,MR8,5.60,5.60,4.80,2.70,5.60,2026-09-14T01:40:24.725Z
KJ32,MR9,5.80,5.80,4.90,2.80,5.80,2026-09-14T01:40:24.715Z
KJ32,PY01,7.10,7.10,5.90,3.40,7.10,2026-09-14T01:40:24.726Z
KJ32,PY03,7.40,7.40,6.30,3.60,7.40,2026-09-14T01:40:24.733Z
KJ32,PY04,7.50,7.50,6.30,3.60,7.50,2026-09-14T01:40:24.859Z
KJ32,PY05,7.30,7.30,6.10,3.50,7.30,2026-09-14T01:40:24.869Z
KJ32,PY06,7.40,7.40,6.20,3.60,7.40,2026-09-14T01:40:24.887Z
KJ32,PY07,7.10,7.10,6.00,3.40,7.10,2026-09-14T01:40:24.887Z
KJ32,PY08,6.80,6.80,5.70,3.30,6.80,2026-09-14T01:40:24.890Z
KJ32,PY09,6.90,6.90,5.80,3.30,6.90,2026-09-14T01:40:24.888Z
KJ32,PY10,6.60,6.60,5.60,3.20,6.60,2026-09-14T01:40:24.890Z
KJ32,PY11,6.40,6.40,5.40,3.00,6.40,2026-09-14T01:40:24.895Z
KJ32,PY12,6.10,6.10,5.10,2.90,6.10,2026-09-14T01:40:25.024Z
KJ32,PY13,5.80,5.80,4.90,2.70,5.80,2026-09-14T01:40:25.050Z
KJ32,PY14,5.60,5.60,4.70,2.60,5.60,2026-09-14T01:40:25.046Z
KJ32,PY15,5.30,5.30,4.50,2.50,5.30,2026-09-14T01:40:25.053Z
KJ32,PY16,4.90,4.90,4.20,2.30,4.90,2026-09-14T01:40:25.054Z
KJ32,PY17,4.50,4.50,3.80,2.10,4.50,2026-09-14T01:40:25.048Z
KJ32,PY18,4.70,4.70,4.00,2.20,4.70,2026-09-14T01:40:25.051Z
KJ32,PY19,5.10,5.10,4.30,2.40,5.10,2026-09-14T01:40:25.058Z
KJ32,PY20,5.40,5.40,4.60,2.60,5.40,2026-09-14T01:40:25.202Z
KJ32,PY21,5.60,5.60,4.70,2.70,5.60,2026-09-14T01:40:25.212Z
KJ32,PY22,5.50,5.50,4.70,2.60,5.50,2026-09-14T01:40:25.211Z
KJ32,PY23,4.70,4.70,4.00,2.20,4.70,2026-09-14T01:40:25.210Z
KJ32,PY24,4.70,4.70,4.00,2.20,4.70,2026-09-14T01:40:25.214Z
KJ32,PY27,6.10,6.10,5.20,2.90,6.10,2026-09-14T01:40:25.227Z
KJ32,PY28,6.50,6.50,5.50,3.10,6.50,2026-09-14T01:40:25.228Z
KJ32,PY29,5.90,5.90,5.10,2.90,5.90,2026-09-14T01:40:25.228Z
KJ32,PY31,6.70,6.70,5.70,3.30,6.70,2026-09-14T01:40:25.369Z
KJ32,PY32,7.00,7.00,6.00,3.40,7.00,2026-09-14T01:40:25.396Z
KJ32,PY33,7.20,7.20,6.20,3.50,7.20,2026-09-14T01:40:25.398Z
KJ32,PY34,7.50,7.50,6.30,3.60,7.50,2026-09-14T01:40:25.396Z
KJ32,PY36,7.40,7.40,6.20,3.60,7.40,2026-09-14T01:40:25.408Z
KJ32,PY37,7.60,7.60,6.40,3.70,7.60,2026-09-14T01:40:25.408Z
KJ32,PY38,7.90,7.90,6.60,3.80,7.90,2026-09-14T01:40:25.412Z
KJ32,PY39,7.50,7.50,6.30,3.60,7.50,2026-09-14T01:40:25.406Z
KJ32,PY40,7.70,7.70,6.50,3.70,7.70,2026-09-14T01:40:25.547Z
KJ32,PY41,7.80,7.80,6.60,3.70,7.80,2026-09-14T01:40:25.576Z
KJ32,SB1,5.60,5.60,4.80,2.70,5.60,2026-09-14T01:40:25.568Z
KJ32,SB2,5.00,5.00,4.20,2.40,5.00,2026-09-14T01:40:25.574Z
KJ32,SB3,4.30,4.30,3.70,2.10,4.30,2026-09-14T01:40:25.569Z
KJ32,SB4,3.60,3.60,3.10,1.70,3.60,2026-09-14T01:40:25.571Z
KJ32,SB5,2.90,2.90,2.50,1.40,2.90,2026-09-14T01:40:25.582Z
KJ32,SB6,2.00,2.00,1.80,0.90,2.00,2026-09-14T01:40:25.582Z
KJ32,SB7,1.10,1.10,1.00,0.50,1.10,2026-09-14T01:40:25.808Z
KJ32,SP1,4.80,4.80,4.10,2.30,4.80,2026-09-14T01:40:25.811Z
KJ32,SP10,4.40,4.40,3.70,2.10,4.40,2026-09-14T01:40:25.809Z
KJ32,SP11,4.70,4.70,4.00,2.20,4.70,2026-09-14T01:40:25.810Z
KJ32,SP12,5.00,5.00,4.30,2.40,5.00,2026-09-14T01:40:25.811Z
KJ32,SP13,5.40,5.40,4.60,2.60,5.40,2026-09-14T01:40:25.810Z
KJ32,SP14,5.50,5.50,4.80,2.70,5.50,2026-09-14T01:40:25.810Z
KJ32,SP15,5.80,5.80,5.00,2.80,5.80,2026-09-14T01:40:25.811Z
KJ32,SP16,5.90,5.90,5.10,2.90,5.90,2026-09-14T01:40:25.979Z
KJ32,SP17,6.30,6.30,5.40,3.10,6.30,2026-09-14T01:40:25.990Z
KJ32,SP18,6.10,6.10,5.30,3.00,6.10,2026-09-14T01:40:28.572Z
KJ32,SP19,5.80,5.80,5.00,2.80,5.80,2026-09-14T01:40:25.982Z
KJ32,SP2,4.70,4.70,4.00,2.20,4.70,2026-09-14T01:40:28.577Z
KJ32,SP20,5.60,5.60,4.90,2.80,5.60,2026-09-14T01:40:25.979Z
KJ32,SP21,5.90,5.90,5.10,2.90,5.90,2026-09-14T01:40:28.571Z
KJ32,SP22,5.60,5.60,4.80,2.70,5.60,2026-09-14T01:40:28.568Z
KJ32,SP24,5.00,5.00,4.30,2.40,5.00,2026-09-14T01:40:26.150Z
KJ32,SP25,5.00,5.00,4.30,2.40,5.00,2026-09-14T01:40:28.582Z
KJ32,SP26,4.70,4.70,4.10,2.30,4.70,2026-09-14T01:40:26.150Z
KJ32,SP27,4.50,4.50,3.90,2.20,4.50,2026-09-14T01:40:26.169Z
KJ32,SP28,4.10,4.10,3.60,2.00,4.10,2026-09-14T01:40:28.581Z
KJ32,SP29,3.70,3.70,3.30,1.80,3.70,2026-09-14T01:40:26.317Z
KJ32,SP3,4.50,4.50,3.80,2.10,4.50,2026-09-14T01:40:28.582Z
KJ32,SP31,2.80,2.80,2.50,1.40,2.80,2026-09-14T01:40:28.581Z
KJ32,SP4,4.20,4.20,3.60,2.00,4.20,2026-09-14T01:40:28.757Z
KJ32,SP5,4.00,4.00,3.40,1.90,4.00,2026-09-14T01:40:28.781Z
KJ32,SP6,3.80,3.80,3.30,1.80,3.80,2026-09-14T01:40:28.754Z
KJ32,SP7,3.60,3.60,3.10,1.70,3.60,2026-09-14T01:40:28.758Z
KJ32,SP8,3.90,3.90,3.30,1.80,3.90,2026-09-14T01:40:28.758Z
KJ32,SP9,4.10,4.10,3.50,1.90,4.10,2026-09-14T01:40:28.757Z
KJ33,KJ34,1.10,1.10,1.10,0.60,1.10,2026-09-14T01:40:28.776Z
KJ33,KJ35,1.70,1.70,1.50,0.80,1.70,2026-09-14T01:40:28.774Z
KJ33,KJ36,2.00,2.00,1.80,1.00,2.00,2026-09-14T01:40:28.941Z
KJ33,KJ37,2.40,2.40,2.20,1.20,2.40,2026-09-14T01:40:28.937Z
KJ33,KJ4,4.80,4.80,4.20,2.40,4.80,2026-09-14T01:40:28.918Z
KJ33,KJ5,4.60,4.60,3.90,2.20,4.60,2026-09-14T01:40:28.911Z
KJ33,KJ6,4.40,4.40,3.90,2.20,4.40,2026-09-14T01:40:28.950Z
KJ33,KJ7,4.40,4.40,3.80,2.10,4.40,2026-09-14T01:40:29.213Z
KJ33,KJ8,4.30,4.30,3.70,2.10,4.30,2026-09-14T01:40:28.943Z
KJ33,KJ9,4.20,4.20,3.60,2.00,4.20,2026-09-14T01:40:28.944Z
KJ33,MR1,5.90,5.90,5.10,2.90,5.90,2026-09-14T01:40:29.082Z
KJ33,MR10,5.30,5.30,4.50,2.50,5.30,2026-09-14T01:40:29.094Z
KJ33,MR11,4.60,4.60,3.90,2.20,4.60,2026-09-14T01:40:29.097Z
KJ33,MR2,5.60,5.60,4.80,2.70,5.60,2026-09-14T01:40:29.096Z
KJ33,MR3,4.60,4.60,4.00,2.20,4.60,2026-09-14T01:40:29.111Z
KJ33,MR4,4.00,4.00,3.50,1.90,4.00,2026-09-14T01:40:29.097Z
KJ33,MR5,4.30,4.30,3.70,2.00,4.30,2026-09-14T01:40:29.120Z
KJ33,MR6,4.60,4.60,4.00,2.20,4.60,2026-09-14T01:40:29.252Z
KJ33,MR7,5.00,5.00,4.30,2.40,5.00,2026-09-14T01:40:29.255Z
KJ33,MR8,5.50,5.50,4.80,2.70,5.50,2026-09-14T01:40:29.261Z
KJ33,MR9,5.90,5.90,5.00,2.90,5.90,2026-09-14T01:40:29.260Z
KJ33,PY01,6.70,6.70,5.70,3.20,6.70,2026-09-14T01:40:29.265Z
KJ33,PY03,7.50,7.50,6.40,3.60,7.50,2026-09-14T01:40:29.264Z
KJ33,PY04,7.60,7.60,6.40,3.70,7.60,2026-09-14T01:40:29.280Z
KJ33,PY05,7.40,7.40,6.20,3.60,7.40,2026-09-14T01:40:29.374Z
KJ33,PY06,7.50,7.50,6.30,3.70,7.50,2026-09-14T01:40:29.423Z
KJ33,PY07,7.20,7.20,6.10,3.50,7.20,2026-09-14T01:40:29.429Z
KJ33,PY08,6.90,6.90,5.80,3.40,6.90,2026-09-14T01:40:29.418Z
KJ33,PY09,7.00,7.00,5.90,3.40,7.00,2026-09-14T01:40:29.429Z
KJ33,PY10,6.70,6.70,5.70,3.30,6.70,2026-09-14T01:40:29.422Z
KJ33,PY11,6.50,6.50,5.50,3.10,6.50,2026-09-14T01:40:29.428Z
KJ33,PY12,6.20,6.20,5.20,3.00,6.20,2026-09-14T01:40:29.454Z
KJ33,PY13,5.90,5.90,5.00,2.80,5.90,2026-09-14T01:40:29.550Z
KJ33,PY14,5.70,5.70,4.80,2.70,5.70,2026-09-14T01:40:29.599Z
KJ33,PY15,5.40,5.40,4.60,2.60,5.40,2026-09-14T01:40:29.597Z
KJ33,PY16,5.00,5.00,4.30,2.40,5.00,2026-09-14T01:40:29.598Z
KJ33,PY17,4.60,4.60,3.90,2.20,4.60,2026-09-14T01:40:29.621Z
KJ33,PY18,4.80,4.80,4.10,2.30,4.80,2026-09-14T01:40:29.598Z
KJ33,PY19,5.20,5.20,4.40,2.50,5.20,2026-09-14T01:40:29.598Z
KJ33,PY20,5.20,5.20,4.40,2.50,5.20,2026-09-14T01:40:29.623Z
KJ33,PY21,5.10,5.10,4.30,2.40,5.10,2026-09-14T01:40:29.718Z
KJ33,PY22,4.90,4.90,4.10,2.30,4.90,2026-09-14T01:40:29.769Z
KJ33,PY23,4.60,4.60,3.90,2.20,4.60,2026-09-14T01:40:29.764Z
KJ33,PY24,4.60,4.60,3.90,2.20,4.60,2026-09-14T01:40:29.765Z
KJ33,PY27,6.20,6.20,5.30,3.00,6.20,2026-09-14T01:40:29.763Z
KJ33,PY28,6.10,6.10,5.30,3.00,6.10,2026-09-14T01:40:29.764Z
KJ33,PY29,5.50,5.50,4.80,2.70,5.50,2026-09-14T01:40:29.797Z
KJ33,PY31,6.30,6.30,5.40,3.10,6.30,2026-09-14T01:40:29.802Z
KJ33,PY32,6.60,6.60,5.70,3.20,6.60,2026-09-14T01:40:29.886Z
KJ33,PY33,6.80,6.80,5.90,3.30,6.80,2026-09-14T01:40:29.934Z
KJ33,PY34,7.30,7.30,6.30,3.60,7.30,2026-09-14T01:40:29.930Z
KJ33,PY36,7.50,7.50,6.30,3.70,7.50,2026-09-14T01:40:29.938Z
KJ33,PY37,7.70,7.70,6.50,3.80,7.70,2026-09-14T01:40:29.936Z
KJ33,PY38,7.40,7.40,6.20,3.60,7.40,2026-09-14T01:40:29.934Z
KJ33,PY39,7.60,7.60,6.40,3.70,7.60,2026-09-14T01:40:29.965Z
KJ33,PY40,7.70,7.70,6.50,3.80,7.70,2026-09-14T01:40:29.968Z
KJ33,PY41,7.90,7.90,6.60,3.80,7.90,2026-09-14T01:40:30.058Z
KJ33,SB1,6.00,6.00,5.20,3.00,6.00,2026-09-14T01:40:30.106Z
KJ33,SB2,5.40,5.40,4.60,2.70,5.40,2026-09-14T01:40:30.121Z
KJ33,SB3,4.70,4.70,4.10,2.40,4.70,2026-09-14T01:40:30.121Z
KJ33,SB4,4.00,4.00,3.50,2.00,4.00,2026-09-14T01:40:30.113Z
KJ33,SB5,3.30,3.30,2.90,1.70,3.30,2026-09-14T01:40:30.122Z
KJ33,SB6,2.40,2.40,2.20,1.20,2.40,2026-09-14T01:40:30.132Z
KJ33,SB7,1.50,1.50,1.40,0.80,1.50,2026-09-14T01:40:30.141Z
KJ33,SP1,4.90,4.90,4.20,2.40,4.90,2026-09-14T01:40:30.227Z
KJ33,SP10,4.30,4.30,3.70,2.00,4.30,2026-09-14T01:40:30.274Z
KJ33,SP11,4.60,4.60,3.90,2.20,4.60,2026-09-14T01:40:30.269Z
KJ33,SP12,5.00,5.00,4.30,2.40,5.00,2026-09-14T01:40:30.273Z
KJ33,SP13,5.30,5.30,4.60,2.60,5.30,2026-09-14T01:40:30.274Z
KJ33,SP14,5.10,5.10,4.50,2.50,5.10,2026-09-14T01:40:30.277Z
KJ33,SP15,5.70,5.70,5.00,2.80,5.70,2026-09-14T01:40:30.300Z
KJ33,SP16,5.50,5.50,4.80,2.70,5.50,2026-09-14T01:40:30.311Z
KJ33,SP17,5.90,5.90,5.10,2.90,5.90,2026-09-14T01:40:30.400Z
KJ33,SP18,5.70,5.70,5.00,2.80,5.70,2026-09-14T01:40:30.428Z
KJ33,SP19,5.40,5.40,4.70,2.60,5.40,2026-09-14T01:40:30.442Z
KJ33,SP2,4.80,4.80,4.10,2.30,4.80,2026-09-14T01:40:30.441Z
KJ33,SP20,5.20,5.20,4.60,2.60,5.20,2026-09-14T01:40:30.442Z
KJ33,SP21,5.50,5.50,4.80,2.70,5.50,2026-09-14T01:40:30.442Z
KJ33,SP22,5.20,5.20,4.50,2.50,5.20,2026-09-14T01:40:30.459Z
KJ33,SP24,4.60,4.60,4.00,2.20,4.60,2026-09-14T01:40:30.468Z
KJ33,SP25,4.60,4.60,4.00,2.20,4.60,2026-09-14T01:40:30.571Z
KJ33,SP26,4.30,4.30,3.80,2.10,4.30,2026-09-14T01:40:30.601Z
KJ33,SP27,4.10,4.10,3.60,2.00,4.10,2026-09-14T01:40:30.604Z
KJ33,SP28,3.70,3.70,3.30,1.80,3.70,2026-09-14T01:40:30.616Z
KJ33,SP29,3.20,3.20,2.90,1.60,3.20,2026-09-14T01:40:30.864Z
KJ33,SP3,4.60,4.60,3.90,2.20,4.60,2026-09-14T01:40:30.606Z
KJ33,SP31,2.40,2.40,2.20,1.20,2.40,2026-09-14T01:40:30.626Z
KJ33,SP4,4.30,4.30,3.70,2.10,4.30,2026-09-14T01:40:30.626Z
KJ33,SP5,4.10,4.10,3.50,2.00,4.10,2026-09-14T01:40:30.743Z
KJ33,SP6,3.90,3.90,3.40,1.90,3.90,2026-09-14T01:40:30.775Z
KJ33,SP7,3.70,3.70,3.20,1.80,3.70,2026-09-14T01:40:30.772Z
KJ33,SP8,3.80,3.80,3.30,1.80,3.80,2026-09-14T01:40:30.772Z
KJ33,SP9,4.00,4.00,3.50,1.90,4.00,2026-09-14T01:40:30.789Z
KJ34,KJ35,1.40,1.40,1.30,0.70,1.40,2026-09-14T01:40:30.784Z
KJ34,KJ36,1.80,1.80,1.70,0.90,1.80,2026-09-14T01:40:30.784Z
KJ34,KJ37,2.10,2.10,1.90,1.10,2.10,2026-09-14T01:40:30.919Z
KJ34,KJ4,5.00,5.00,4.30,2.40,5.00,2026-09-14T01:40:30.949Z
KJ34,KJ5,4.70,4.70,4.00,2.30,4.70,2026-09-14T01:40:30.949Z
KJ34,KJ6,4.60,4.60,4.00,2.20,4.60,2026-09-14T01:40:30.945Z
KJ34,KJ7,4.50,4.50,3.90,2.20,4.50,2026-09-14T01:40:30.960Z
KJ34,KJ8,4.40,4.40,3.80,2.20,4.40,2026-09-14T01:40:30.966Z
KJ34,KJ9,4.30,4.30,3.70,2.10,4.30,2026-09-14T01:40:30.964Z
KJ34,MR1,6.00,6.00,5.20,3.00,6.00,2026-09-14T01:40:31.020Z
KJ34,MR10,5.40,5.40,4.60,2.60,5.40,2026-09-14T01:40:31.066Z
KJ34,MR11,4.70,4.70,4.00,2.30,4.70,2026-09-14T01:40:31.124Z
KJ34,MR2,5.70,5.70,4.90,2.80,5.70,2026-09-14T01:40:31.115Z
KJ34,MR3,4.70,4.70,4.10,2.30,4.70,2026-09-14T01:40:31.117Z
KJ34,MR4,4.10,4.10,3.60,2.00,4.10,2026-09-14T01:40:31.134Z
KJ34,MR5,4.40,4.40,3.80,2.10,4.40,2026-09-14T01:40:31.135Z
KJ34,MR6,4.70,4.70,4.10,2.30,4.70,2026-09-14T01:40:31.117Z
KJ34,MR7,5.10,5.10,4.40,2.50,5.10,2026-09-14T01:40:31.213Z
KJ34,MR8,5.60,5.60,4.90,2.80,5.60,2026-09-14T01:40:31.261Z
KJ34,MR9,6.00,6.00,5.10,3.00,6.00,2026-09-14T01:40:31.294Z
KJ34,PY01,6.80,6.80,5.80,3.30,6.80,2026-09-14T01:40:31.290Z
KJ34,PY03,7.60,7.60,6.50,3.70,7.60,2026-09-14T01:40:31.290Z
KJ34,PY04,7.70,7.70,6.50,3.80,7.70,2026-09-14T01:40:31.288Z
KJ34,PY05,7.50,7.50,6.30,3.70,7.50,2026-09-14T01:40:31.301Z
KJ34,PY06,7.60,7.60,6.40,3.80,7.60,2026-09-14T01:40:31.307Z
KJ34,PY07,7.30,7.30,6.20,3.60,7.30,2026-09-14T01:40:31.382Z
KJ34,PY08,7.00,7.00,5.90,3.50,7.00,2026-09-14T01:40:31.411Z
KJ34,PY09,7.10,7.10,6.00,3.50,7.10,2026-09-14T01:40:31.457Z
KJ34,PY10,6.80,6.80,5.80,3.40,6.80,2026-09-14T01:40:31.456Z
KJ34,PY11,6.60,6.60,5.60,3.20,6.60,2026-09-14T01:40:31.457Z
KJ34,PY12,6.30,6.30,5.30,3.10,6.30,2026-09-14T01:40:31.459Z
KJ34,PY13,6.00,6.00,5.10,2.90,6.00,2026-09-14T01:40:31.458Z
KJ34,PY14,5.80,5.80,4.90,2.80,5.80,2026-09-14T01:40:31.469Z
KJ34,PY15,5.50,5.50,4.70,2.70,5.50,2026-09-14T01:40:31.551Z
KJ34,PY16,5.10,5.10,4.40,2.50,5.10,2026-09-14T01:40:31.581Z
KJ34,PY17,4.70,4.70,4.00,2.30,4.70,2026-09-14T01:40:31.635Z
KJ34,PY18,4.90,4.90,4.20,2.40,4.90,2026-09-14T01:40:31.630Z
KJ34,PY19,5.30,5.30,4.50,2.60,5.30,2026-09-14T01:40:31.634Z
KJ34,PY20,5.30,5.30,4.50,2.60,5.30,2026-09-14T01:40:31.632Z
KJ34,PY21,5.20,5.20,4.40,2.50,5.20,2026-09-14T01:40:31.631Z
KJ34,PY22,5.00,5.00,4.20,2.40,5.00,2026-09-14T01:40:31.636Z
KJ34,PY23,4.70,4.70,4.00,2.30,4.70,2026-09-14T01:40:31.721Z
KJ34,PY24,4.70,4.70,4.00,2.30,4.70,2026-09-14T01:40:31.751Z
KJ34,PY27,6.20,6.20,5.40,3.10,6.20,2026-09-14T01:40:31.808Z
KJ34,PY28,5.80,5.80,5.00,2.90,5.80,2026-09-14T01:40:31.808Z
KJ34,PY29,5.20,5.20,4.50,2.60,5.20,2026-09-14T01:40:31.807Z
KJ34,PY31,6.00,6.00,5.10,3.00,6.00,2026-09-14T01:40:31.815Z
KJ34,PY32,6.30,6.30,5.40,3.10,6.30,2026-09-14T01:40:31.816Z
KJ34,PY33,6.50,6.50,5.60,3.20,6.50,2026-09-14T01:40:31.816Z
KJ34,PY34,7.00,7.00,6.00,3.50,7.00,2026-09-14T01:40:31.896Z
KJ34,PY36,7.60,7.60,6.40,3.80,7.60,2026-09-14T01:40:31.931Z
KJ34,PY37,7.80,7.80,6.60,3.90,7.80,2026-09-14T01:40:31.971Z
KJ34,PY38,7.50,7.50,6.30,3.70,7.50,2026-09-14T01:40:31.971Z
KJ34,PY39,7.70,7.70,6.50,3.80,7.70,2026-09-14T01:40:31.971Z
KJ34,PY40,7.80,7.80,6.60,3.90,7.80,2026-09-14T01:40:31.975Z
KJ34,PY41,8.00,8.00,6.70,3.90,8.00,2026-09-14T01:40:31.985Z
KJ34,SB1,6.30,6.30,5.50,3.10,6.30,2026-09-14T01:40:31.976Z
KJ34,SB2,5.70,5.70,4.90,2.80,5.70,2026-09-14T01:40:32.332Z
KJ34,SB3,5.00,5.00,4.40,2.50,5.00,2026-09-14T01:40:32.117Z
KJ34,SB4,4.30,4.30,3.80,2.10,4.30,2026-09-14T01:40:32.155Z
KJ34,SB5,3.60,3.60,3.20,1.80,3.60,2026-09-14T01:40:32.155Z
KJ34,SB6,2.70,2.70,2.50,1.30,2.70,2026-09-14T01:40:32.153Z
KJ34,SB7,1.80,1.80,1.70,0.90,1.80,2026-09-14T01:40:32.156Z
KJ34,SP1,5.00,5.00,4.30,2.50,5.00,2026-09-14T01:40:32.156Z
KJ34,SP10,4.40,4.40,3.80,2.10,4.40,2026-09-14T01:40:32.170Z
KJ34,SP11,4.70,4.70,4.00,2.30,4.70,2026-09-14T01:40:32.275Z
KJ34,SP12,5.10,5.10,4.40,2.50,5.10,2026-09-14T01:40:32.315Z
KJ34,SP13,5.00,5.00,4.30,2.50,5.00,2026-09-14T01:40:32.323Z
KJ34,SP14,4.80,4.80,4.20,2.40,4.80,2026-09-14T01:40:32.333Z
KJ34,SP15,5.40,5.40,4.70,2.70,5.40,2026-09-14T01:40:32.323Z
KJ34,SP16,5.20,5.20,4.50,2.60,5.20,2026-09-14T01:40:32.332Z
KJ34,SP17,5.60,5.60,4.80,2.80,5.60,2026-09-14T01:40:32.331Z
KJ34,SP18,5.40,5.40,4.70,2.70,5.40,2026-09-14T01:40:32.451Z
KJ34,SP19,5.10,5.10,4.40,2.50,5.10,2026-09-14T01:40:32.496Z
KJ34,SP2,4.90,4.90,4.20,2.40,4.90,2026-09-14T01:40:32.487Z
KJ34,SP20,4.90,4.90,4.30,2.50,4.90,2026-09-14T01:40:32.496Z
KJ34,SP21,5.20,5.20,4.50,2.60,5.20,2026-09-14T01:40:32.502Z
KJ34,SP22,4.90,4.90,4.20,2.40,4.90,2026-09-14T01:40:32.499Z
KJ34,SP24,4.30,4.30,3.70,2.10,4.30,2026-09-14T01:40:32.499Z
KJ34,SP25,4.30,4.30,3.70,2.10,4.30,2026-09-14T01:40:32.501Z
KJ34,SP26,4.00,4.00,3.50,2.00,4.00,2026-09-14T01:40:32.621Z
KJ34,SP27,3.80,3.80,3.30,1.90,3.80,2026-09-14T01:40:32.647Z
KJ34,SP28,3.40,3.40,3.00,1.70,3.40,2026-09-14T01:40:32.675Z
KJ34,SP29,2.90,2.90,2.60,1.50,2.90,2026-09-14T01:40:32.665Z
KJ34,SP3,4.70,4.70,4.00,2.30,4.70,2026-09-14T01:40:32.667Z
KJ34,SP31,2.10,2.10,1.90,1.10,2.10,2026-09-14T01:40:32.672Z
KJ34,SP4,4.40,4.40,3.80,2.20,4.40,2026-09-14T01:40:32.662Z
KJ34,SP5,4.20,4.20,3.60,2.10,4.20,2026-09-14T01:40:32.678Z
KJ34,SP6,4.00,4.00,3.50,2.00,4.00,2026-09-14T01:40:32.795Z
KJ34,SP7,3.80,3.80,3.30,1.90,3.80,2026-09-14T01:40:32.804Z
KJ34,SP8,3.90,3.90,3.40,1.90,3.90,2026-09-14T01:40:32.825Z
KJ34,SP9,4.10,4.10,3.60,2.00,4.10,2026-09-14T01:40:32.841Z
KJ35,KJ36,1.30,1.30,1.20,0.60,1.30,2026-09-14T01:40:32.864Z
KJ35,KJ37,1.80,1.80,1.60,0.90,1.80,2026-09-14T01:40:32.835Z
KJ35,KJ4,5.20,5.20,4.50,2.50,5.20,2026-09-14T01:40:32.841Z
KJ35,KJ5,4.90,4.90,4.20,2.40,4.90,2026-09-14T01:40:32.844Z
KJ35,KJ6,4.80,4.80,4.10,2.30,4.80,2026-09-14T01:40:32.958Z
KJ35,KJ7,4.70,4.70,4.10,2.30,4.70,2026-09-14T01:40:32.979Z
KJ35,KJ8,4.60,4.60,4.00,2.30,4.60,2026-09-14T01:40:32.986Z
KJ35,KJ9,4.50,4.50,3.90,2.20,4.50,2026-09-14T01:40:33.004Z
KJ35,MR1,6.20,6.20,5.40,3.10,6.20,2026-09-14T01:40:33.003Z
KJ35,MR10,5.60,5.60,4.80,2.70,5.60,2026-09-14T01:40:33.001Z
KJ35,MR11,4.90,4.90,4.20,2.40,4.90,2026-09-14T01:40:33.001Z
KJ35,MR2,5.90,5.90,5.10,2.90,5.90,2026-09-14T01:40:33.027Z
KJ35,MR3,4.90,4.90,4.30,2.40,4.90,2026-09-14T01:40:33.136Z
KJ35,MR4,4.30,4.30,3.80,2.10,4.30,2026-09-14T01:40:33.146Z
KJ35,MR5,4.60,4.60,4.00,2.20,4.60,2026-09-14T01:40:33.142Z
KJ35,MR6,4.90,4.90,4.30,2.40,4.90,2026-09-14T01:40:33.158Z
KJ35,MR7,5.30,5.30,4.60,2.60,5.30,2026-09-14T01:40:33.156Z
KJ35,MR8,5.80,5.80,5.10,2.90,5.80,2026-09-14T01:40:33.173Z
KJ35,MR9,6.20,6.20,5.30,3.10,6.20,2026-09-14T01:40:33.175Z
KJ35,PY01,7.00,7.00,6.00,3.40,7.00,2026-09-14T01:40:33.179Z
KJ35,PY03,7.70,7.70,6.60,3.80,7.70,2026-09-14T01:40:33.305Z
KJ35,PY04,7.90,7.90,6.70,3.90,7.90,2026-09-14T01:40:33.306Z
KJ35,PY05,7.70,7.70,6.50,3.80,7.70,2026-09-14T01:40:33.317Z
KJ35,PY06,7.80,7.80,6.60,3.90,7.80,2026-09-14T01:40:33.318Z
KJ35,PY07,7.50,7.50,6.40,3.70,7.50,2026-09-14T01:40:33.317Z
KJ35,PY08,7.20,7.20,6.10,3.60,7.20,2026-09-14T01:40:33.321Z
KJ35,PY09,7.30,7.30,6.20,3.60,7.30,2026-09-14T01:40:33.332Z
KJ35,PY10,7.00,7.00,6.00,3.50,7.00,2026-09-14T01:40:33.355Z
KJ35,PY11,6.80,6.80,5.80,3.30,6.80,2026-09-14T01:40:33.474Z
KJ35,PY12,6.50,6.50,5.50,3.20,6.50,2026-09-14T01:40:33.475Z
KJ35,PY13,6.20,6.20,5.30,3.00,6.20,2026-09-14T01:40:33.488Z
KJ35,PY14,6.00,6.00,5.10,2.90,6.00,2026-09-14T01:40:33.490Z
KJ35,PY15,5.70,5.70,4.90,2.80,5.70,2026-09-14T01:40:33.490Z
KJ35,PY16,5.30,5.30,4.60,2.60,5.30,2026-09-14T01:40:33.488Z
KJ35,PY17,4.90,4.90,4.20,2.40,4.90,2026-09-14T01:40:33.503Z
KJ35,PY18,5.10,5.10,4.40,2.50,5.10,2026-09-14T01:40:33.517Z
KJ35,PY19,5.50,5.50,4.70,2.70,5.50,2026-09-14T01:40:33.644Z
KJ35,PY20,5.50,5.50,4.70,2.70,5.50,2026-09-14T01:40:33.648Z
KJ35,PY21,5.40,5.40,4.60,2.60,5.40,2026-09-14T01:40:33.658Z
KJ35,PY22,5.20,5.20,4.40,2.50,5.20,2026-09-14T01:40:33.657Z
KJ35,PY23,4.90,4.90,4.20,2.40,4.90,2026-09-14T01:40:33.665Z
KJ35,PY24,4.90,4.90,4.20,2.40,4.90,2026-09-14T01:40:33.666Z
KJ35,PY27,5.90,5.90,5.10,2.90,5.90,2026-09-14T01:40:33.675Z
KJ35,PY28,5.50,5.50,4.70,2.70,5.50,2026-09-14T01:40:33.698Z
KJ35,PY29,4.90,4.90,4.20,2.40,4.90,2026-09-14T01:40:33.813Z
KJ35,PY31,5.70,5.70,4.80,2.80,5.70,2026-09-14T01:40:33.817Z
KJ35,PY32,6.00,6.00,5.10,2.90,6.00,2026-09-14T01:40:33.818Z
KJ35,PY33,6.20,6.20,5.30,3.00,6.20,2026-09-14T01:40:33.816Z
KJ35,PY34,6.70,6.70,5.70,3.30,6.70,2026-09-14T01:40:33.819Z
KJ35,PY36,7.30,7.30,6.20,3.60,7.30,2026-09-14T01:40:33.819Z
KJ35,PY37,7.70,7.70,6.50,3.80,7.70,2026-09-14T01:40:33.841Z
KJ35,PY38,7.60,7.60,6.50,3.80,7.60,2026-09-14T01:40:33.852Z
KJ35,PY39,7.80,7.80,6.60,3.90,7.80,2026-09-14T01:40:34.253Z
KJ35,PY40,8.00,8.00,6.80,4.00,8.00,2026-09-14T01:40:34.000Z
KJ35,PY41,7.70,7.70,6.60,3.80,7.70,2026-09-14T01:40:33.987Z
KJ35,SB1,6.70,6.70,5.80,3.30,6.70,2026-09-14T01:40:34.004Z
KJ35,SB2,6.10,6.10,5.20,3.00,6.10,2026-09-14T01:40:33.998Z
KJ35,SB3,5.40,5.40,4.70,2.70,5.40,2026-09-14T01:40:33.988Z
KJ35,SB4,4.70,4.70,4.10,2.30,4.70,2026-09-14T01:40:34.008Z
KJ35,SB5,4.00,4.00,3.50,2.00,4.00,2026-09-14T01:40:34.029Z
KJ35,SB6,3.10,3.10,2.80,1.50,3.10,2026-09-14T01:40:34.183Z
KJ35,SB7,2.20,2.20,2.00,1.10,2.20,2026-09-14T01:40:34.185Z
KJ35,SP1,5.20,5.20,4.50,2.60,5.20,2026-09-14T01:40:34.167Z
KJ35,SP10,4.60,4.60,4.00,2.20,4.60,2026-09-14T01:40:34.182Z
KJ35,SP11,4.90,4.90,4.20,2.40,4.90,2026-09-14T01:40:34.185Z
KJ35,SP12,4.90,4.90,4.20,2.40,4.90,2026-09-14T01:40:34.185Z
KJ35,SP13,4.70,4.70,4.00,2.30,4.70,2026-09-14T01:40:34.186Z
KJ35,SP14,4.50,4.50,3.90,2.20,4.50,2026-09-14T01:40:34.356Z
KJ35,SP15,5.10,5.10,4.40,2.50,5.10,2026-09-14T01:40:34.361Z
KJ35,SP16,4.90,4.90,4.20,2.40,4.90,2026-09-14T01:40:34.351Z
KJ35,SP17,5.30,5.30,4.50,2.60,5.30,2026-09-14T01:40:34.357Z
KJ35,SP18,5.10,5.10,4.40,2.50,5.10,2026-09-14T01:40:34.358Z
KJ35,SP19,4.80,4.80,4.10,2.30,4.80,2026-09-14T01:40:34.359Z
KJ35,SP2,5.10,5.10,4.40,2.50,5.10,2026-09-14T01:40:34.360Z
KJ35,SP20,4.60,4.60,4.00,2.30,4.60,2026-09-14T01:40:34.402Z
KJ35,SP21,4.90,4.90,4.20,2.40,4.90,2026-09-14T01:40:34.520Z
KJ35,SP22,4.60,4.60,3.90,2.20,4.60,2026-09-14T01:40:34.520Z
KJ35,SP24,4.00,4.00,3.40,1.90,4.00,2026-09-14T01:40:34.518Z
KJ35,SP25,4.00,4.00,3.40,1.90,4.00,2026-09-14T01:40:34.515Z
KJ35,SP26,3.70,3.70,3.20,1.80,3.70,2026-09-14T01:40:34.527Z
KJ35,SP27,3.50,3.50,3.00,1.70,3.50,2026-09-14T01:40:34.534Z
KJ35,SP28,3.00,3.00,2.60,1.50,3.00,2026-09-14T01:40:34.529Z
KJ35,SP29,2.60,2.60,2.30,1.30,2.60,2026-09-14T01:40:34.553Z
KJ35,SP3,4.90,4.90,4.20,2.40,4.90,2026-09-14T01:40:34.686Z
KJ35,SP31,1.80,1.80,1.60,0.90,1.80,2026-09-14T01:40:34.700Z
KJ35,SP4,4.60,4.60,4.00,2.30,4.60,2026-09-14T01:40:34.688Z
KJ35,SP5,4.40,4.40,3.80,2.20,4.40,2026-09-14T01:40:34.679Z
KJ35,SP6,4.20,4.20,3.70,2.10,4.20,2026-09-14T01:40:34.686Z
KJ35,SP7,4.00,4.00,3.50,2.00,4.00,2026-09-14T01:40:34.680Z
KJ35,SP8,4.10,4.10,3.60,2.00,4.10,2026-09-14T01:40:34.707Z
KJ35,SP9,4.30,4.30,3.80,2.10,4.30,2026-09-14T01:40:34.743Z
KJ36,KJ37,1.30,1.30,1.20,0.70,1.30,2026-09-14T01:40:34.868Z
KJ36,KJ4,5.30,5.30,4.60,2.60,5.30,2026-09-14T01:40:34.862Z
KJ36,KJ5,5.00,5.00,4.30,2.50,5.00,2026-09-14T01:40:34.868Z
KJ36,KJ6,4.90,4.90,4.30,2.40,4.90,2026-09-14T01:40:34.868Z
KJ36,KJ7,4.90,4.90,4.20,2.40,4.90,2026-09-14T01:40:34.867Z
KJ36,KJ8,4.80,4.80,4.10,2.30,4.80,2026-09-14T01:40:34.869Z
KJ36,KJ9,4.70,4.70,4.00,2.30,4.70,2026-09-14T01:40:34.882Z
KJ36,MR1,6.40,6.40,5.50,3.20,6.40,2026-09-14T01:40:34.910Z
KJ36,MR10,5.80,5.80,4.90,2.70,5.80,2026-09-14T01:40:35.043Z
KJ36,MR11,5.10,5.10,4.30,2.40,5.10,2026-09-14T01:40:35.041Z
KJ36,MR2,6.10,6.10,5.20,3.00,6.10,2026-09-14T01:40:35.037Z
KJ36,MR3,5.10,5.10,4.40,2.50,5.10,2026-09-14T01:40:35.053Z
KJ36,MR4,4.50,4.50,3.90,2.20,4.50,2026-09-14T01:40:35.043Z
KJ36,MR5,4.80,4.80,4.10,2.30,4.80,2026-09-14T01:40:35.054Z
KJ36,MR6,5.10,5.10,4.40,2.50,5.10,2026-09-14T01:40:35.058Z
KJ36,MR7,5.50,5.50,4.70,2.70,5.50,2026-09-14T01:40:35.085Z
KJ36,MR8,6.00,6.00,5.20,3.00,6.00,2026-09-14T01:40:35.212Z
KJ36,MR9,6.40,6.40,5.40,3.10,6.40,2026-09-14T01:40:35.208Z
KJ36,PY01,7.20,7.20,6.10,3.50,7.20,2026-09-14T01:40:35.218Z
KJ36,PY03,7.20,7.20,6.20,3.70,7.20,2026-09-14T01:40:35.205Z
KJ36,PY04,7.90,7.90,6.70,3.90,7.90,2026-09-14T01:40:35.229Z
KJ36,PY05,7.70,7.70,6.60,3.80,7.70,2026-09-14T01:40:35.224Z
KJ36,PY06,7.50,7.50,6.40,3.80,7.50,2026-09-14T01:40:35.233Z
KJ36,PY07,7.20,7.20,6.20,3.70,7.20,2026-09-14T01:40:35.265Z
KJ36,PY08,7.30,7.30,6.20,3.60,7.30,2026-09-14T01:40:35.379Z
KJ36,PY09,7.10,7.10,6.00,3.50,7.10,2026-09-14T01:40:35.384Z
KJ36,PY10,7.20,7.20,6.10,3.50,7.20,2026-09-14T01:40:35.385Z
KJ36,PY11,7.00,7.00,5.90,3.30,7.00,2026-09-14T01:40:35.391Z
KJ36,PY12,6.70,6.70,5.60,3.20,6.70,2026-09-14T01:40:35.398Z
KJ36,PY13,6.40,6.40,5.40,3.00,6.40,2026-09-14T01:40:35.394Z
KJ36,PY14,6.20,6.20,5.20,2.90,6.20,2026-09-14T01:40:35.392Z
KJ36,PY15,5.90,5.90,5.00,2.80,5.90,2026-09-14T01:40:35.437Z
KJ36,PY16,5.50,5.50,4.70,2.60,5.50,2026-09-14T01:40:35.562Z
KJ36,PY17,5.10,5.10,4.30,2.40,5.10,2026-09-14T01:40:35.563Z
KJ36,PY18,5.30,5.30,4.50,2.50,5.30,2026-09-14T01:40:35.568Z
KJ36,PY19,5.70,5.70,4.80,2.70,5.70,2026-09-14T01:40:35.568Z
KJ36,PY20,5.70,5.70,4.80,2.80,5.70,2026-09-14T01:40:35.570Z
KJ36,PY21,5.50,5.50,4.70,2.70,5.50,2026-09-14T01:40:35.577Z
KJ36,PY22,5.30,5.30,4.50,2.60,5.30,2026-09-14T01:40:35.563Z
KJ36,PY23,5.00,5.00,4.30,2.50,5.00,2026-09-14T01:40:35.601Z
KJ36,PY24,4.50,4.50,3.90,2.30,4.50,2026-09-14T01:40:35.734Z
KJ36,PY27,5.40,5.40,4.70,2.70,5.40,2026-09-14T01:40:35.736Z
KJ36,PY28,5.00,5.00,4.30,2.50,5.00,2026-09-14T01:40:35.731Z
KJ36,PY29,4.40,4.40,3.80,2.20,4.40,2026-09-14T01:40:35.734Z
KJ36,PY31,5.20,5.20,4.40,2.60,5.20,2026-09-14T01:40:35.744Z
KJ36,PY32,5.50,5.50,4.70,2.70,5.50,2026-09-14T01:40:35.736Z
KJ36,PY33,5.70,5.70,4.90,2.80,5.70,2026-09-14T01:40:35.747Z
KJ36,PY34,6.20,6.20,5.30,3.10,6.20,2026-09-14T01:40:35.766Z
KJ36,PY36,6.80,6.80,5.80,3.40,6.80,2026-09-14T01:40:35.911Z
KJ36,PY37,7.20,7.20,6.10,3.60,7.20,2026-09-14T01:40:35.912Z
KJ36,PY38,7.10,7.10,6.10,3.60,7.10,2026-09-14T01:40:35.909Z
KJ36,PY39,7.30,7.30,6.20,3.70,7.30,2026-09-14T01:40:35.908Z
KJ36,PY40,7.50,7.50,6.40,3.80,7.50,2026-09-14T01:40:35.911Z
KJ36,PY41,7.20,7.20,6.20,3.60,7.20,2026-09-14T01:40:35.906Z
KJ36,SB1,7.10,7.10,6.10,3.50,7.10,2026-09-14T01:40:35.910Z
KJ36,SB2,6.50,6.50,5.50,3.20,6.50,2026-09-14T01:40:35.936Z
KJ36,SB3,5.80,5.80,5.00,2.90,5.80,2026-09-14T01:40:36.098Z
KJ36,SB4,5.10,5.10,4.40,2.50,5.10,2026-09-14T01:40:36.085Z
KJ36,SB5,4.40,4.40,3.80,2.20,4.40,2026-09-14T01:40:36.089Z
KJ36,SB6,3.50,3.50,3.10,1.70,3.50,2026-09-14T01:40:36.105Z
KJ36,SB7,2.60,2.60,2.30,1.30,2.60,2026-09-14T01:40:36.102Z
KJ36,SP1,5.40,5.40,4.60,2.60,5.40,2026-09-14T01:40:36.098Z
KJ36,SP10,4.60,4.60,4.00,2.30,4.60,2026-09-14T01:40:36.084Z
KJ36,SP11,4.50,4.50,3.90,2.30,4.50,2026-09-14T01:40:36.102Z
KJ36,SP12,4.40,4.40,3.80,2.20,4.40,2026-09-14T01:40:36.256Z
KJ36,SP13,4.20,4.20,3.60,2.10,4.20,2026-09-14T01:40:36.262Z
KJ36,SP14,4.00,4.00,3.50,2.00,4.00,2026-09-14T01:40:36.256Z
KJ36,SP15,4.60,4.60,4.00,2.30,4.60,2026-09-14T01:40:36.272Z
KJ36,SP16,4.40,4.40,3.80,2.20,4.40,2026-09-14T01:40:36.272Z
KJ36,SP17,4.80,4.80,4.10,2.40,4.80,2026-09-14T01:40:36.270Z
KJ36,SP18,4.60,4.60,4.00,2.30,4.60,2026-09-14T01:40:36.267Z
KJ36,SP19,4.30,4.30,3.70,2.10,4.30,2026-09-14T01:40:36.276Z
KJ36,SP2,5.30,5.30,4.50,2.50,5.30,2026-09-14T01:40:36.439Z
KJ36,SP20,4.10,4.10,3.60,2.10,4.10,2026-09-14T01:40:36.446Z
KJ36,SP21,4.40,4.40,3.80,2.20,4.40,2026-09-14T01:40:36.439Z
KJ36,SP22,4.10,4.10,3.50,2.00,4.10,2026-09-14T01:40:36.448Z
KJ36,SP24,3.50,3.50,3.00,1.70,3.50,2026-09-14T01:40:36.448Z
KJ36,SP25,3.50,3.50,3.00,1.70,3.50,2026-09-14T01:40:36.446Z
KJ36,SP26,3.10,3.10,2.70,1.60,3.10,2026-09-14T01:40:36.446Z
KJ36,SP27,2.90,2.90,2.50,1.50,2.90,2026-09-14T01:40:36.448Z
KJ36,SP28,2.50,2.50,2.20,1.30,2.50,2026-09-14T01:40:36.640Z
KJ36,SP29,2.10,2.10,1.90,1.10,2.10,2026-09-14T01:40:36.626Z
KJ36,SP3,5.10,5.10,4.30,2.40,5.10,2026-09-14T01:40:36.623Z
KJ36,SP31,1.30,1.30,1.20,0.70,1.30,2026-09-14T01:40:36.656Z
KJ36,SP4,4.80,4.80,4.10,2.30,4.80,2026-09-14T01:40:36.623Z
KJ36,SP5,4.60,4.60,3.90,2.20,4.60,2026-09-14T01:40:36.635Z
KJ36,SP6,4.40,4.40,3.80,2.10,4.40,2026-09-14T01:40:36.634Z
KJ36,SP7,4.20,4.20,3.60,2.00,4.20,2026-09-14T01:40:36.629Z
KJ36,SP8,4.30,4.30,3.70,2.10,4.30,2026-09-14T01:40:36.781Z
KJ36,SP9,4.50,4.50,3.90,2.20,4.50,2026-09-14T01:40:36.784Z
KJ37,KJ4,5.50,5.50,4.70,2.70,5.50,2026-09-14T01:40:36.798Z
KJ37,KJ5,5.20,5.20,4.50,2.60,5.20,2026-09-14T01:40:36.797Z
KJ37,KJ6,5.10,5.10,4.40,2.50,5.10,2026-09-14T01:40:36.803Z
KJ37,KJ7,5.00,5.00,4.40,2.50,5.00,2026-09-14T01:40:36.803Z
KJ37,KJ8,5.00,5.00,4.30,2.40,5.00,2026-09-14T01:40:36.813Z
KJ37,KJ9,4.80,4.80,4.20,2.40,4.80,2026-09-14T01:40:36.820Z
KJ37,MR1,6.10,6.10,5.30,3.10,6.10,2026-09-14T01:40:36.956Z
KJ37,MR10,5.40,5.40,4.70,2.60,5.40,2026-09-14T01:40:36.957Z
KJ37,MR11,4.70,4.70,4.10,2.30,4.70,2026-09-14T01:40:36.981Z
KJ37,MR2,5.80,5.80,5.00,2.90,5.80,2026-09-14T01:40:36.991Z
KJ37,MR3,4.80,4.80,4.20,2.40,4.80,2026-09-14T01:40:36.985Z
KJ37,MR4,4.20,4.20,3.70,2.10,4.20,2026-09-14T01:40:36.987Z
KJ37,MR5,4.50,4.50,3.90,2.20,4.50,2026-09-14T01:40:36.986Z
KJ37,MR6,4.80,4.80,4.20,2.40,4.80,2026-09-14T01:40:36.988Z
KJ37,MR7,5.20,5.20,4.50,2.60,5.20,2026-09-14T01:40:37.126Z
KJ37,MR8,5.70,5.70,5.00,2.90,5.70,2026-09-14T01:40:37.127Z
KJ37,MR9,6.00,6.00,5.20,3.00,6.00,2026-09-14T01:40:37.155Z
KJ37,PY01,7.00,7.00,5.90,3.50,7.00,2026-09-14T01:40:37.162Z
KJ37,PY03,6.70,6.70,5.80,3.40,6.70,2026-09-14T01:40:37.165Z
KJ37,PY04,7.40,7.40,6.30,3.70,7.40,2026-09-14T01:40:37.175Z
KJ37,PY05,7.20,7.20,6.20,3.60,7.20,2026-09-14T01:40:37.170Z
KJ37,PY06,7.00,7.00,6.00,3.50,7.00,2026-09-14T01:40:37.170Z
KJ37,PY07,6.70,6.70,5.80,3.40,6.70,2026-09-14T01:40:37.319Z
KJ37,PY08,6.80,6.80,5.80,3.30,6.80,2026-09-14T01:40:37.300Z
KJ37,PY09,6.60,6.60,5.60,3.20,6.60,2026-09-14T01:40:37.333Z
KJ37,PY10,6.70,6.70,5.80,3.40,6.70,2026-09-14T01:40:37.346Z
KJ37,PY11,6.50,6.50,5.60,3.20,6.50,2026-09-14T01:40:37.343Z
KJ37,PY12,6.30,6.30,5.40,3.10,6.30,2026-09-14T01:40:37.343Z
KJ37,PY13,6.00,6.00,5.20,2.90,6.00,2026-09-14T01:40:37.346Z
KJ37,PY14,5.80,5.80,5.00,2.80,5.80,2026-09-14T01:40:37.353Z
KJ37,PY15,5.50,5.50,4.80,2.70,5.50,2026-09-14T01:40:37.504Z
KJ37,PY16,5.10,5.10,4.50,2.50,5.10,2026-09-14T01:40:37.504Z
KJ37,PY17,4.70,4.70,4.10,2.30,4.70,2026-09-14T01:40:37.504Z
KJ37,PY18,4.90,4.90,4.30,2.40,4.90,2026-09-14T01:40:37.535Z
KJ37,PY19,5.30,5.30,4.60,2.60,5.30,2026-09-14T01:40:37.526Z
KJ37,PY20,5.20,5.20,4.50,2.60,5.20,2026-09-14T01:40:37.527Z
KJ37,PY21,5.00,5.00,4.30,2.50,5.00,2026-09-14T01:40:37.526Z
KJ37,PY22,4.80,4.80,4.20,2.40,4.80,2026-09-14T01:40:37.527Z
KJ37,PY23,4.50,4.50,3.90,2.30,4.50,2026-09-14T01:40:37.680Z
KJ37,PY24,4.00,4.00,3.50,2.00,4.00,2026-09-14T01:40:37.673Z
KJ37,PY27,4.90,4.90,4.30,2.40,4.90,2026-09-14T01:40:37.686Z
KJ37,PY28,4.50,4.50,3.90,2.20,4.50,2026-09-14T01:40:37.698Z
KJ37,PY29,3.90,3.90,3.40,1.90,3.90,2026-09-14T01:40:37.707Z
KJ37,PY31,4.70,4.70,4.00,2.30,4.70,2026-09-14T01:40:37.698Z
KJ37,PY32,5.00,5.00,4.30,2.40,5.00,2026-09-14T01:40:37.687Z
KJ37,PY33,5.20,5.20,4.50,2.50,5.20,2026-09-14T01:40:37.718Z
KJ37,PY34,5.70,5.70,4.90,2.80,5.70,2026-09-14T01:40:37.846Z
KJ37,PY36,6.30,6.30,5.40,3.10,6.30,2026-09-14T01:40:37.851Z
KJ37,PY37,6.70,6.70,5.70,3.30,6.70,2026-09-14T01:40:37.866Z
KJ37,PY38,6.60,6.60,5.70,3.30,6.60,2026-09-14T01:40:37.868Z
KJ37,PY39,6.80,6.80,5.80,3.40,6.80,2026-09-14T01:40:37.857Z
KJ37,PY40,7.00,7.00,6.00,3.50,7.00,2026-09-14T01:40:37.869Z
KJ37,PY41,6.70,6.70,5.80,3.30,6.70,2026-09-14T01:40:37.873Z
KJ37,SB1,7.50,7.50,6.50,3.70,7.50,2026-09-14T01:40:37.891Z
KJ37,SB2,6.90,6.90,5.90,3.40,6.90,2026-09-14T01:40:38.021Z
KJ37,SB3,6.20,6.20,5.40,3.10,6.20,2026-09-14T01:40:38.017Z
KJ37,SB4,5.50,5.50,4.80,2.70,5.50,2026-09-14T01:40:38.052Z
KJ37,SB5,4.80,4.80,4.20,2.40,4.80,2026-09-14T01:40:38.035Z
KJ37,SB6,3.90,3.90,3.50,1.90,3.90,2026-09-14T01:40:38.031Z
KJ37,SB7,3.00,3.00,2.70,1.50,3.00,2026-09-14T01:40:38.034Z
KJ37,SP1,4.90,4.90,4.20,2.40,4.90,2026-09-14T01:40:38.046Z
KJ37,SP10,4.10,4.10,3.60,2.00,4.10,2026-09-14T01:40:38.058Z
KJ37,SP11,4.00,4.00,3.50,2.00,4.00,2026-09-14T01:40:38.190Z
KJ37,SP12,3.90,3.90,3.40,1.90,3.90,2026-09-14T01:40:38.190Z
KJ37,SP13,3.70,3.70,3.20,1.80,3.70,2026-09-14T01:40:38.199Z
KJ37,SP14,3.50,3.50,3.10,1.70,3.50,2026-09-14T01:40:38.195Z
KJ37,SP15,4.10,4.10,3.60,2.00,4.10,2026-09-14T01:40:38.217Z
KJ37,SP16,3.90,3.90,3.40,1.90,3.90,2026-09-14T01:40:38.219Z
KJ37,SP17,4.30,4.30,3.70,2.10,4.30,2026-09-14T01:40:38.220Z
KJ37,SP18,4.10,4.10,3.60,2.00,4.10,2026-09-14T01:40:38.217Z
KJ37,SP19,3.80,3.80,3.30,1.80,3.80,2026-09-14T01:40:38.368Z
KJ37,SP2,4.80,4.80,4.10,2.40,4.80,2026-09-14T01:40:38.367Z
KJ37,SP20,3.60,3.60,3.20,1.80,3.60,2026-09-14T01:40:38.367Z
KJ37,SP21,3.90,3.90,3.40,1.90,3.90,2026-09-14T01:40:38.372Z
KJ37,SP22,3.60,3.60,3.10,1.70,3.60,2026-09-14T01:40:38.392Z
KJ37,SP24,3.00,3.00,2.60,1.40,3.00,2026-09-14T01:40:38.391Z
KJ37,SP25,2.90,2.90,2.50,1.40,2.90,2026-09-14T01:40:38.387Z
KJ37,SP26,2.60,2.60,2.30,1.30,2.60,2026-09-14T01:40:38.398Z
KJ37,SP27,2.40,2.40,2.10,1.20,2.40,2026-09-14T01:40:38.530Z
KJ37,SP28,2.00,2.00,1.80,1.00,2.00,2026-09-14T01:40:38.534Z
KJ37,SP29,1.60,1.60,1.50,0.80,1.60,2026-09-14T01:40:38.530Z
KJ37,SP3,4.70,4.70,4.10,2.30,4.70,2026-09-14T01:40:38.529Z
KJ37,SP31,0.80,0.80,0.80,0.40,0.80,2026-09-14T01:40:38.545Z
KJ37,SP4,4.60,4.60,4.00,2.30,4.60,2026-09-14T01:40:38.566Z
KJ37,SP5,4.60,4.60,4.00,2.20,4.60,2026-09-14T01:40:38.566Z
KJ37,SP6,4.50,4.50,3.90,2.20,4.50,2026-09-14T01:40:38.566Z
KJ37,SP7,4.40,4.40,3.80,2.10,4.40,2026-09-14T01:40:38.703Z
KJ37,SP8,4.30,4.30,3.70,2.10,4.30,2026-09-14T01:40:38.718Z
KJ37,SP9,4.20,4.20,3.70,2.10,4.20,2026-09-14T01:40:38.716Z
KJ4,KJ5,1.60,1.60,1.50,0.80,1.60,2026-09-14T01:40:38.715Z
KJ4,KJ6,1.90,1.90,1.70,1.00,1.90,2026-09-14T01:40:38.720Z
KJ4,KJ7,1.90,1.90,1.70,1.00,1.90,2026-09-14T01:40:38.732Z
KJ4,KJ8,2.10,2.10,1.90,1.10,2.10,2026-09-14T01:40:38.734Z
KJ4,KJ9,2.40,2.40,2.20,1.20,2.40,2026-09-14T01:40:38.738Z
KJ4,MR1,5.60,5.60,4.80,2.70,5.60,2026-09-14T01:40:38.882Z
KJ4,MR10,4.80,4.80,4.10,2.20,4.80,2026-09-14T01:40:38.888Z
KJ4,MR11,4.10,4.10,3.50,1.90,4.10,2026-09-14T01:40:38.890Z
KJ4,MR2,5.30,5.30,4.50,2.50,5.30,2026-09-14T01:40:38.892Z
KJ4,MR3,4.30,4.30,3.70,2.00,4.30,2026-09-14T01:40:38.913Z
KJ4,MR4,3.70,3.70,3.20,1.70,3.70,2026-09-14T01:40:38.897Z
KJ4,MR5,4.00,4.00,3.40,1.80,4.00,2026-09-14T01:40:38.908Z
KJ4,MR6,4.30,4.30,3.70,2.00,4.30,2026-09-14T01:40:38.917Z
KJ4,MR7,4.70,4.70,4.00,2.20,4.70,2026-09-14T01:40:39.042Z
KJ4,MR8,5.20,5.20,4.50,2.50,5.20,2026-09-14T01:40:39.056Z
KJ4,MR9,5.40,5.40,4.60,2.60,5.40,2026-09-14T01:40:39.056Z
KJ4,PY01,6.50,6.50,5.60,3.20,6.50,2026-09-14T01:40:39.054Z
KJ4,PY03,7.00,7.00,6.00,3.40,7.00,2026-09-14T01:40:39.057Z
KJ4,PY04,7.10,7.10,6.00,3.40,7.10,2026-09-14T01:40:39.080Z
KJ4,PY05,6.90,6.90,5.80,3.30,6.90,2026-09-14T01:40:39.070Z
KJ4,PY06,7.00,7.00,5.90,3.40,7.00,2026-09-14T01:40:39.081Z
KJ4,PY07,6.70,6.70,5.70,3.20,6.70,2026-09-14T01:40:39.217Z
KJ4,PY08,6.40,6.40,5.40,3.10,6.40,2026-09-14T01:40:39.218Z
KJ4,PY09,6.50,6.50,5.50,3.10,6.50,2026-09-14T01:40:39.222Z
KJ4,PY10,6.20,6.20,5.30,3.00,6.20,2026-09-14T01:40:39.226Z
KJ4,PY11,6.00,6.00,5.10,2.80,6.00,2026-09-14T01:40:39.228Z
KJ4,PY12,5.70,5.70,4.80,2.70,5.70,2026-09-14T01:40:39.248Z
KJ4,PY13,5.40,5.40,4.60,2.50,5.40,2026-09-14T01:40:39.247Z
KJ4,PY14,5.20,5.20,4.40,2.40,5.20,2026-09-14T01:40:39.250Z
KJ4,PY15,4.90,4.90,4.20,2.30,4.90,2026-09-14T01:40:39.413Z
KJ4,PY16,4.50,4.50,3.90,2.10,4.50,2026-09-14T01:40:39.414Z
KJ4,PY17,4.10,4.10,3.50,1.90,4.10,2026-09-14T01:40:39.407Z
KJ4,PY18,4.30,4.30,3.70,2.00,4.30,2026-09-14T01:40:39.411Z
KJ4,PY19,4.70,4.70,4.00,2.20,4.70,2026-09-14T01:40:39.421Z
KJ4,PY20,5.00,5.00,4.30,2.40,5.00,2026-09-14T01:40:39.413Z
KJ4,PY21,4.90,4.90,4.20,2.40,4.90,2026-09-14T01:40:39.411Z
KJ4,PY22,4.70,4.70,4.00,2.30,4.70,2026-09-14T01:40:39.424Z
KJ4,PY23,4.30,4.30,3.70,2.00,4.30,2026-09-14T01:40:39.583Z
KJ4,PY24,4.30,4.30,3.70,2.00,4.30,2026-09-14T01:40:39.581Z
KJ4,PY27,5.70,5.70,4.90,2.70,5.70,2026-09-14T01:40:39.586Z
KJ4,PY28,6.10,6.10,5.20,2.90,6.10,2026-09-14T01:40:39.580Z
KJ4,PY29,5.70,5.70,4.90,2.80,5.70,2026-09-14T01:40:39.588Z
KJ4,PY31,6.50,6.50,5.50,3.20,6.50,2026-09-14T01:40:39.591Z
KJ4,PY32,6.80,6.80,5.80,3.30,6.80,2026-09-14T01:40:39.601Z
KJ4,PY33,7.00,7.00,6.00,3.40,7.00,2026-09-14T01:40:39.604Z
KJ4,PY34,7.10,7.10,6.00,3.40,7.10,2026-09-14T01:40:39.752Z
KJ4,PY36,7.00,7.00,5.90,3.40,7.00,2026-09-14T01:40:39.762Z
KJ4,PY37,7.20,7.20,6.10,3.50,7.20,2026-09-14T01:40:39.766Z
KJ4,PY38,7.20,7.20,6.10,3.60,7.20,2026-09-14T01:40:39.762Z
KJ4,PY39,7.10,7.10,6.00,3.40,7.10,2026-09-14T01:40:39.759Z
KJ4,PY40,7.30,7.30,6.20,3.50,7.30,2026-09-14T01:40:39.762Z
KJ4,PY41,7.40,7.40,6.30,3.50,7.40,2026-09-14T01:40:39.759Z
KJ4,SB1,9.00,9.00,7.70,4.40,9.00,2026-09-14T01:40:39.757Z
KJ4,SB2,8.40,8.40,7.10,4.10,8.40,2026-09-14T01:40:39.931Z
KJ4,SB3,7.70,7.70,6.60,3.80,7.70,2026-09-14T01:40:39.925Z
KJ4,SB4,7.00,7.00,6.00,3.40,7.00,2026-09-14T01:40:39.925Z
KJ4,SB5,6.30,6.30,5.40,3.10,6.30,2026-09-14T01:40:39.924Z
KJ4,SB6,5.40,5.40,4.70,2.60,5.40,2026-09-14T01:40:39.928Z
KJ4,SB7,4.60,4.60,4.00,2.20,4.60,2026-09-14T01:40:39.925Z
KJ4,SP1,4.40,4.40,3.80,2.10,4.40,2026-09-14T01:40:39.927Z
KJ4,SP10,4.00,4.00,3.40,1.90,4.00,2026-09-14T01:40:39.925Z
KJ4,SP11,4.30,4.30,3.70,2.00,4.30,2026-09-14T01:40:40.097Z
KJ4,SP12,4.60,4.60,4.00,2.20,4.60,2026-09-14T01:40:40.100Z
KJ4,SP13,5.00,5.00,4.30,2.40,5.00,2026-09-14T01:40:40.097Z
KJ4,SP14,5.50,5.50,4.70,2.60,5.50,2026-09-14T01:40:40.101Z
KJ4,SP15,5.40,5.40,4.70,2.60,5.40,2026-09-14T01:40:40.101Z
KJ4,SP16,5.70,5.70,4.90,2.80,5.70,2026-09-14T01:40:40.097Z
KJ4,SP17,6.20,6.20,5.30,3.00,6.20,2026-09-14T01:40:40.096Z
KJ4,SP18,5.80,5.80,5.00,2.80,5.80,2026-09-14T01:40:40.102Z
KJ4,SP19,6.20,6.20,5.30,3.00,6.20,2026-09-14T01:40:40.270Z
KJ4,SP2,4.30,4.30,3.70,2.00,4.30,2026-09-14T01:40:40.277Z
KJ4,SP20,6.30,6.30,5.40,3.10,6.30,2026-09-14T01:40:40.256Z
KJ4,SP21,6.60,6.60,5.60,3.20,6.60,2026-09-14T01:40:40.273Z
KJ4,SP22,6.10,6.10,5.20,3.00,6.10,2026-09-14T01:40:40.264Z
KJ4,SP24,6.50,6.50,5.60,3.20,6.50,2026-09-14T01:40:40.274Z
KJ4,SP25,5.90,5.90,5.00,2.80,5.90,2026-09-14T01:40:40.283Z
KJ4,SP26,6.00,6.00,5.10,2.90,6.00,2026-09-14T01:40:40.274Z
KJ4,SP27,6.10,6.10,5.20,2.90,6.10,2026-09-14T01:40:40.440Z
KJ4,SP28,6.20,6.20,5.30,3.00,6.20,2026-09-14T01:40:40.447Z
KJ4,SP29,6.30,6.30,5.40,3.10,6.30,2026-09-14T01:40:40.445Z
KJ4,SP3,4.10,4.10,3.50,1.90,4.10,2026-09-14T01:40:40.451Z
KJ4,SP31,5.50,5.50,4.70,2.70,5.50,2026-09-14T01:40:40.725Z
KJ4,SP4,3.80,3.80,3.30,1.80,3.80,2026-09-14T01:40:40.462Z
KJ4,SP5,3.60,3.60,3.10,1.70,3.60,2026-09-14T01:40:40.462Z
KJ4,SP6,3.40,3.40,3.00,1.60,3.40,2026-09-14T01:40:40.462Z
KJ4,SP7,3.20,3.20,2.80,1.50,3.20,2026-09-14T01:40:40.604Z
KJ4,SP8,3.50,3.50,3.00,1.60,3.50,2026-09-14T01:40:40.866Z
KJ4,SP9,3.70,3.70,3.20,1.70,3.70,2026-09-14T01:40:40.624Z
KJ5,KJ6,1.10,1.10,1.00,0.50,1.10,2026-09-14T01:40:40.620Z
KJ5,KJ7,1.30,1.30,1.20,0.60,1.30,2026-09-14T01:40:40.620Z
KJ5,KJ8,1.50,1.50,1.40,0.80,1.50,2026-09-14T01:40:40.631Z
KJ5,KJ9,1.80,1.80,1.70,0.90,1.80,2026-09-14T01:40:40.634Z
KJ5,MR1,5.40,5.40,4.60,2.60,5.40,2026-09-14T01:40:40.792Z
KJ5,MR10,4.60,4.60,3.90,2.10,4.60,2026-09-14T01:40:40.783Z
KJ5,MR11,3.90,3.90,3.30,1.80,3.90,2026-09-14T01:40:40.804Z
KJ5,MR2,5.10,5.10,4.30,2.40,5.10,2026-09-14T01:40:40.800Z
KJ5,MR3,4.10,4.10,3.50,1.90,4.10,2026-09-14T01:40:40.804Z
KJ5,MR4,3.50,3.50,3.00,1.60,3.50,2026-09-14T01:40:40.810Z
KJ5,MR5,3.80,3.80,3.20,1.70,3.80,2026-09-14T01:40:40.895Z
KJ5,MR6,4.10,4.10,3.50,1.90,4.10,2026-09-14T01:40:40.937Z
KJ5,MR7,4.50,4.50,3.80,2.10,4.50,2026-09-14T01:40:40.948Z
KJ5,MR8,5.00,5.00,4.30,2.40,5.00,2026-09-14T01:40:40.974Z
KJ5,MR9,5.20,5.20,4.40,2.50,5.20,2026-09-14T01:40:40.976Z
KJ5,PY01,6.40,6.40,5.40,3.10,6.40,2026-09-14T01:40:40.975Z
KJ5,PY03,6.80,6.80,5.80,3.30,6.80,2026-09-14T01:40:40.976Z
KJ5,PY04,6.90,6.90,5.80,3.30,6.90,2026-09-14T01:40:41.020Z
KJ5,PY05,6.70,6.70,5.60,3.20,6.70,2026-09-14T01:40:41.069Z
KJ5,PY06,6.80,6.80,5.70,3.30,6.80,2026-09-14T01:40:41.134Z
KJ5,PY07,6.50,6.50,5.50,3.10,6.50,2026-09-14T01:40:41.120Z
KJ5,PY08,6.20,6.20,5.20,3.00,6.20,2026-09-14T01:40:41.148Z
KJ5,PY09,6.30,6.30,5.30,3.00,6.30,2026-09-14T01:40:41.144Z
KJ5,PY10,6.00,6.00,5.10,2.90,6.00,2026-09-14T01:40:41.145Z
KJ5,PY11,5.80,5.80,4.90,2.70,5.80,2026-09-14T01:40:41.147Z
KJ5,PY12,5.50,5.50,4.60,2.60,5.50,2026-09-14T01:40:41.173Z
KJ5,PY13,5.20,5.20,4.40,2.40,5.20,2026-09-14T01:40:41.228Z
KJ5,PY14,5.00,5.00,4.20,2.30,5.00,2026-09-14T01:40:41.273Z
KJ5,PY15,4.70,4.70,4.00,2.20,4.70,2026-09-14T01:40:41.315Z
KJ5,PY16,4.30,4.30,3.70,2.00,4.30,2026-09-14T01:40:41.315Z
KJ5,PY17,3.90,3.90,3.30,1.80,3.90,2026-09-14T01:40:41.317Z
KJ5,PY18,4.10,4.10,3.50,1.90,4.10,2026-09-14T01:40:41.320Z
KJ5,PY19,4.50,4.50,3.80,2.10,4.50,2026-09-14T01:40:41.316Z
KJ5,PY20,4.80,4.80,4.10,2.30,4.80,2026-09-14T01:40:41.335Z
KJ5,PY21,4.80,4.80,4.10,2.30,4.80,2026-09-14T01:40:41.391Z
KJ5,PY22,4.60,4.60,3.90,2.20,4.60,2026-09-14T01:40:41.443Z
KJ5,PY23,4.10,4.10,3.50,1.90,4.10,2026-09-14T01:40:41.490Z
KJ5,PY24,4.10,4.10,3.50,1.90,4.10,2026-09-14T01:40:41.494Z
KJ5,PY27,5.50,5.50,4.70,2.60,5.50,2026-09-14T01:40:41.493Z
KJ5,PY28,5.90,5.90,5.00,2.80,5.90,2026-09-14T01:40:41.488Z
KJ5,PY29,5.50,5.50,4.70,2.70,5.50,2026-09-14T01:40:41.495Z
KJ5,PY31,6.30,6.30,5.30,3.10,6.30,2026-09-14T01:40:41.499Z
KJ5,PY32,6.60,6.60,5.60,3.20,6.60,2026-09-14T01:40:41.533Z
KJ5,PY33,6.80,6.80,5.80,3.30,6.80,2026-09-14T01:40:41.621Z
KJ5,PY34,6.90,6.90,5.80,3.30,6.90,2026-09-14T01:40:41.657Z
KJ5,PY36,6.80,6.80,5.70,3.30,6.80,2026-09-14T01:40:41.651Z
KJ5,PY37,7.00,7.00,5.90,3.40,7.00,2026-09-14T01:40:41.649Z
KJ5,PY38,7.10,7.10,6.00,3.50,7.10,2026-09-14T01:40:41.662Z
KJ5,PY39,6.90,6.90,5.80,3.30,6.90,2026-09-14T01:40:41.656Z
KJ5,PY40,7.10,7.10,6.00,3.40,7.10,2026-09-14T01:40:41.666Z
KJ5,PY41,7.20,7.20,6.10,3.40,7.20,2026-09-14T01:40:41.719Z
KJ5,SB1,8.70,8.70,7.40,4.30,8.70,2026-09-14T01:40:41.777Z
KJ5,SB2,8.10,8.10,6.80,4.00,8.10,2026-09-14T01:40:41.812Z
KJ5,SB3,7.40,7.40,6.30,3.70,7.40,2026-09-14T01:40:41.805Z
KJ5,SB4,6.70,6.70,5.70,3.30,6.70,2026-09-14T01:40:41.821Z
KJ5,SB5,6.00,6.00,5.10,3.00,6.00,2026-09-14T01:40:41.822Z
KJ5,SB6,5.10,5.10,4.40,2.50,5.10,2026-09-14T01:40:41.821Z
KJ5,SB7,4.30,4.30,3.70,2.10,4.30,2026-09-14T01:40:41.822Z
KJ5,SP1,4.20,4.20,3.60,2.00,4.20,2026-09-14T01:40:41.862Z
KJ5,SP10,3.80,3.80,3.20,1.80,3.80,2026-09-14T01:40:41.957Z
KJ5,SP11,4.10,4.10,3.50,1.90,4.10,2026-09-14T01:40:41.976Z
KJ5,SP12,4.40,4.40,3.80,2.10,4.40,2026-09-14T01:40:41.971Z
KJ5,SP13,4.80,4.80,4.10,2.30,4.80,2026-09-14T01:40:41.980Z
KJ5,SP14,5.30,5.30,4.50,2.50,5.30,2026-09-14T01:40:41.976Z
KJ5,SP15,5.20,5.20,4.50,2.50,5.20,2026-09-14T01:40:41.971Z
KJ5,SP16,5.50,5.50,4.70,2.70,5.50,2026-09-14T01:40:41.971Z
KJ5,SP17,6.00,6.00,5.10,2.90,6.00,2026-09-14T01:40:42.026Z
KJ5,SP18,5.60,5.60,4.80,2.70,5.60,2026-09-14T01:40:42.121Z
KJ5,SP19,6.00,6.00,5.10,2.90,6.00,2026-09-14T01:40:42.139Z
KJ5,SP2,4.10,4.10,3.50,1.90,4.10,2026-09-14T01:40:42.134Z
KJ5,SP20,6.10,6.10,5.20,3.00,6.10,2026-09-14T01:40:42.141Z
KJ5,SP21,6.40,6.40,5.40,3.10,6.40,2026-09-14T01:40:42.135Z
KJ5,SP22,5.90,5.90,5.00,2.90,5.90,2026-09-14T01:40:42.142Z
KJ5,SP24,6.30,6.30,5.40,3.10,6.30,2026-09-14T01:40:42.148Z
KJ5,SP25,5.70,5.70,4.80,2.70,5.70,2026-09-14T01:40:42.172Z
KJ5,SP26,5.80,5.80,4.90,2.80,5.80,2026-09-14T01:40:42.291Z
KJ5,SP27,5.90,5.90,5.00,2.80,5.90,2026-09-14T01:40:42.314Z
KJ5,SP28,6.00,6.00,5.10,2.90,6.00,2026-09-14T01:40:42.305Z
KJ5,SP29,6.00,6.00,5.20,3.00,6.00,2026-09-14T01:40:42.315Z
KJ5,SP3,3.90,3.90,3.30,1.80,3.90,2026-09-14T01:40:42.311Z
KJ5,SP31,5.20,5.20,4.50,2.60,5.20,2026-09-14T01:40:42.314Z
KJ5,SP4,3.60,3.60,3.10,1.70,3.60,2026-09-14T01:40:42.316Z
KJ5,SP5,3.40,3.40,2.90,1.60,3.40,2026-09-14T01:40:42.338Z
KJ5,SP6,3.10,3.10,2.70,1.50,3.10,2026-09-14T01:40:42.465Z
KJ5,SP7,2.90,2.90,2.50,1.40,2.90,2026-09-14T01:40:42.470Z
KJ5,SP8,3.20,3.20,2.70,1.50,3.20,2026-09-14T01:40:42.473Z
KJ5,SP9,3.50,3.50,3.00,1.60,3.50,2026-09-14T01:40:42.469Z
KJ6,KJ7,1.00,1.00,1.00,0.50,1.00,2026-09-14T01:40:42.473Z
KJ6,KJ8,1.20,1.20,1.20,0.60,1.20,2026-09-14T01:40:42.468Z
KJ6,KJ9,1.60,1.60,1.40,0.80,1.60,2026-09-14T01:40:42.473Z
KJ6,MR1,5.10,5.10,4.40,2.50,5.10,2026-09-14T01:40:42.512Z
KJ6,MR10,4.30,4.30,3.70,2.00,4.30,2026-09-14T01:40:42.644Z
KJ6,MR11,3.60,3.60,3.10,1.70,3.60,2026-09-14T01:40:42.645Z
KJ6,MR2,4.80,4.80,4.10,2.30,4.80,2026-09-14T01:40:42.643Z
KJ6,MR3,3.80,3.80,3.30,1.80,3.80,2026-09-14T01:40:42.640Z
KJ6,MR4,3.10,3.10,2.70,1.50,3.10,2026-09-14T01:40:42.643Z
KJ6,MR5,3.50,3.50,3.00,1.60,3.50,2026-09-14T01:40:42.640Z
KJ6,MR6,3.80,3.80,3.30,1.80,3.80,2026-09-14T01:40:42.642Z
KJ6,MR7,4.20,4.20,3.60,2.00,4.20,2026-09-14T01:40:42.687Z
KJ6,MR8,4.70,4.70,4.10,2.30,4.70,2026-09-14T01:40:42.816Z
KJ6,MR9,4.90,4.90,4.20,2.40,4.90,2026-09-14T01:40:42.817Z
KJ6,PY01,6.10,6.10,5.20,3.00,6.10,2026-09-14T01:40:42.812Z
KJ6,PY03,6.50,6.50,5.60,3.20,6.50,2026-09-14T01:40:42.812Z
KJ6,PY04,6.60,6.60,5.60,3.20,6.60,2026-09-14T01:40:42.817Z
KJ6,PY05,6.40,6.40,5.40,3.10,6.40,2026-09-14T01:40:42.816Z
KJ6,PY06,6.50,6.50,5.50,3.20,6.50,2026-09-14T01:40:42.816Z
KJ6,PY07,6.20,6.20,5.30,3.00,6.20,2026-09-14T01:40:42.862Z
KJ6,PY08,5.90,5.90,5.00,2.90,5.90,2026-09-14T01:40:42.992Z
KJ6,PY09,6.00,6.00,5.10,2.90,6.00,2026-09-14T01:40:42.982Z
KJ6,PY10,5.70,5.70,4.90,2.80,5.70,2026-09-14T01:40:42.985Z
KJ6,PY11,5.50,5.50,4.70,2.60,5.50,2026-09-14T01:40:42.992Z
KJ6,PY12,5.20,5.20,4.40,2.50,5.20,2026-09-14T01:40:42.992Z
KJ6,PY13,4.90,4.90,4.20,2.30,4.90,2026-09-14T01:40:42.986Z
KJ6,PY14,4.70,4.70,4.00,2.20,4.70,2026-09-14T01:40:42.991Z
KJ6,PY15,4.40,4.40,3.80,2.10,4.40,2026-09-14T01:40:43.028Z
KJ6,PY16,4.00,4.00,3.50,1.90,4.00,2026-09-14T01:40:43.182Z
KJ6,PY17,3.60,3.60,3.10,1.70,3.60,2026-09-14T01:40:43.159Z
KJ6,PY18,3.80,3.80,3.30,1.80,3.80,2026-09-14T01:40:43.162Z
KJ6,PY19,4.20,4.20,3.60,2.00,4.20,2026-09-14T01:40:43.159Z
KJ6,PY20,4.50,4.50,3.90,2.20,4.50,2026-09-14T01:40:43.181Z
KJ6,PY21,4.50,4.50,3.90,2.20,4.50,2026-09-14T01:40:43.159Z
KJ6,PY22,4.30,4.30,3.70,2.10,4.30,2026-09-14T01:40:43.160Z
KJ6,PY23,3.80,3.80,3.30,1.80,3.80,2026-09-14T01:40:43.213Z
KJ6,PY24,3.80,3.80,3.30,1.80,3.80,2026-09-14T01:40:43.330Z
KJ6,PY27,5.20,5.20,4.50,2.50,5.20,2026-09-14T01:40:43.332Z
KJ6,PY28,5.60,5.60,4.80,2.70,5.60,2026-09-14T01:40:43.329Z
KJ6,PY29,5.20,5.20,4.50,2.60,5.20,2026-09-14T01:40:43.322Z
KJ6,PY31,6.00,6.00,5.10,3.00,6.00,2026-09-14T01:40:43.324Z
KJ6,PY32,6.30,6.30,5.40,3.10,6.30,2026-09-14T01:40:43.340Z
KJ6,PY33,6.50,6.50,5.60,3.20,6.50,2026-09-14T01:40:43.344Z
KJ6,PY34,6.60,6.60,5.60,3.20,6.60,2026-09-14T01:40:43.366Z
KJ6,PY36,6.50,6.50,5.50,3.20,6.50,2026-09-14T01:40:43.496Z
KJ6,PY37,6.70,6.70,5.70,3.30,6.70,2026-09-14T01:40:43.500Z
KJ6,PY38,6.80,6.80,5.80,3.40,6.80,2026-09-14T01:40:43.493Z
KJ6,PY39,6.60,6.60,5.60,3.20,6.60,2026-09-14T01:40:43.500Z
KJ6,PY40,6.80,6.80,5.80,3.30,6.80,2026-09-14T01:40:43.500Z
KJ6,PY41,6.90,6.90,5.90,3.30,6.90,2026-09-14T01:40:43.501Z
KJ6,SB1,8.60,8.60,7.40,4.30,8.60,2026-09-14T01:40:43.509Z
KJ6,SB2,8.00,8.00,6.80,4.00,8.00,2026-09-14T01:40:43.525Z
KJ6,SB3,7.30,7.30,6.30,3.70,7.30,2026-09-14T01:40:43.671Z
KJ6,SB4,6.60,6.60,5.70,3.30,6.60,2026-09-14T01:40:43.675Z
KJ6,SB5,5.90,5.90,5.10,3.00,5.90,2026-09-14T01:40:43.677Z
KJ6,SB6,5.00,5.00,4.40,2.50,5.00,2026-09-14T01:40:43.896Z
KJ6,SB7,4.20,4.20,3.70,2.10,4.20,2026-09-14T01:40:43.670Z
KJ6,SP1,3.90,3.90,3.40,1.90,3.90,2026-09-14T01:40:43.676Z
KJ6,SP10,3.50,3.50,3.00,1.70,3.50,2026-09-14T01:40:43.683Z
KJ6,SP11,3.80,3.80,3.30,1.80,3.80,2026-09-14T01:40:43.695Z
KJ6,SP12,4.10,4.10,3.60,2.00,4.10,2026-09-14T01:40:43.838Z
KJ6,SP13,4.50,4.50,3.90,2.20,4.50,2026-09-14T01:40:43.858Z
KJ6,SP14,5.00,5.00,4.30,2.40,5.00,2026-09-14T01:40:43.837Z
KJ6,SP15,4.90,4.90,4.30,2.40,4.90,2026-09-14T01:40:43.867Z
KJ6,SP16,5.20,5.20,4.50,2.60,5.20,2026-09-14T01:40:43.864Z
KJ6,SP17,5.70,5.70,4.90,2.80,5.70,2026-09-14T01:40:43.861Z
KJ6,SP18,5.30,5.30,4.60,2.60,5.30,2026-09-14T01:40:43.868Z
KJ6,SP19,5.70,5.70,4.90,2.80,5.70,2026-09-14T01:40:44.005Z
KJ6,SP2,3.80,3.80,3.30,1.80,3.80,2026-09-14T01:40:44.005Z
KJ6,SP20,5.80,5.80,5.00,2.90,5.80,2026-09-14T01:40:44.018Z
KJ6,SP21,6.10,6.10,5.20,3.00,6.10,2026-09-14T01:40:44.025Z
KJ6,SP22,5.60,5.60,4.80,2.80,5.60,2026-09-14T01:40:44.025Z
KJ6,SP24,6.00,6.00,5.20,3.00,6.00,2026-09-14T01:40:44.022Z
KJ6,SP25,5.40,5.40,4.60,2.60,5.40,2026-09-14T01:40:44.038Z
KJ6,SP26,5.50,5.50,4.70,2.70,5.50,2026-09-14T01:40:44.048Z
KJ6,SP27,5.60,5.60,4.80,2.70,5.60,2026-09-14T01:40:44.166Z
KJ6,SP28,5.70,5.70,4.90,2.80,5.70,2026-09-14T01:40:44.182Z
KJ6,SP29,5.90,5.90,5.10,2.90,5.90,2026-09-14T01:40:44.172Z
KJ6,SP3,3.60,3.60,3.10,1.70,3.60,2026-09-14T01:40:44.188Z
KJ6,SP31,5.10,5.10,4.40,2.50,5.10,2026-09-14T01:40:44.190Z
KJ6,SP4,3.20,3.20,2.80,1.60,3.20,2026-09-14T01:40:44.194Z
KJ6,SP5,3.00,3.00,2.60,1.50,3.00,2026-09-14T01:40:44.205Z
KJ6,SP6,2.80,2.80,2.50,1.40,2.80,2026-09-14T01:40:44.202Z
KJ6,SP7,2.60,2.60,2.30,1.30,2.60,2026-09-14T01:40:44.328Z
KJ6,SP8,2.90,2.90,2.50,1.40,2.90,2026-09-14T01:40:44.355Z
KJ6,SP9,3.10,3.10,2.70,1.50,3.10,2026-09-14T01:40:44.348Z
KJ7,KJ8,1.10,1.10,1.00,0.50,1.10,2026-09-14T01:40:44.360Z
KJ7,KJ9,1.40,1.40,1.30,0.70,1.40,2026-09-14T01:40:44.365Z
KJ7,MR1,4.90,4.90,4.30,2.40,4.90,2026-09-14T01:40:44.364Z
KJ7,MR10,4.10,4.10,3.60,1.90,4.10,2026-09-14T01:40:44.362Z
KJ7,MR11,3.40,3.40,3.00,1.60,3.40,2026-09-14T01:40:44.367Z
KJ7,MR2,4.60,4.60,4.00,2.20,4.60,2026-09-14T01:40:44.506Z
KJ7,MR3,3.60,3.60,3.20,1.70,3.60,2026-09-14T01:40:44.515Z
KJ7,MR4,2.90,2.90,2.60,1.40,2.90,2026-09-14T01:40:44.513Z
KJ7,MR5,3.30,3.30,2.90,1.50,3.30,2026-09-14T01:40:44.529Z
KJ7,MR6,3.60,3.60,3.20,1.70,3.60,2026-09-14T01:40:44.533Z
KJ7,MR7,4.00,4.00,3.50,1.90,4.00,2026-09-14T01:40:44.533Z
KJ7,MR8,4.50,4.50,4.00,2.20,4.50,2026-09-14T01:40:44.537Z
KJ7,MR9,4.70,4.70,4.10,2.30,4.70,2026-09-14T01:40:44.536Z
KJ7,PY01,6.00,6.00,5.10,2.90,6.00,2026-09-14T01:40:44.677Z
KJ7,PY03,6.30,6.30,5.50,3.10,6.30,2026-09-14T01:40:44.686Z
KJ7,PY04,6.40,6.40,5.50,3.10,6.40,2026-09-14T01:40:44.695Z
KJ7,PY05,6.20,6.20,5.30,3.00,6.20,2026-09-14T01:40:44.696Z
KJ7,PY06,6.30,6.30,5.40,3.10,6.30,2026-09-14T01:40:44.704Z
KJ7,PY07,6.00,6.00,5.20,2.90,6.00,2026-09-14T01:40:44.708Z
KJ7,PY08,5.70,5.70,4.90,2.80,5.70,2026-09-14T01:40:44.709Z
KJ7,PY09,5.80,5.80,5.00,2.80,5.80,2026-09-14T01:40:44.709Z
KJ7,PY10,5.50,5.50,4.80,2.70,5.50,2026-09-14T01:40:44.847Z
KJ7,PY11,5.30,5.30,4.60,2.50,5.30,2026-09-14T01:40:44.847Z
KJ7,PY12,5.00,5.00,4.30,2.40,5.00,2026-09-14T01:40:44.871Z
KJ7,PY13,4.70,4.70,4.10,2.20,4.70,2026-09-14T01:40:44.868Z
KJ7,PY14,4.50,4.50,3.90,2.10,4.50,2026-09-14T01:40:44.878Z
KJ7,PY15,4.20,4.20,3.70,2.00,4.20,2026-09-14T01:40:44.874Z
KJ7,PY16,3.80,3.80,3.40,1.80,3.80,2026-09-14T01:40:44.874Z
KJ7,PY17,3.40,3.40,3.00,1.60,3.40,2026-09-14T01:40:44.883Z
KJ7,PY18,3.60,3.60,3.20,1.70,3.60,2026-09-14T01:40:45.018Z
KJ7,PY19,4.00,4.00,3.50,1.90,4.00,2026-09-14T01:40:45.022Z
KJ7,PY20,4.30,4.30,3.80,2.10,4.30,2026-09-14T01:40:45.027Z
KJ7,PY21,4.40,4.40,3.70,2.10,4.40,2026-09-14T01:40:45.030Z
KJ7,PY22,4.20,4.20,3.50,2.00,4.20,2026-09-14T01:40:45.050Z
KJ7,PY23,3.60,3.60,3.20,1.70,3.60,2026-09-14T01:40:45.050Z
KJ7,PY24,3.60,3.60,3.20,1.70,3.60,2026-09-14T01:40:45.074Z
KJ7,PY27,5.00,5.00,4.40,2.40,5.00,2026-09-14T01:40:45.050Z
KJ7,PY28,5.40,5.40,4.70,2.60,5.40,2026-09-14T01:40:45.197Z
KJ7,PY29,5.00,5.00,4.40,2.50,5.00,2026-09-14T01:40:45.202Z
KJ7,PY31,5.80,5.80,5.00,2.90,5.80,2026-09-14T01:40:45.191Z
KJ7,PY32,6.10,6.10,5.30,3.00,6.10,2026-09-14T01:40:45.209Z
KJ7,PY33,6.30,6.30,5.50,3.10,6.30,2026-09-14T01:40:45.207Z
KJ7,PY34,6.40,6.40,5.50,3.10,6.40,2026-09-14T01:40:45.209Z
KJ7,PY36,6.30,6.30,5.40,3.10,6.30,2026-09-14T01:40:45.207Z
KJ7,PY37,6.50,6.50,5.60,3.20,6.50,2026-09-14T01:40:45.235Z
KJ7,PY38,6.70,6.70,5.60,3.30,6.70,2026-09-14T01:40:45.345Z
KJ7,PY39,6.40,6.40,5.50,3.10,6.40,2026-09-14T01:40:45.343Z
KJ7,PY40,6.60,6.60,5.70,3.20,6.60,2026-09-14T01:40:45.381Z
KJ7,PY41,6.70,6.70,5.80,3.20,6.70,2026-09-14T01:40:45.372Z
KJ7,SB1,8.50,8.50,7.30,4.20,8.50,2026-09-14T01:40:45.382Z
KJ7,SB2,7.90,7.90,6.70,3.90,7.90,2026-09-14T01:40:45.376Z
KJ7,SB3,7.20,7.20,6.20,3.60,7.20,2026-09-14T01:40:45.382Z
KJ7,SB4,6.50,6.50,5.60,3.20,6.50,2026-09-14T01:40:45.389Z
KJ7,SB5,5.80,5.80,5.00,2.90,5.80,2026-09-14T01:40:45.515Z
KJ7,SB6,4.90,4.90,4.30,2.40,4.90,2026-09-14T01:40:45.512Z
KJ7,SB7,4.10,4.10,3.60,2.00,4.10,2026-09-14T01:40:45.546Z
KJ7,SP1,3.70,3.70,3.30,1.80,3.70,2026-09-14T01:40:45.558Z
KJ7,SP10,3.20,3.20,2.80,1.60,3.20,2026-09-14T01:40:45.552Z
KJ7,SP11,3.60,3.60,3.20,1.70,3.60,2026-09-14T01:40:45.546Z
KJ7,SP12,3.90,3.90,3.50,1.90,3.90,2026-09-14T01:40:45.549Z
KJ7,SP13,4.30,4.30,3.80,2.10,4.30,2026-09-14T01:40:45.557Z
KJ7,SP14,4.80,4.80,4.20,2.30,4.80,2026-09-14T01:40:45.695Z
KJ7,SP15,4.70,4.70,4.20,2.30,4.70,2026-09-14T01:40:45.696Z
KJ7,SP16,5.00,5.00,4.40,2.50,5.00,2026-09-14T01:40:45.718Z
KJ7,SP17,5.50,5.50,4.80,2.70,5.50,2026-09-14T01:40:45.721Z
KJ7,SP18,5.10,5.10,4.50,2.50,5.10,2026-09-14T01:40:45.717Z
KJ7,SP19,5.50,5.50,4.80,2.70,5.50,2026-09-14T01:40:45.719Z
KJ7,SP2,3.60,3.60,3.20,1.70,3.60,2026-09-14T01:40:45.724Z
KJ7,SP20,5.60,5.60,4.90,2.80,5.60,2026-09-14T01:40:45.737Z
KJ7,SP21,5.90,5.90,5.10,2.90,5.90,2026-09-14T01:40:45.856Z
KJ7,SP22,5.40,5.40,4.70,2.70,5.40,2026-09-14T01:40:45.856Z
KJ7,SP24,5.80,5.80,5.10,2.90,5.80,2026-09-14T01:40:45.882Z
KJ7,SP25,5.20,5.20,4.50,2.50,5.20,2026-09-14T01:40:45.888Z
KJ7,SP26,5.30,5.30,4.60,2.60,5.30,2026-09-14T01:40:45.889Z
KJ7,SP27,5.40,5.40,4.70,2.60,5.40,2026-09-14T01:40:45.888Z
KJ7,SP28,5.50,5.50,4.80,2.70,5.50,2026-09-14T01:40:45.888Z
KJ7,SP29,5.70,5.70,5.00,2.80,5.70,2026-09-14T01:40:45.897Z
KJ7,SP3,3.40,3.40,3.00,1.60,3.40,2026-09-14T01:40:46.022Z
KJ7,SP31,5.00,5.00,4.40,2.50,5.00,2026-09-14T01:40:46.026Z
KJ7,SP4,3.00,3.00,2.70,1.50,3.00,2026-09-14T01:40:46.038Z
KJ7,SP5,2.80,2.80,2.50,1.40,2.80,2026-09-14T01:40:46.054Z
KJ7,SP6,2.60,2.60,2.40,1.30,2.60,2026-09-14T01:40:46.058Z
KJ7,SP7,2.40,2.40,2.20,1.20,2.40,2026-09-14T01:40:46.057Z
KJ7,SP8,2.70,2.70,2.40,1.30,2.70,2026-09-14T01:40:46.061Z
KJ7,SP9,2.90,2.90,2.60,1.40,2.90,2026-09-14T01:40:46.058Z
KJ8,KJ9,1.10,1.10,1.10,0.60,1.10,2026-09-14T01:40:46.184Z
KJ8,MR1,4.70,4.70,4.10,2.30,4.70,2026-09-14T01:40:46.188Z
KJ8,MR10,3.90,3.90,3.40,1.80,3.90,2026-09-14T01:40:46.199Z
KJ8,MR11,3.10,3.10,2.70,1.50,3.10,2026-09-14T01:40:46.220Z
KJ8,MR2,4.40,4.40,3.80,2.10,4.40,2026-09-14T01:40:46.220Z
KJ8,MR3,3.40,3.40,3.00,1.60,3.40,2026-09-14T01:40:46.214Z
KJ8,MR4,2.70,2.70,2.40,1.30,2.70,2026-09-14T01:40:46.214Z
KJ8,MR5,3.10,3.10,2.70,1.40,3.10,2026-09-14T01:40:46.235Z
KJ8,MR6,3.40,3.40,3.00,1.60,3.40,2026-09-14T01:40:46.360Z
KJ8,MR7,3.80,3.80,3.30,1.80,3.80,2026-09-14T01:40:46.355Z
KJ8,MR8,4.30,4.30,3.80,2.10,4.30,2026-09-14T01:40:46.380Z
KJ8,MR9,4.50,4.50,3.90,2.20,4.50,2026-09-14T01:40:46.387Z
KJ8,PY01,5.70,5.70,4.90,2.80,5.70,2026-09-14T01:40:46.387Z
KJ8,PY03,6.10,6.10,5.30,3.00,6.10,2026-09-14T01:40:46.390Z
KJ8,PY04,6.20,6.20,5.30,3.00,6.20,2026-09-14T01:40:46.389Z
KJ8,PY05,6.00,6.00,5.10,2.90,6.00,2026-09-14T01:40:46.396Z
KJ8,PY06,6.10,6.10,5.20,3.00,6.10,2026-09-14T01:40:46.529Z
KJ8,PY07,5.80,5.80,5.00,2.80,5.80,2026-09-14T01:40:46.534Z
KJ8,PY08,5.50,5.50,4.70,2.70,5.50,2026-09-14T01:40:46.543Z
KJ8,PY09,5.60,5.60,4.80,2.70,5.60,2026-09-14T01:40:46.559Z
KJ8,PY10,5.30,5.30,4.60,2.60,5.30,2026-09-14T01:40:46.567Z
KJ8,PY11,5.10,5.10,4.40,2.40,5.10,2026-09-14T01:40:46.561Z
KJ8,PY12,4.80,4.80,4.10,2.30,4.80,2026-09-14T01:40:46.557Z
KJ8,PY13,4.50,4.50,3.90,2.10,4.50,2026-09-14T01:40:46.563Z
KJ8,PY14,4.30,4.30,3.70,2.00,4.30,2026-09-14T01:40:46.702Z
KJ8,PY15,4.00,4.00,3.50,1.90,4.00,2026-09-14T01:40:46.722Z
KJ8,PY16,3.60,3.60,3.20,1.70,3.60,2026-09-14T01:40:46.703Z
KJ8,PY17,3.10,3.10,2.70,1.50,3.10,2026-09-14T01:40:46.730Z
KJ8,PY18,3.30,3.30,2.90,1.60,3.30,2026-09-14T01:40:46.757Z
KJ8,PY19,3.80,3.80,3.30,1.80,3.80,2026-09-14T01:40:46.732Z
KJ8,PY20,4.10,4.10,3.60,2.00,4.10,2026-09-14T01:40:46.730Z
KJ8,PY21,4.10,4.10,3.50,2.00,4.10,2026-09-14T01:40:46.731Z
KJ8,PY22,3.90,3.90,3.30,1.90,3.90,2026-09-14T01:40:46.868Z
KJ8,PY23,3.30,3.30,2.90,1.60,3.30,2026-09-14T01:40:46.869Z
KJ8,PY24,3.30,3.30,2.90,1.60,3.30,2026-09-14T01:40:46.887Z
KJ8,PY27,4.80,4.80,4.20,2.30,4.80,2026-09-14T01:40:46.903Z
KJ8,PY28,5.20,5.20,4.50,2.50,5.20,2026-09-14T01:40:46.909Z
KJ8,PY29,4.80,4.80,4.20,2.40,4.80,2026-09-14T01:40:46.906Z
KJ8,PY31,5.60,5.60,4.80,2.80,5.60,2026-09-14T01:40:46.909Z
KJ8,PY32,5.90,5.90,5.10,2.90,5.90,2026-09-14T01:40:46.914Z
KJ8,PY33,6.10,6.10,5.30,3.00,6.10,2026-09-14T01:40:47.039Z
KJ8,PY34,6.20,6.20,5.30,3.00,6.20,2026-09-14T01:40:47.038Z
KJ8,PY36,6.10,6.10,5.20,3.00,6.10,2026-09-14T01:40:47.055Z
KJ8,PY37,6.30,6.30,5.40,3.10,6.30,2026-09-14T01:40:47.071Z
KJ8,PY38,6.40,6.40,5.40,3.20,6.40,2026-09-14T01:40:47.071Z
KJ8,PY39,6.20,6.20,5.30,3.00,6.20,2026-09-14T01:40:47.070Z
KJ8,PY40,6.40,6.40,5.50,3.10,6.40,2026-09-14T01:40:47.069Z
KJ8,PY41,6.50,6.50,5.60,3.10,6.50,2026-09-14T01:40:47.078Z
KJ8,SB1,8.40,8.40,7.20,4.20,8.40,2026-09-14T01:40:47.224Z
KJ8,SB2,7.80,7.80,6.60,3.90,7.80,2026-09-14T01:40:47.225Z
KJ8,SB3,7.10,7.10,6.10,3.60,7.10,2026-09-14T01:40:47.229Z
KJ8,SB4,6.40,6.40,5.50,3.20,6.40,2026-09-14T01:40:47.250Z
KJ8,SB5,5.70,5.70,4.90,2.90,5.70,2026-09-14T01:40:47.261Z
KJ8,SB6,4.80,4.80,4.20,2.40,4.80,2026-09-14T01:40:47.250Z
KJ8,SB7,4.00,4.00,3.50,2.00,4.00,2026-09-14T01:40:47.256Z
KJ8,SP1,3.50,3.50,3.10,1.70,3.50,2026-09-14T01:40:47.267Z
KJ8,SP10,3.00,3.00,2.60,1.50,3.00,2026-09-14T01:40:47.404Z
KJ8,SP11,3.30,3.30,2.90,1.60,3.30,2026-09-14T01:40:47.407Z
KJ8,SP12,3.70,3.70,3.30,1.80,3.70,2026-09-14T01:40:47.406Z
KJ8,SP13,4.10,4.10,3.60,2.00,4.10,2026-09-14T01:40:47.407Z
KJ8,SP14,4.60,4.60,4.00,2.20,4.60,2026-09-14T01:40:47.404Z
KJ8,SP15,4.50,4.50,4.00,2.20,4.50,2026-09-14T01:40:47.433Z
KJ8,SP16,4.80,4.80,4.20,2.40,4.80,2026-09-14T01:40:47.433Z
KJ8,SP17,5.30,5.30,4.60,2.60,5.30,2026-09-14T01:40:47.434Z
KJ8,SP18,4.90,4.90,4.30,2.40,4.90,2026-09-14T01:40:47.567Z
KJ8,SP19,5.30,5.30,4.60,2.60,5.30,2026-09-14T01:40:47.574Z
KJ8,SP2,3.30,3.30,2.90,1.60,3.30,2026-09-14T01:40:47.575Z
KJ8,SP20,5.40,5.40,4.70,2.70,5.40,2026-09-14T01:40:47.567Z
KJ8,SP21,5.70,5.70,4.90,2.80,5.70,2026-09-14T01:40:47.575Z
KJ8,SP22,5.20,5.20,4.50,2.60,5.20,2026-09-14T01:40:47.604Z
KJ8,SP24,5.60,5.60,4.90,2.80,5.60,2026-09-14T01:40:47.604Z
KJ8,SP25,5.00,5.00,4.30,2.40,5.00,2026-09-14T01:40:47.598Z
KJ8,SP26,5.10,5.10,4.40,2.50,5.10,2026-09-14T01:40:47.727Z
KJ8,SP27,5.20,5.20,4.50,2.50,5.20,2026-09-14T01:40:47.727Z
KJ8,SP28,5.30,5.30,4.60,2.60,5.30,2026-09-14T01:40:47.744Z
KJ8,SP29,5.50,5.50,4.80,2.70,5.50,2026-09-14T01:40:47.752Z
KJ8,SP3,3.10,3.10,2.70,1.50,3.10,2026-09-14T01:40:47.756Z
KJ8,SP31,5.00,5.00,4.30,2.40,5.00,2026-09-14T01:40:47.789Z
KJ8,SP4,2.80,2.80,2.50,1.40,2.80,2026-09-14T01:40:47.793Z
KJ8,SP5,2.60,2.60,2.30,1.30,2.60,2026-09-14T01:40:47.773Z
KJ8,SP6,2.40,2.40,2.20,1.20,2.40,2026-09-14T01:40:47.927Z
KJ8,SP7,2.20,2.20,2.00,1.10,2.20,2026-09-14T01:40:47.902Z
KJ8,SP8,2.50,2.50,2.20,1.20,2.50,2026-09-14T01:40:47.912Z
KJ8,SP9,2.70,2.70,2.40,1.30,2.70,2026-09-14T01:40:47.927Z
KJ9,MR1,4.40,4.40,3.90,2.20,4.40,2026-09-14T01:40:47.946Z
KJ9,MR10,3.60,3.60,3.20,1.70,3.60,2026-09-14T01:40:48.044Z
KJ9,MR11,2.80,2.80,2.50,1.40,2.80,2026-09-14T01:40:47.944Z
KJ9,MR2,4.10,4.10,3.60,2.00,4.10,2026-09-14T01:40:47.946Z
KJ9,MR3,3.10,3.10,2.80,1.50,3.10,2026-09-14T01:40:48.075Z
KJ9,MR4,2.40,2.40,2.20,1.20,2.40,2026-09-14T01:40:48.085Z
KJ9,MR5,2.80,2.80,2.50,1.30,2.80,2026-09-14T01:40:48.088Z
KJ9,MR6,3.10,3.10,2.80,1.50,3.10,2026-09-14T01:40:48.084Z
KJ9,MR7,3.50,3.50,3.10,1.70,3.50,2026-09-14T01:40:48.097Z
KJ9,MR8,4.00,4.00,3.60,2.00,4.00,2026-09-14T01:40:48.116Z
KJ9,MR9,4.20,4.20,3.70,2.10,4.20,2026-09-14T01:40:48.118Z
KJ9,PY01,5.40,5.40,4.70,2.60,5.40,2026-09-14T01:40:48.211Z
KJ9,PY03,5.80,5.80,5.10,2.90,5.80,2026-09-14T01:40:48.239Z
KJ9,PY04,5.90,5.90,5.10,2.90,5.90,2026-09-14T01:40:48.239Z
KJ9,PY05,5.70,5.70,4.90,2.80,5.70,2026-09-14T01:40:48.240Z
KJ9,PY06,5.80,5.80,5.00,2.90,5.80,2026-09-14T01:40:48.253Z
KJ9,PY07,5.50,5.50,4.80,2.70,5.50,2026-09-14T01:40:48.256Z
KJ9,PY08,5.20,5.20,4.50,2.60,5.20,2026-09-14T01:40:48.289Z
KJ9,PY09,5.30,5.30,4.60,2.60,5.30,2026-09-14T01:40:48.287Z
KJ9,PY10,5.00,5.00,4.40,2.50,5.00,2026-09-14T01:40:48.378Z
KJ9,PY11,4.80,4.80,4.20,2.30,4.80,2026-09-14T01:40:48.409Z
KJ9,PY12,4.50,4.50,3.90,2.20,4.50,2026-09-14T01:40:48.408Z
KJ9,PY13,4.20,4.20,3.70,2.00,4.20,2026-09-14T01:40:48.413Z
KJ9,PY14,4.00,4.00,3.50,1.90,4.00,2026-09-14T01:40:48.424Z
KJ9,PY15,3.70,3.70,3.30,1.80,3.70,2026-09-14T01:40:48.430Z
KJ9,PY16,3.20,3.20,2.90,1.60,3.20,2026-09-14T01:40:48.455Z
KJ9,PY17,2.80,2.80,2.50,1.40,2.80,2026-09-14T01:40:48.454Z
KJ9,PY18,3.00,3.00,2.70,1.50,3.00,2026-09-14T01:40:48.551Z
KJ9,PY19,3.50,3.50,3.10,1.70,3.50,2026-09-14T01:40:48.586Z
KJ9,PY20,3.80,3.80,3.40,1.90,3.80,2026-09-14T01:40:48.581Z
KJ9,PY21,3.80,3.80,3.30,1.80,3.80,2026-09-14T01:40:48.582Z
KJ9,PY22,3.60,3.60,3.10,1.70,3.60,2026-09-14T01:40:48.592Z
KJ9,PY23,3.00,3.00,2.70,1.50,3.00,2026-09-14T01:40:48.698Z
KJ9,PY24,3.00,3.00,2.70,1.50,3.00,2026-09-14T01:40:48.612Z
KJ9,PY27,4.50,4.50,4.00,2.20,4.50,2026-09-14T01:40:48.629Z
KJ9,PY28,4.90,4.90,4.30,2.40,4.90,2026-09-14T01:40:48.748Z
KJ9,PY29,4.50,4.50,4.00,2.30,4.50,2026-09-14T01:40:48.752Z
KJ9,PY31,5.30,5.30,4.60,2.70,5.30,2026-09-14T01:40:48.749Z
KJ9,PY32,5.60,5.60,4.90,2.80,5.60,2026-09-14T01:40:48.749Z
KJ9,PY33,5.80,5.80,5.10,2.90,5.80,2026-09-14T01:40:48.755Z
KJ9,PY34,5.90,5.90,5.10,2.90,5.90,2026-09-14T01:40:48.791Z
KJ9,PY36,5.80,5.80,5.00,2.90,5.80,2026-09-14T01:40:48.801Z
KJ9,PY37,6.00,6.00,5.20,3.00,6.00,2026-09-14T01:40:48.864Z
KJ9,PY38,6.10,6.10,5.20,3.00,6.10,2026-09-14T01:40:48.912Z
KJ9,PY39,5.90,5.90,5.10,2.90,5.90,2026-09-14T01:40:48.914Z
KJ9,PY40,6.10,6.10,5.30,3.00,6.10,2026-09-14T01:40:48.913Z
KJ9,PY41,6.20,6.20,5.40,3.00,6.20,2026-09-14T01:40:48.916Z
KJ9,SB1,8.30,8.30,7.10,4.10,8.30,2026-09-14T01:40:48.932Z
KJ9,SB2,7.70,7.70,6.50,3.80,7.70,2026-09-14T01:40:48.961Z
KJ9,SB3,7.00,7.00,6.00,3.50,7.00,2026-09-14T01:40:48.957Z
KJ9,SB4,6.30,6.30,5.40,3.10,6.30,2026-09-14T01:40:49.026Z
KJ9,SB5,5.60,5.60,4.80,2.80,5.60,2026-09-14T01:40:49.072Z
KJ9,SB6,4.70,4.70,4.10,2.30,4.70,2026-09-14T01:40:49.069Z
KJ9,SB7,3.90,3.90,3.40,1.90,3.90,2026-09-14T01:40:49.066Z
KJ9,SP1,3.10,3.10,2.80,1.60,3.10,2026-09-14T01:40:49.071Z
KJ9,SP10,2.70,2.70,2.40,1.40,2.70,2026-09-14T01:40:49.110Z
KJ9,SP11,3.00,3.00,2.70,1.50,3.00,2026-09-14T01:40:49.130Z
KJ9,SP12,3.40,3.40,3.10,1.70,3.40,2026-09-14T01:40:49.110Z
KJ9,SP13,3.80,3.80,3.40,1.90,3.80,2026-09-14T01:40:49.184Z
KJ9,SP14,4.30,4.30,3.80,2.10,4.30,2026-09-14T01:40:49.220Z
KJ9,SP15,4.20,4.20,3.80,2.10,4.20,2026-09-14T01:40:49.229Z
KJ9,SP16,4.50,4.50,4.00,2.30,4.50,2026-09-14T01:40:49.220Z
KJ9,SP17,5.00,5.00,4.40,2.50,5.00,2026-09-14T01:40:49.228Z
KJ9,SP18,4.60,4.60,4.10,2.30,4.60,2026-09-14T01:40:49.267Z
KJ9,SP19,5.00,5.00,4.40,2.50,5.00,2026-09-14T01:40:49.319Z
KJ9,SP2,3.00,3.00,2.70,1.50,3.00,2026-09-14T01:40:49.301Z
KJ9,SP20,5.10,5.10,4.50,2.60,5.10,2026-09-14T01:40:49.349Z
KJ9,SP21,5.40,5.40,4.70,2.70,5.40,2026-09-14T01:40:49.392Z
KJ9,SP22,4.90,4.90,4.30,2.50,4.90,2026-09-14T01:40:49.393Z
KJ9,SP24,5.30,5.30,4.70,2.70,5.30,2026-09-14T01:40:49.391Z
KJ9,SP25,4.70,4.70,4.10,2.30,4.70,2026-09-14T01:40:49.394Z
KJ9,SP26,4.80,4.80,4.20,2.40,4.80,2026-09-14T01:40:49.441Z
KJ9,SP27,4.90,4.90,4.30,2.40,4.90,2026-09-14T01:40:49.471Z
KJ9,SP28,5.00,5.00,4.40,2.50,5.00,2026-09-14T01:40:49.477Z
KJ9,SP29,5.20,5.20,4.60,2.60,5.20,2026-09-14T01:40:49.519Z
KJ9,SP3,2.80,2.80,2.50,1.40,2.80,2026-09-14T01:40:49.569Z
KJ9,SP31,4.80,4.80,4.20,2.40,4.80,2026-09-14T01:40:49.561Z
KJ9,SP4,2.50,2.50,2.30,1.30,2.50,2026-09-14T01:40:49.560Z
KJ9,SP5,2.30,2.30,2.10,1.20,2.30,2026-09-14T01:40:49.563Z
KJ9,SP6,2.10,2.10,2.00,1.10,2.10,2026-09-14T01:40:49.875Z
KJ9,SP7,1.90,1.90,1.80,1.00,1.90,2026-09-14T01:40:49.654Z
KJ9,SP8,2.20,2.20,2.00,1.10,2.20,2026-09-14T01:40:49.637Z
KJ9,SP9,2.40,2.40,2.20,1.20,2.40,2026-09-14T01:40:49.679Z
MR1,MR10,3.70,3.70,3.20,1.80,3.70,2026-09-14T01:40:49.721Z
MR1,MR11,4.00,4.00,3.50,2.00,4.00,2026-09-14T01:40:49.727Z
MR1,MR2,1.30,1.30,1.20,0.60,1.30,2026-09-14T01:40:49.725Z
MR1,MR3,2.20,2.20,2.00,1.00,2.20,2026-09-14T01:40:49.727Z
MR1,MR4,2.80,2.80,2.50,1.40,2.80,2026-09-14T01:40:49.810Z
MR1,MR5,3.10,3.10,2.70,1.50,3.10,2026-09-14T01:40:49.825Z
MR1,MR6,2.50,2.50,2.20,1.20,2.50,2026-09-14T01:40:49.838Z
MR1,MR7,2.70,2.70,2.40,1.30,2.70,2026-09-14T01:40:49.871Z
MR1,MR8,3.10,3.10,2.70,1.50,3.10,2026-09-14T01:40:49.870Z
MR1,MR9,3.40,3.40,3.00,1.60,3.40,2026-09-14T01:40:49.884Z
MR1,PY01,6.20,6.20,5.30,3.10,6.20,2026-09-14T01:40:49.907Z
MR1,PY03,6.10,6.10,5.30,3.10,6.10,2026-09-14T01:40:49.986Z
MR1,PY04,6.80,6.80,5.90,3.40,6.80,2026-09-14T01:40:49.994Z
MR1,PY05,6.60,6.60,5.70,3.30,6.60,2026-09-14T01:40:49.994Z
MR1,PY06,6.40,6.40,5.50,3.20,6.40,2026-09-14T01:40:50.036Z
MR1,PY07,6.10,6.10,5.30,3.10,6.10,2026-09-14T01:40:50.024Z
MR1,PY08,6.30,6.30,5.40,3.20,6.30,2026-09-14T01:40:50.044Z
MR1,PY09,6.30,6.30,5.40,3.10,6.30,2026-09-14T01:40:50.024Z
MR1,PY10,6.10,6.10,5.30,3.10,6.10,2026-09-14T01:40:50.073Z
MR1,PY11,5.90,5.90,5.10,2.90,5.90,2026-09-14T01:40:50.152Z
MR1,PY12,5.60,5.60,4.80,2.80,5.60,2026-09-14T01:40:50.168Z
MR1,PY13,5.30,5.30,4.60,2.60,5.30,2026-09-14T01:40:50.171Z
MR1,PY14,5.10,5.10,4.40,2.50,5.10,2026-09-14T01:40:50.197Z
MR1,PY15,4.80,4.80,4.20,2.40,4.80,2026-09-14T01:40:50.202Z
MR1,PY16,4.40,4.40,3.90,2.20,4.40,2026-09-14T01:40:50.410Z
MR1,PY17,4.00,4.00,3.50,2.00,4.00,2026-09-14T01:40:50.209Z
MR1,PY18,4.20,4.20,3.70,2.10,4.20,2026-09-14T01:40:50.241Z
MR1,PY19,4.60,4.60,4.00,2.30,4.60,2026-09-14T01:40:50.323Z
MR1,PY20,4.40,4.40,3.90,2.20,4.40,2026-09-14T01:40:50.338Z
MR1,PY21,4.30,4.30,3.80,2.10,4.30,2026-09-14T01:40:50.343Z
MR1,PY22,4.10,4.10,3.60,2.00,4.10,2026-09-14T01:40:50.372Z
MR1,PY23,3.80,3.80,3.40,1.90,3.80,2026-09-14T01:40:50.369Z
MR1,PY24,3.40,3.40,3.00,1.70,3.40,2026-09-14T01:40:50.371Z
MR1,PY27,4.80,4.80,4.20,2.40,4.80,2026-09-14T01:40:50.393Z
MR1,PY28,5.20,5.20,4.50,2.60,5.20,2026-09-14T01:40:50.498Z
MR1,PY29,5.00,5.00,4.30,2.50,5.00,2026-09-14T01:40:50.510Z
MR1,PY31,5.80,5.80,4.90,2.90,5.80,2026-09-14T01:40:50.510Z
MR1,PY32,6.10,6.10,5.20,3.00,6.10,2026-09-14T01:40:50.540Z
MR1,PY33,6.30,6.30,5.40,3.10,6.30,2026-09-14T01:40:50.540Z
MR1,PY34,6.20,6.20,5.30,3.10,6.20,2026-09-14T01:40:50.559Z
MR1,PY36,6.30,6.30,5.40,3.10,6.30,2026-09-14T01:40:50.539Z
MR1,PY37,6.50,6.50,5.60,3.30,6.50,2026-09-14T01:40:50.549Z
MR1,PY38,6.60,6.60,5.70,3.30,6.60,2026-09-14T01:40:50.664Z
MR1,PY39,6.20,6.20,5.30,3.10,6.20,2026-09-14T01:40:50.684Z
MR1,PY40,6.40,6.40,5.50,3.20,6.40,2026-09-14T01:40:50.679Z
MR1,PY41,6.50,6.50,5.60,3.20,6.50,2026-09-14T01:40:50.707Z
MR1,SB1,11.10,11.10,9.40,5.50,11.10,2026-09-14T01:40:50.705Z
MR1,SB2,10.50,10.50,8.80,5.20,10.50,2026-09-14T01:40:50.715Z
MR1,SB3,9.80,9.80,8.30,4.90,9.80,2026-09-14T01:40:50.713Z
MR1,SB4,9.10,9.10,7.70,4.50,9.10,2026-09-14T01:40:50.716Z
MR1,SB5,8.40,8.40,7.10,4.20,8.40,2026-09-14T01:40:50.840Z
MR1,SB6,7.50,7.50,6.40,3.70,7.50,2026-09-14T01:40:50.864Z
MR1,SB7,6.50,6.50,5.60,3.20,6.50,2026-09-14T01:40:50.850Z
MR1,SP1,4.40,4.40,3.80,2.20,4.40,2026-09-14T01:40:50.855Z
MR1,SP10,3.10,3.10,2.70,1.50,3.10,2026-09-14T01:40:50.851Z
MR1,SP11,3.40,3.40,3.00,1.70,3.40,2026-09-14T01:40:50.892Z
MR1,SP12,3.90,3.90,3.50,2.00,3.90,2026-09-14T01:40:50.869Z
MR1,SP13,4.20,4.20,3.70,2.10,4.20,2026-09-14T01:40:50.885Z
MR1,SP14,4.70,4.70,4.00,2.30,4.70,2026-09-14T01:40:51.014Z
MR1,SP15,5.10,5.10,4.40,2.60,5.10,2026-09-14T01:40:51.026Z
MR1,SP16,5.00,5.00,4.30,2.50,5.00,2026-09-14T01:40:51.022Z
MR1,SP17,5.50,5.50,4.70,2.70,5.50,2026-09-14T01:40:51.019Z
MR1,SP18,5.60,5.60,4.90,2.80,5.60,2026-09-14T01:40:51.024Z
MR1,SP19,5.50,5.50,4.70,2.70,5.50,2026-09-14T01:40:51.035Z
MR1,SP2,4.10,4.10,3.60,2.10,4.10,2026-09-14T01:40:51.037Z
MR1,SP20,5.70,5.70,4.90,2.80,5.70,2026-09-14T01:40:51.053Z
MR1,SP21,5.90,5.90,5.10,2.90,5.90,2026-09-14T01:40:51.188Z
MR1,SP22,6.10,6.10,5.30,3.10,6.10,2026-09-14T01:40:51.183Z
MR1,SP24,5.90,5.90,5.10,2.90,5.90,2026-09-14T01:40:51.192Z
MR1,SP25,6.10,6.10,5.30,3.10,6.10,2026-09-14T01:40:51.196Z
MR1,SP26,5.40,5.40,4.70,2.70,5.40,2026-09-14T01:40:51.194Z
MR1,SP27,5.50,5.50,4.80,2.80,5.50,2026-09-14T01:40:51.212Z
MR1,SP28,5.70,5.70,4.90,2.80,5.70,2026-09-14T01:40:51.196Z
MR1,SP29,5.90,5.90,5.00,2.90,5.90,2026-09-14T01:40:51.221Z
MR1,SP3,4.00,4.00,3.50,2.00,4.00,2026-09-14T01:40:51.351Z
MR1,SP31,6.10,6.10,5.30,3.10,6.10,2026-09-14T01:40:51.353Z
MR1,SP4,3.90,3.90,3.40,1.90,3.90,2026-09-14T01:40:51.349Z
MR1,SP5,3.70,3.70,3.20,1.80,3.70,2026-09-14T01:40:51.374Z
MR1,SP6,3.50,3.50,3.10,1.70,3.50,2026-09-14T01:40:51.364Z
MR1,SP7,3.30,3.30,2.90,1.60,3.30,2026-09-14T01:40:51.389Z
MR1,SP8,3.00,3.00,2.70,1.50,3.00,2026-09-14T01:40:51.384Z
MR1,SP9,2.80,2.80,2.50,1.40,2.80,2026-09-14T01:40:51.386Z
MR10,MR11,1.60,1.60,1.50,0.70,1.60,2026-09-14T01:40:51.512Z
MR10,MR2,3.50,3.50,3.00,1.70,3.50,2026-09-14T01:40:51.514Z
MR10,MR3,2.90,2.90,2.60,1.40,2.90,2026-09-14T01:40:51.515Z
MR10,MR4,2.50,2.50,2.20,1.20,2.50,2026-09-14T01:40:51.526Z
MR10,MR5,3.10,3.10,2.80,1.50,3.10,2026-09-14T01:40:51.539Z
MR10,MR6,2.80,2.80,2.50,1.30,2.80,2026-09-14T01:40:51.555Z
MR10,MR7,2.40,2.40,2.20,1.20,2.40,2026-09-14T01:40:51.557Z
MR10,MR8,1.90,1.90,1.70,0.90,1.90,2026-09-14T01:40:51.554Z
MR10,MR9,1.60,1.60,1.50,0.70,1.60,2026-09-14T01:40:51.681Z
MR10,PY01,4.60,4.60,4.00,2.20,4.60,2026-09-14T01:40:51.684Z
MR10,PY03,4.90,4.90,4.20,2.30,4.90,2026-09-14T01:40:51.678Z
MR10,PY04,4.60,4.60,4.00,2.20,4.60,2026-09-14T01:40:51.692Z
MR10,PY05,4.40,4.40,3.80,2.10,4.40,2026-09-14T01:40:51.715Z
MR10,PY06,4.50,4.50,3.90,2.20,4.50,2026-09-14T01:40:51.736Z
MR10,PY07,4.20,4.20,3.70,2.00,4.20,2026-09-14T01:40:51.726Z
MR10,PY08,3.90,3.90,3.40,1.90,3.90,2026-09-14T01:40:51.725Z
MR10,PY09,4.00,4.00,3.50,1.90,4.00,2026-09-14T01:40:51.854Z
MR10,PY10,3.70,3.70,3.30,1.80,3.70,2026-09-14T01:40:51.861Z
MR10,PY11,3.50,3.50,3.10,1.60,3.50,2026-09-14T01:40:51.860Z
MR10,PY12,3.20,3.20,2.80,1.50,3.20,2026-09-14T01:40:51.883Z
MR10,PY13,2.90,2.90,2.60,1.30,2.90,2026-09-14T01:40:51.886Z
MR10,PY14,2.70,2.70,2.40,1.20,2.70,2026-09-14T01:40:51.903Z
MR10,PY15,2.40,2.40,2.20,1.10,2.40,2026-09-14T01:40:51.885Z
MR10,PY16,2.00,2.00,1.90,0.90,2.00,2026-09-14T01:40:51.916Z
MR10,PY17,1.60,1.60,1.50,0.70,1.60,2026-09-14T01:40:52.025Z
MR10,PY18,1.80,1.80,1.70,0.80,1.80,2026-09-14T01:40:52.027Z
MR10,PY19,2.20,2.20,2.00,1.00,2.20,2026-09-14T01:40:52.021Z
MR10,PY20,2.50,2.50,2.30,1.20,2.50,2026-09-14T01:40:52.058Z
MR10,PY21,2.70,2.70,2.40,1.30,2.70,2026-09-14T01:40:52.058Z
MR10,PY22,2.80,2.80,2.50,1.30,2.80,2026-09-14T01:40:52.050Z
MR10,PY23,3.00,3.00,2.70,1.40,3.00,2026-09-14T01:40:52.061Z
MR10,PY24,3.10,3.10,2.70,1.50,3.10,2026-09-14T01:40:52.071Z
MR10,PY27,4.30,4.30,3.70,2.00,4.30,2026-09-14T01:40:52.191Z
MR10,PY28,4.60,4.60,4.00,2.20,4.60,2026-09-14T01:40:52.192Z
MR10,PY29,4.20,4.20,3.70,2.00,4.20,2026-09-14T01:40:52.191Z
MR10,PY31,4.90,4.90,4.30,2.40,4.90,2026-09-14T01:40:52.218Z
MR10,PY32,4.50,4.50,3.90,2.10,4.50,2026-09-14T01:40:52.224Z
MR10,PY33,4.60,4.60,4.00,2.20,4.60,2026-09-14T01:40:52.220Z
MR10,PY34,4.80,4.80,4.20,2.30,4.80,2026-09-14T01:40:52.221Z
MR10,PY36,4.50,4.50,3.90,2.20,4.50,2026-09-14T01:40:52.232Z
MR10,PY37,4.70,4.70,4.10,2.30,4.70,2026-09-14T01:40:52.354Z
MR10,PY38,5.00,5.00,4.30,2.40,5.00,2026-09-14T01:40:52.350Z
MR10,PY39,5.20,5.20,4.50,2.50,5.20,2026-09-14T01:40:52.371Z
MR10,PY40,5.30,5.30,4.60,2.60,5.30,2026-09-14T01:40:52.386Z
MR10,PY41,5.40,5.40,4.70,2.60,5.40,2026-09-14T01:40:52.412Z
MR10,SB1,10.30,10.30,8.70,5.00,10.30,2026-09-14T01:40:52.414Z
MR10,SB2,9.70,9.70,8.10,4.70,9.70,2026-09-14T01:40:52.409Z
MR10,SB3,9.00,9.00,7.60,4.40,9.00,2026-09-14T01:40:52.412Z
MR10,SB4,8.30,8.30,7.00,4.00,8.30,2026-09-14T01:40:52.524Z
MR10,SB5,7.60,7.60,6.40,3.70,7.60,2026-09-14T01:40:52.539Z
MR10,SB6,6.70,6.70,5.70,3.20,6.70,2026-09-14T01:40:52.535Z
MR10,SB7,5.90,5.90,5.00,2.80,5.90,2026-09-14T01:40:52.534Z
MR10,SP1,2.10,2.10,1.90,0.90,2.10,2026-09-14T01:40:52.566Z
MR10,SP10,2.80,2.80,2.40,1.30,2.80,2026-09-14T01:40:52.605Z
MR10,SP11,3.10,3.10,2.70,1.50,3.10,2026-09-14T01:40:52.569Z
MR10,SP12,3.60,3.60,3.20,1.80,3.60,2026-09-14T01:40:52.571Z
MR10,SP13,3.70,3.70,3.30,1.80,3.70,2026-09-14T01:40:52.695Z
MR10,SP14,4.10,4.10,3.60,1.90,4.10,2026-09-14T01:40:52.710Z
MR10,SP15,4.50,4.50,3.90,2.10,4.50,2026-09-14T01:40:52.704Z
MR10,SP16,4.20,4.20,3.70,2.00,4.20,2026-09-14T01:40:52.698Z
MR10,SP17,4.60,4.60,4.00,2.20,4.60,2026-09-14T01:40:52.746Z
MR10,SP18,4.80,4.80,4.10,2.30,4.80,2026-09-14T01:40:52.734Z
MR10,SP19,4.40,4.40,3.80,2.10,4.40,2026-09-14T01:40:52.745Z
MR10,SP2,1.80,1.80,1.70,0.80,1.80,2026-09-14T01:40:52.788Z
MR10,SP20,4.50,4.50,3.90,2.20,4.50,2026-09-14T01:40:52.858Z
MR10,SP21,4.70,4.70,4.10,2.30,4.70,2026-09-14T01:40:52.846Z
MR10,SP22,4.90,4.90,4.30,2.40,4.90,2026-09-14T01:40:52.905Z
MR10,SP24,4.40,4.40,3.80,2.10,4.40,2026-09-14T01:40:52.894Z
MR10,SP25,4.60,4.60,4.00,2.20,4.60,2026-09-14T01:40:52.896Z
MR10,SP26,4.70,4.70,4.10,2.30,4.70,2026-09-14T01:40:52.926Z
MR10,SP27,4.80,4.80,4.20,2.30,4.80,2026-09-14T01:40:52.908Z
MR10,SP28,5.00,5.00,4.30,2.40,5.00,2026-09-14T01:40:52.948Z
MR10,SP29,5.10,5.10,4.40,2.50,5.10,2026-09-14T01:40:52.999Z
MR10,SP3,1.60,1.60,1.50,0.70,1.60,2026-09-14T01:40:53.037Z
MR10,SP31,5.40,5.40,4.70,2.60,5.40,2026-09-14T01:40:53.058Z
MR10,SP4,1.90,1.90,1.70,0.80,1.90,2026-09-14T01:40:53.056Z
MR10,SP5,2.10,2.10,1.90,0.90,2.10,2026-09-14T01:40:53.075Z
MR10,SP6,2.30,2.30,2.10,1.00,2.30,2026-09-14T01:40:53.088Z
MR10,SP7,2.50,2.50,2.20,1.10,2.50,2026-09-14T01:40:53.116Z
MR10,SP8,2.70,2.70,2.40,1.30,2.70,2026-09-14T01:40:53.105Z
MR10,SP9,2.50,2.50,2.20,1.20,2.50,2026-09-14T01:40:53.161Z
MR11,MR2,3.70,3.70,3.20,1.80,3.70,2026-09-14T01:40:53.201Z
MR11,MR3,2.70,2.70,2.40,1.30,2.70,2026-09-14T01:40:53.213Z
MR11,MR4,2.00,2.00,1.80,1.00,2.00,2026-09-14T01:40:53.213Z
MR11,MR5,2.40,2.40,2.10,1.10,2.40,2026-09-14T01:40:53.247Z
MR11,MR6,2.50,2.50,2.20,1.20,2.50,2026-09-14T01:40:53.252Z
MR11,MR7,3.10,3.10,2.70,1.50,3.10,2026-09-14T01:40:53.276Z
MR11,MR8,2.50,2.50,2.30,1.20,2.50,2026-09-14T01:40:53.285Z
MR11,MR9,2.20,2.20,2.00,1.10,2.20,2026-09-14T01:40:53.316Z
MR11,PY01,3.90,3.90,3.40,1.90,3.90,2026-09-14T01:40:53.374Z
MR11,PY03,4.20,4.20,3.60,2.00,4.20,2026-09-14T01:40:53.376Z
MR11,PY04,3.90,3.90,3.40,1.90,3.90,2026-09-14T01:40:53.374Z
MR11,PY05,3.70,3.70,3.20,1.80,3.70,2026-09-14T01:40:53.420Z
MR11,PY06,3.80,3.80,3.30,1.90,3.80,2026-09-14T01:40:53.421Z
MR11,PY07,3.50,3.50,3.10,1.70,3.50,2026-09-14T01:40:53.432Z
MR11,PY08,3.20,3.20,2.80,1.60,3.20,2026-09-14T01:40:53.452Z
MR11,PY09,3.20,3.20,2.80,1.60,3.20,2026-09-14T01:40:53.467Z
MR11,PY10,2.90,2.90,2.60,1.50,2.90,2026-09-14T01:40:53.531Z
MR11,PY11,2.70,2.70,2.40,1.30,2.70,2026-09-14T01:40:53.531Z
MR11,PY12,2.40,2.40,2.10,1.20,2.40,2026-09-14T01:40:53.544Z
MR11,PY13,2.10,2.10,1.90,1.00,2.10,2026-09-14T01:40:53.569Z
MR11,PY14,1.90,1.90,1.70,0.90,1.90,2026-09-14T01:40:53.573Z
MR11,PY15,1.60,1.60,1.50,0.80,1.60,2026-09-14T01:40:53.585Z
MR11,PY16,1.20,1.20,1.20,0.60,1.20,2026-09-14T01:40:53.625Z
MR11,PY17,0.80,0.80,0.80,0.40,0.80,2026-09-14T01:40:53.625Z
MR11,PY18,1.00,1.00,1.00,0.50,1.00,2026-09-14T01:40:53.699Z
MR11,PY19,1.40,1.40,1.30,0.70,1.40,2026-09-14T01:40:53.696Z
MR11,PY20,1.70,1.70,1.60,0.90,1.70,2026-09-14T01:40:53.716Z
MR11,PY21,1.90,1.90,1.70,1.00,1.90,2026-09-14T01:40:53.739Z
MR11,PY22,2.00,2.00,1.80,1.00,2.00,2026-09-14T01:40:53.740Z
MR11,PY23,2.20,2.20,2.00,1.10,2.20,2026-09-14T01:40:53.748Z
MR11,PY24,2.50,2.50,2.20,1.20,2.50,2026-09-14T01:40:53.784Z
MR11,PY27,3.60,3.60,3.10,1.70,3.60,2026-09-14T01:40:53.781Z
MR11,PY28,3.90,3.90,3.40,1.90,3.90,2026-09-14T01:40:53.870Z
MR11,PY29,3.50,3.50,3.10,1.70,3.50,2026-09-14T01:40:53.866Z
MR11,PY31,4.20,4.20,3.70,2.10,4.20,2026-09-14T01:40:53.880Z
MR11,PY32,3.80,3.80,3.30,1.80,3.80,2026-09-14T01:40:53.901Z
MR11,PY33,3.90,3.90,3.40,1.90,3.90,2026-09-14T01:40:53.916Z
MR11,PY34,4.10,4.10,3.60,2.00,4.10,2026-09-14T01:40:53.926Z
MR11,PY36,3.80,3.80,3.30,1.90,3.80,2026-09-14T01:40:53.946Z
MR11,PY37,4.00,4.00,3.50,2.00,4.00,2026-09-14T01:40:53.949Z
MR11,PY38,4.30,4.30,3.70,2.10,4.30,2026-09-14T01:40:54.037Z
MR11,PY39,4.50,4.50,3.90,2.20,4.50,2026-09-14T01:40:54.039Z
MR11,PY40,4.60,4.60,4.00,2.30,4.60,2026-09-14T01:40:54.051Z
MR11,PY41,4.70,4.70,4.10,2.30,4.70,2026-09-14T01:40:54.066Z
MR11,SB1,9.60,9.60,8.10,4.70,9.60,2026-09-14T01:40:54.078Z
MR11,SB2,9.00,9.00,7.50,4.40,9.00,2026-09-14T01:40:54.116Z
MR11,SB3,8.30,8.30,7.00,4.10,8.30,2026-09-14T01:40:54.093Z
MR11,SB4,7.60,7.60,6.40,3.70,7.60,2026-09-14T01:40:54.115Z
MR11,SB5,6.90,6.90,5.80,3.40,6.90,2026-09-14T01:40:54.210Z
MR11,SB6,6.00,6.00,5.10,2.90,6.00,2026-09-14T01:40:54.208Z
MR11,SB7,5.20,5.20,4.40,2.50,5.20,2026-09-14T01:40:54.225Z
MR11,SP1,1.30,1.30,1.20,0.60,1.30,2026-09-14T01:40:54.223Z
MR11,SP10,2.20,2.20,2.00,1.10,2.20,2026-09-14T01:40:54.224Z
MR11,SP11,2.50,2.50,2.20,1.20,2.50,2026-09-14T01:40:54.258Z
MR11,SP12,3.00,3.00,2.60,1.50,3.00,2026-09-14T01:40:54.269Z
MR11,SP13,3.00,3.00,2.70,1.50,3.00,2026-09-14T01:40:54.264Z
MR11,SP14,3.40,3.40,3.00,1.60,3.40,2026-09-14T01:40:54.382Z
MR11,SP15,3.80,3.80,3.30,1.80,3.80,2026-09-14T01:40:54.383Z
MR11,SP16,3.50,3.50,3.10,1.70,3.50,2026-09-14T01:40:54.393Z
MR11,SP17,3.90,3.90,3.40,1.90,3.90,2026-09-14T01:40:54.402Z
MR11,SP18,4.10,4.10,3.50,2.00,4.10,2026-09-14T01:40:54.399Z
MR11,SP19,3.70,3.70,3.20,1.80,3.70,2026-09-14T01:40:54.424Z
MR11,SP2,1.00,1.00,1.00,0.50,1.00,2026-09-14T01:40:54.425Z
MR11,SP20,3.80,3.80,3.30,1.90,3.80,2026-09-14T01:40:54.421Z
MR11,SP21,4.00,4.00,3.50,2.00,4.00,2026-09-14T01:40:54.555Z
MR11,SP22,4.20,4.20,3.70,2.10,4.20,2026-09-14T01:40:54.548Z
MR11,SP24,3.70,3.70,3.20,1.80,3.70,2026-09-14T01:40:54.573Z
MR11,SP25,3.90,3.90,3.40,1.90,3.90,2026-09-14T01:40:54.580Z
MR11,SP26,4.00,4.00,3.50,2.00,4.00,2026-09-14T01:40:54.569Z
MR11,SP27,4.10,4.10,3.60,2.00,4.10,2026-09-14T01:40:54.583Z
MR11,SP28,4.30,4.30,3.70,2.10,4.30,2026-09-14T01:40:54.580Z
MR11,SP29,4.40,4.40,3.80,2.20,4.40,2026-09-14T01:40:54.581Z
MR11,SP3,0.80,0.80,0.80,0.40,0.80,2026-09-14T01:40:54.718Z
MR11,SP31,4.70,4.70,4.10,2.30,4.70,2026-09-14T01:40:54.733Z
MR11,SP4,1.10,1.10,1.00,0.50,1.10,2026-09-14T01:40:54.739Z
MR11,SP5,1.30,1.30,1.20,0.60,1.30,2026-09-14T01:40:54.741Z
MR11,SP6,1.50,1.50,1.40,0.70,1.50,2026-09-14T01:40:54.765Z
MR11,SP7,1.70,1.70,1.50,0.80,1.70,2026-09-14T01:40:54.768Z
MR11,SP8,2.00,2.00,1.80,1.00,2.00,2026-09-14T01:40:54.764Z
MR11,SP9,2.00,2.00,1.80,1.00,2.00,2026-09-14T01:40:54.764Z
MR2,MR3,1.80,1.80,1.70,0.90,1.80,2026-09-14T01:40:54.888Z
MR2,MR4,2.50,2.50,2.20,1.20,2.50,2026-09-14T01:40:54.904Z
MR2,MR5,2.70,2.70,2.40,1.30,2.70,2026-09-14T01:40:54.909Z
MR2,MR6,3.10,3.10,2.70,1.50,3.10,2026-09-14T01:40:54.916Z
MR2,MR7,2.50,2.50,2.20,1.20,2.50,2026-09-14T01:40:54.938Z
MR2,MR8,2.80,2.80,2.50,1.40,2.80,2026-09-14T01:40:54.954Z
MR2,MR9,3.20,3.20,2.80,1.50,3.20,2026-09-14T01:40:54.938Z
MR2,PY01,5.90,5.90,5.00,2.90,5.90,2026-09-14T01:40:54.940Z
MR2,PY03,5.80,5.80,5.00,2.90,5.80,2026-09-14T01:40:55.083Z
MR2,PY04,6.50,6.50,5.60,3.20,6.50,2026-09-14T01:40:55.084Z
MR2,PY05,6.30,6.30,5.40,3.10,6.30,2026-09-14T01:40:55.084Z
MR2,PY06,6.10,6.10,5.20,3.00,6.10,2026-09-14T01:40:55.084Z
MR2,PY07,5.80,5.80,5.00,2.90,5.80,2026-09-14T01:40:55.126Z
MR2,PY08,6.00,6.00,5.10,3.00,6.00,2026-09-14T01:40:55.299Z
MR2,PY09,6.00,6.00,5.10,2.90,6.00,2026-09-14T01:40:55.112Z
MR2,PY10,5.80,5.80,5.00,2.90,5.80,2026-09-14T01:40:55.131Z
MR2,PY11,5.60,5.60,4.80,2.70,5.60,2026-09-14T01:40:55.263Z
MR2,PY12,5.30,5.30,4.50,2.60,5.30,2026-09-14T01:40:55.264Z
MR2,PY13,5.00,5.00,4.30,2.40,5.00,2026-09-14T01:40:55.263Z
MR2,PY14,4.80,4.80,4.10,2.30,4.80,2026-09-14T01:40:55.252Z
MR2,PY15,4.50,4.50,3.90,2.20,4.50,2026-09-14T01:40:55.299Z
MR2,PY16,4.10,4.10,3.60,2.00,4.10,2026-09-14T01:40:55.299Z
MR2,PY17,3.70,3.70,3.20,1.80,3.70,2026-09-14T01:40:55.299Z
MR2,PY18,3.90,3.90,3.40,1.90,3.90,2026-09-14T01:40:55.423Z
MR2,PY19,4.30,4.30,3.70,2.10,4.30,2026-09-14T01:40:55.453Z
MR2,PY20,4.10,4.10,3.60,2.00,4.10,2026-09-14T01:40:55.441Z
MR2,PY21,4.00,4.00,3.50,1.90,4.00,2026-09-14T01:40:55.438Z
MR2,PY22,3.80,3.80,3.30,1.80,3.80,2026-09-14T01:40:55.465Z
MR2,PY23,3.50,3.50,3.10,1.70,3.50,2026-09-14T01:40:55.476Z
MR2,PY24,3.10,3.10,2.70,1.50,3.10,2026-09-14T01:40:55.469Z
MR2,PY27,4.50,4.50,3.90,2.20,4.50,2026-09-14T01:40:55.476Z
MR2,PY28,4.90,4.90,4.20,2.40,4.90,2026-09-14T01:40:55.590Z
MR2,PY29,4.70,4.70,4.00,2.30,4.70,2026-09-14T01:40:55.616Z
MR2,PY31,5.50,5.50,4.60,2.70,5.50,2026-09-14T01:40:55.618Z
MR2,PY32,5.80,5.80,4.90,2.80,5.80,2026-09-14T01:40:55.624Z
MR2,PY33,6.00,6.00,5.10,2.90,6.00,2026-09-14T01:40:55.628Z
MR2,PY34,5.90,5.90,5.00,2.90,5.90,2026-09-14T01:40:55.626Z
MR2,PY36,6.00,6.00,5.10,2.90,6.00,2026-09-14T01:40:55.630Z
MR2,PY37,6.20,6.20,5.30,3.10,6.20,2026-09-14T01:40:55.639Z
MR2,PY38,6.30,6.30,5.40,3.10,6.30,2026-09-14T01:40:55.767Z
MR2,PY39,5.90,5.90,5.00,2.90,5.90,2026-09-14T01:40:55.765Z
MR2,PY40,6.10,6.10,5.20,3.00,6.10,2026-09-14T01:40:55.776Z
MR2,PY41,6.20,6.20,5.30,3.00,6.20,2026-09-14T01:40:55.796Z
MR2,SB1,10.80,10.80,9.10,5.30,10.80,2026-09-14T01:40:55.801Z
MR2,SB2,10.20,10.20,8.50,5.00,10.20,2026-09-14T01:40:55.800Z
MR2,SB3,9.50,9.50,8.00,4.70,9.50,2026-09-14T01:40:55.800Z
MR2,SB4,8.80,8.80,7.40,4.30,8.80,2026-09-14T01:40:55.814Z
MR2,SB5,8.10,8.10,6.80,4.00,8.10,2026-09-14T01:40:55.932Z
MR2,SB6,7.20,7.20,6.10,3.50,7.20,2026-09-14T01:40:55.944Z
MR2,SB7,6.20,6.20,5.30,3.00,6.20,2026-09-14T01:40:55.960Z
MR2,SP1,4.10,4.10,3.50,2.00,4.10,2026-09-14T01:40:55.963Z
MR2,SP10,2.80,2.80,2.40,1.30,2.80,2026-09-14T01:40:55.972Z
MR2,SP11,3.10,3.10,2.70,1.50,3.10,2026-09-14T01:40:56.067Z
MR2,SP12,3.60,3.60,3.20,1.80,3.60,2026-09-14T01:40:55.971Z
MR2,SP13,3.90,3.90,3.40,1.90,3.90,2026-09-14T01:40:55.994Z
MR2,SP14,4.40,4.40,3.70,2.10,4.40,2026-09-14T01:40:56.122Z
MR2,SP15,4.80,4.80,4.10,2.40,4.80,2026-09-14T01:40:56.112Z
MR2,SP16,4.70,4.70,4.00,2.30,4.70,2026-09-14T01:40:56.123Z
MR2,SP17,5.20,5.20,4.40,2.50,5.20,2026-09-14T01:40:56.123Z
MR2,SP18,5.30,5.30,4.60,2.60,5.30,2026-09-14T01:40:56.138Z
MR2,SP19,5.20,5.20,4.40,2.50,5.20,2026-09-14T01:40:56.146Z
MR2,SP2,3.80,3.80,3.30,1.90,3.80,2026-09-14T01:40:56.159Z
MR2,SP20,5.40,5.40,4.60,2.60,5.40,2026-09-14T01:40:56.238Z
MR2,SP21,5.60,5.60,4.80,2.70,5.60,2026-09-14T01:40:56.281Z
MR2,SP22,5.80,5.80,5.00,2.90,5.80,2026-09-14T01:40:56.287Z
MR2,SP24,5.60,5.60,4.80,2.70,5.60,2026-09-14T01:40:56.287Z
MR2,SP25,5.80,5.80,5.00,2.90,5.80,2026-09-14T01:40:56.285Z
MR2,SP26,5.10,5.10,4.40,2.50,5.10,2026-09-14T01:40:56.288Z
MR2,SP27,5.20,5.20,4.50,2.60,5.20,2026-09-14T01:40:56.387Z
MR2,SP28,5.40,5.40,4.60,2.60,5.40,2026-09-14T01:40:56.322Z
MR2,SP29,5.60,5.60,4.70,2.70,5.60,2026-09-14T01:40:56.411Z
MR2,SP3,3.70,3.70,3.20,1.80,3.70,2026-09-14T01:40:56.443Z
MR2,SP31,5.80,5.80,5.00,2.90,5.80,2026-09-14T01:40:56.441Z
MR2,SP4,3.60,3.60,3.10,1.70,3.60,2026-09-14T01:40:56.460Z
MR2,SP5,3.40,3.40,2.90,1.60,3.40,2026-09-14T01:40:56.455Z
MR2,SP6,3.20,3.20,2.80,1.50,3.20,2026-09-14T01:40:56.509Z
MR2,SP7,3.00,3.00,2.60,1.40,3.00,2026-09-14T01:40:56.496Z
MR2,SP8,2.70,2.70,2.40,1.30,2.70,2026-09-14T01:40:56.541Z
MR2,SP9,2.50,2.50,2.20,1.20,2.50,2026-09-14T01:40:56.585Z
MR3,MR4,1.50,1.50,1.40,0.70,1.50,2026-09-14T01:40:56.598Z
MR3,MR5,1.80,1.80,1.70,0.90,1.80,2026-09-14T01:40:56.613Z
MR3,MR6,2.20,2.20,2.00,1.00,2.20,2026-09-14T01:40:56.612Z
MR3,MR7,2.50,2.50,2.30,1.20,2.50,2026-09-14T01:40:56.641Z
MR3,MR8,3.10,3.10,2.70,1.50,3.10,2026-09-14T01:40:56.647Z
MR3,MR9,2.60,2.60,2.30,1.20,2.60,2026-09-14T01:40:56.680Z
MR3,PY01,4.90,4.90,4.20,2.40,4.90,2026-09-14T01:40:56.699Z
MR3,PY03,4.80,4.80,4.20,2.40,4.80,2026-09-14T01:40:56.758Z
MR3,PY04,5.50,5.50,4.80,2.70,5.50,2026-09-14T01:40:56.769Z
MR3,PY05,5.30,5.30,4.60,2.60,5.30,2026-09-14T01:40:56.799Z
MR3,PY06,5.10,5.10,4.40,2.50,5.10,2026-09-14T01:40:56.792Z
MR3,PY07,4.80,4.80,4.20,2.40,4.80,2026-09-14T01:40:56.806Z
MR3,PY08,5.00,5.00,4.30,2.50,5.00,2026-09-14T01:40:56.840Z
MR3,PY09,5.00,5.00,4.30,2.40,5.00,2026-09-14T01:40:56.857Z
MR3,PY10,4.80,4.80,4.20,2.40,4.80,2026-09-14T01:40:56.858Z
MR3,PY11,4.60,4.60,4.00,2.20,4.60,2026-09-14T01:40:56.925Z
MR3,PY12,4.30,4.30,3.70,2.10,4.30,2026-09-14T01:40:56.952Z
MR3,PY13,4.00,4.00,3.50,1.90,4.00,2026-09-14T01:40:56.979Z
MR3,PY14,3.80,3.80,3.30,1.80,3.80,2026-09-14T01:40:56.979Z
MR3,PY15,3.50,3.50,3.10,1.70,3.50,2026-09-14T01:40:56.956Z
MR3,PY16,3.10,3.10,2.80,1.50,3.10,2026-09-14T01:40:57.012Z
MR3,PY17,2.70,2.70,2.40,1.30,2.70,2026-09-14T01:40:57.019Z
MR3,PY18,2.90,2.90,2.60,1.40,2.90,2026-09-14T01:40:57.032Z
MR3,PY19,3.30,3.30,2.90,1.60,3.30,2026-09-14T01:40:57.093Z
MR3,PY20,3.10,3.10,2.80,1.50,3.10,2026-09-14T01:40:57.119Z
MR3,PY21,3.00,3.00,2.70,1.40,3.00,2026-09-14T01:40:57.135Z
MR3,PY22,2.80,2.80,2.50,1.30,2.80,2026-09-14T01:40:57.135Z
MR3,PY23,2.50,2.50,2.30,1.20,2.50,2026-09-14T01:40:57.148Z
MR3,PY24,2.10,2.10,1.90,1.00,2.10,2026-09-14T01:40:57.192Z
MR3,PY27,3.50,3.50,3.10,1.70,3.50,2026-09-14T01:40:57.166Z
MR3,PY28,3.90,3.90,3.40,1.90,3.90,2026-09-14T01:40:57.257Z
MR3,PY29,3.70,3.70,3.20,1.80,3.70,2026-09-14T01:40:57.259Z
MR3,PY31,4.50,4.50,3.80,2.20,4.50,2026-09-14T01:40:57.288Z
MR3,PY32,4.80,4.80,4.10,2.30,4.80,2026-09-14T01:40:57.302Z
MR3,PY33,5.00,5.00,4.30,2.40,5.00,2026-09-14T01:40:57.302Z
MR3,PY34,4.90,4.90,4.20,2.40,4.90,2026-09-14T01:40:57.308Z
MR3,PY36,5.00,5.00,4.30,2.40,5.00,2026-09-14T01:40:57.333Z
MR3,PY37,5.20,5.20,4.50,2.60,5.20,2026-09-14T01:40:57.349Z
MR3,PY38,5.30,5.30,4.60,2.60,5.30,2026-09-14T01:40:57.423Z
MR3,PY39,4.90,4.90,4.20,2.40,4.90,2026-09-14T01:40:57.428Z
MR3,PY40,5.10,5.10,4.40,2.50,5.10,2026-09-14T01:40:57.696Z
MR3,PY41,5.20,5.20,4.50,2.50,5.20,2026-09-14T01:40:57.460Z
MR3,SB1,9.80,9.80,8.30,4.80,9.80,2026-09-14T01:40:57.474Z
MR3,SB2,9.20,9.20,7.70,4.50,9.20,2026-09-14T01:40:57.687Z
MR3,SB3,8.50,8.50,7.20,4.20,8.50,2026-09-14T01:40:57.502Z
MR3,SB4,7.80,7.80,6.60,3.80,7.80,2026-09-14T01:40:57.504Z
MR3,SB5,7.10,7.10,6.00,3.50,7.10,2026-09-14T01:40:57.598Z
MR3,SB6,6.20,6.20,5.30,3.00,6.20,2026-09-14T01:40:57.597Z
MR3,SB7,5.20,5.20,4.50,2.50,5.20,2026-09-14T01:40:57.638Z
MR3,SP1,3.10,3.10,2.70,1.50,3.10,2026-09-14T01:40:57.652Z
MR3,SP10,1.80,1.80,1.60,0.80,1.80,2026-09-14T01:40:57.674Z
MR3,SP11,2.10,2.10,1.90,1.00,2.10,2026-09-14T01:40:57.673Z
MR3,SP12,2.60,2.60,2.40,1.30,2.60,2026-09-14T01:40:57.766Z
MR3,SP13,2.90,2.90,2.60,1.40,2.90,2026-09-14T01:40:57.763Z
MR3,SP14,3.40,3.40,2.90,1.60,3.40,2026-09-14T01:40:57.813Z
MR3,SP15,3.80,3.80,3.30,1.90,3.80,2026-09-14T01:40:57.811Z
MR3,SP16,3.70,3.70,3.20,1.80,3.70,2026-09-14T01:40:57.837Z
MR3,SP17,4.20,4.20,3.60,2.00,4.20,2026-09-14T01:40:57.838Z
MR3,SP18,4.30,4.30,3.80,2.10,4.30,2026-09-14T01:40:57.852Z
MR3,SP19,4.20,4.20,3.60,2.00,4.20,2026-09-14T01:40:57.853Z
MR3,SP2,2.80,2.80,2.50,1.40,2.80,2026-09-14T01:40:57.934Z
MR3,SP20,4.40,4.40,3.80,2.10,4.40,2026-09-14T01:40:57.935Z
MR3,SP21,4.60,4.60,4.00,2.20,4.60,2026-09-14T01:40:57.978Z
MR3,SP22,4.80,4.80,4.20,2.40,4.80,2026-09-14T01:40:57.975Z
MR3,SP24,4.60,4.60,4.00,2.20,4.60,2026-09-14T01:40:58.015Z
MR3,SP25,4.80,4.80,4.20,2.40,4.80,2026-09-14T01:40:58.015Z
MR3,SP26,4.10,4.10,3.60,2.00,4.10,2026-09-14T01:40:58.016Z
MR3,SP27,4.20,4.20,3.70,2.10,4.20,2026-09-14T01:40:58.037Z
MR3,SP28,4.40,4.40,3.80,2.10,4.40,2026-09-14T01:40:58.094Z
MR3,SP29,4.60,4.60,3.90,2.20,4.60,2026-09-14T01:40:58.093Z
MR3,SP3,2.70,2.70,2.40,1.30,2.70,2026-09-14T01:40:58.138Z
MR3,SP31,4.80,4.80,4.20,2.40,4.80,2026-09-14T01:40:58.148Z
MR3,SP4,2.60,2.60,2.30,1.20,2.60,2026-09-14T01:40:58.184Z
MR3,SP5,2.40,2.40,2.10,1.10,2.40,2026-09-14T01:40:58.185Z
MR3,SP6,2.20,2.20,2.00,1.00,2.20,2026-09-14T01:40:58.186Z
MR3,SP7,2.00,2.00,1.80,0.90,2.00,2026-09-14T01:40:58.194Z
MR3,SP8,1.70,1.70,1.60,0.80,1.70,2026-09-14T01:40:58.242Z
MR3,SP9,1.50,1.50,1.40,0.70,1.50,2026-09-14T01:40:58.240Z
MR4,MR5,1.20,1.20,1.10,0.50,1.20,2026-09-14T01:40:58.285Z
MR4,MR6,1.50,1.50,1.40,0.70,1.50,2026-09-14T01:40:58.320Z
MR4,MR7,1.90,1.90,1.70,0.90,1.90,2026-09-14T01:40:58.335Z
MR4,MR8,2.40,2.40,2.20,1.20,2.40,2026-09-14T01:40:58.336Z
MR4,MR9,2.90,2.90,2.60,1.40,2.90,2026-09-14T01:40:58.348Z
MR4,PY01,4.30,4.30,3.70,2.10,4.30,2026-09-14T01:40:58.369Z
MR4,PY03,4.20,4.20,3.70,2.10,4.20,2026-09-14T01:40:58.398Z
MR4,PY04,4.90,4.90,4.30,2.40,4.90,2026-09-14T01:40:58.400Z
MR4,PY05,4.70,4.70,4.10,2.30,4.70,2026-09-14T01:40:58.448Z
MR4,PY06,4.50,4.50,3.90,2.20,4.50,2026-09-14T01:40:58.492Z
MR4,PY07,4.20,4.20,3.70,2.10,4.20,2026-09-14T01:40:58.491Z
MR4,PY08,4.40,4.40,3.80,2.20,4.40,2026-09-14T01:40:58.491Z
MR4,PY09,4.40,4.40,3.80,2.10,4.40,2026-09-14T01:40:58.495Z
MR4,PY10,4.20,4.20,3.70,2.10,4.20,2026-09-14T01:40:58.538Z
MR4,PY11,4.00,4.00,3.50,1.90,4.00,2026-09-14T01:40:58.566Z
MR4,PY12,3.70,3.70,3.20,1.80,3.70,2026-09-14T01:40:58.568Z
MR4,PY13,3.40,3.40,3.00,1.60,3.40,2026-09-14T01:40:58.608Z
MR4,PY14,3.10,3.10,2.70,1.50,3.10,2026-09-14T01:40:58.659Z
MR4,PY15,2.80,2.80,2.50,1.40,2.80,2026-09-14T01:40:58.652Z
MR4,PY16,2.40,2.40,2.20,1.20,2.40,2026-09-14T01:40:58.651Z
MR4,PY17,2.00,2.00,1.80,1.00,2.00,2026-09-14T01:40:58.652Z
MR4,PY18,2.20,2.20,2.00,1.10,2.20,2026-09-14T01:40:58.694Z
MR4,PY19,2.60,2.60,2.30,1.30,2.60,2026-09-14T01:40:58.744Z
MR4,PY20,2.40,2.40,2.20,1.20,2.40,2026-09-14T01:40:58.745Z
MR4,PY21,2.30,2.30,2.10,1.10,2.30,2026-09-14T01:40:58.767Z
MR4,PY22,2.10,2.10,1.90,1.00,2.10,2026-09-14T01:40:58.810Z
MR4,PY23,1.80,1.80,1.70,0.90,1.80,2026-09-14T01:40:58.813Z
MR4,PY24,1.40,1.40,1.30,0.70,1.40,2026-09-14T01:40:58.812Z
MR4,PY27,2.80,2.80,2.50,1.40,2.80,2026-09-14T01:40:58.813Z
MR4,PY28,3.20,3.20,2.80,1.60,3.20,2026-09-14T01:40:58.861Z
MR4,PY29,3.10,3.10,2.70,1.50,3.10,2026-09-14T01:40:58.895Z
MR4,PY31,3.90,3.90,3.30,1.90,3.90,2026-09-14T01:40:58.903Z
MR4,PY32,4.20,4.20,3.60,2.00,4.20,2026-09-14T01:40:58.941Z
MR4,PY33,4.40,4.40,3.80,2.10,4.40,2026-09-14T01:40:58.985Z
MR4,PY34,4.30,4.30,3.70,2.10,4.30,2026-09-14T01:40:58.971Z
MR4,PY36,4.40,4.40,3.80,2.10,4.40,2026-09-14T01:40:58.976Z
MR4,PY37,4.60,4.60,4.00,2.30,4.60,2026-09-14T01:40:58.985Z
MR4,PY38,4.70,4.70,4.10,2.30,4.70,2026-09-14T01:40:59.014Z
MR4,PY39,4.30,4.30,3.70,2.10,4.30,2026-09-14T01:40:59.063Z
MR4,PY40,4.50,4.50,3.90,2.20,4.50,2026-09-14T01:40:59.062Z
MR4,PY41,4.60,4.60,4.00,2.20,4.60,2026-09-14T01:40:59.279Z
MR4,SB1,9.00,9.00,7.70,4.40,9.00,2026-09-14T01:40:59.279Z
MR4,SB2,8.40,8.40,7.10,4.10,8.40,2026-09-14T01:40:59.274Z
MR4,SB3,7.70,7.70,6.60,3.80,7.70,2026-09-14T01:40:59.141Z
MR4,SB4,7.00,7.00,6.00,3.40,7.00,2026-09-14T01:40:59.144Z
MR4,SB5,6.30,6.30,5.40,3.10,6.30,2026-09-14T01:40:59.197Z
MR4,SB6,5.40,5.40,4.70,2.60,5.40,2026-09-14T01:40:59.279Z
MR4,SB7,4.60,4.60,4.00,2.20,4.60,2026-09-14T01:40:59.511Z
MR4,SP1,2.40,2.40,2.10,1.20,2.40,2026-09-14T01:40:59.316Z
MR4,SP10,1.10,1.10,1.00,0.50,1.10,2026-09-14T01:40:59.315Z
MR4,SP11,1.40,1.40,1.30,0.70,1.40,2026-09-14T01:40:59.359Z
MR4,SP12,1.90,1.90,1.80,1.00,1.90,2026-09-14T01:40:59.445Z
MR4,SP13,2.20,2.20,2.00,1.10,2.20,2026-09-14T01:40:59.452Z
MR4,SP14,2.70,2.70,2.30,1.30,2.70,2026-09-14T01:40:59.456Z
MR4,SP15,3.10,3.10,2.70,1.60,3.10,2026-09-14T01:40:59.455Z
MR4,SP16,3.10,3.10,2.70,1.50,3.10,2026-09-14T01:40:59.478Z
MR4,SP17,3.60,3.60,3.10,1.70,3.60,2026-09-14T01:40:59.496Z
MR4,SP18,3.70,3.70,3.30,1.80,3.70,2026-09-14T01:40:59.532Z
MR4,SP19,3.60,3.60,3.10,1.70,3.60,2026-09-14T01:40:59.602Z
MR4,SP2,2.10,2.10,1.90,1.10,2.10,2026-09-14T01:40:59.625Z
MR4,SP20,3.80,3.80,3.30,1.80,3.80,2026-09-14T01:40:59.625Z
MR4,SP21,4.00,4.00,3.50,1.90,4.00,2026-09-14T01:40:59.629Z
MR4,SP22,4.20,4.20,3.70,2.10,4.20,2026-09-14T01:40:59.626Z
MR4,SP24,4.00,4.00,3.50,1.90,4.00,2026-09-14T01:40:59.673Z
MR4,SP25,4.20,4.20,3.70,2.10,4.20,2026-09-14T01:40:59.693Z
MR4,SP26,3.50,3.50,3.10,1.70,3.50,2026-09-14T01:40:59.698Z
MR4,SP27,3.60,3.60,3.20,1.80,3.60,2026-09-14T01:40:59.787Z
MR4,SP28,3.80,3.80,3.30,1.80,3.80,2026-09-14T01:40:59.792Z
MR4,SP29,4.00,4.00,3.40,1.90,4.00,2026-09-14T01:40:59.799Z
MR4,SP3,2.00,2.00,1.80,1.00,2.00,2026-09-14T01:40:59.798Z
MR4,SP31,4.20,4.20,3.70,2.10,4.20,2026-09-14T01:40:59.804Z
MR4,SP4,1.90,1.90,1.70,0.90,1.90,2026-09-14T01:40:59.836Z
MR4,SP5,1.70,1.70,1.50,0.80,1.70,2026-09-14T01:40:59.840Z
MR4,SP6,1.50,1.50,1.40,0.70,1.50,2026-09-14T01:40:59.848Z
MR4,SP7,1.30,1.30,1.20,0.60,1.30,2026-09-14T01:40:59.966Z
MR4,SP8,1.00,1.00,1.00,0.50,1.00,2026-09-14T01:40:59.966Z
MR4,SP9,0.80,0.80,0.80,0.40,0.80,2026-09-14T01:40:59.966Z
MR5,MR6,1.30,1.30,1.20,0.60,1.30,2026-09-14T01:40:59.966Z
MR5,MR7,1.60,1.60,1.50,0.80,1.60,2026-09-14T01:40:59.970Z
MR5,MR8,2.10,2.10,1.90,1.00,2.10,2026-09-14T01:41:00.012Z
MR5,MR9,2.60,2.60,2.30,1.30,2.60,2026-09-14T01:41:00.006Z
MR5,PY01,4.60,4.60,3.90,2.20,4.60,2026-09-14T01:41:00.006Z
MR5,PY03,4.50,4.50,3.90,2.20,4.50,2026-09-14T01:41:00.146Z
MR5,PY04,5.20,5.20,4.50,2.50,5.20,2026-09-14T01:41:00.144Z
MR5,PY05,5.00,5.00,4.30,2.40,5.00,2026-09-14T01:41:00.157Z
MR5,PY06,4.80,4.80,4.10,2.30,4.80,2026-09-14T01:41:00.172Z
MR5,PY07,4.50,4.50,3.90,2.20,4.50,2026-09-14T01:41:00.144Z
MR5,PY08,4.70,4.70,4.00,2.30,4.70,2026-09-14T01:41:00.171Z
MR5,PY09,4.70,4.70,4.00,2.20,4.70,2026-09-14T01:41:00.172Z
MR5,PY10,4.50,4.50,3.90,2.20,4.50,2026-09-14T01:41:00.184Z
MR5,PY11,4.30,4.30,3.70,2.00,4.30,2026-09-14T01:41:00.307Z
MR5,PY12,4.00,4.00,3.40,1.90,4.00,2026-09-14T01:41:00.306Z
MR5,PY13,3.70,3.70,3.20,1.70,3.70,2026-09-14T01:41:00.312Z
MR5,PY14,3.50,3.50,3.00,1.60,3.50,2026-09-14T01:41:00.322Z
MR5,PY15,3.20,3.20,2.80,1.50,3.20,2026-09-14T01:41:00.352Z
MR5,PY16,2.80,2.80,2.50,1.30,2.80,2026-09-14T01:41:00.338Z
MR5,PY17,2.40,2.40,2.10,1.10,2.40,2026-09-14T01:41:00.343Z
MR5,PY18,2.60,2.60,2.30,1.20,2.60,2026-09-14T01:41:00.348Z
MR5,PY19,3.00,3.00,2.60,1.40,3.00,2026-09-14T01:41:00.481Z
MR5,PY20,2.80,2.80,2.50,1.30,2.80,2026-09-14T01:41:00.484Z
MR5,PY21,2.70,2.70,2.40,1.20,2.70,2026-09-14T01:41:00.488Z
MR5,PY22,2.50,2.50,2.20,1.10,2.50,2026-09-14T01:41:00.504Z
MR5,PY23,2.20,2.20,2.00,1.00,2.20,2026-09-14T01:41:00.527Z
MR5,PY24,1.80,1.80,1.60,0.80,1.80,2026-09-14T01:41:00.507Z
MR5,PY27,3.20,3.20,2.80,1.50,3.20,2026-09-14T01:41:00.515Z
MR5,PY28,3.60,3.60,3.10,1.70,3.60,2026-09-14T01:41:00.524Z
MR5,PY29,3.40,3.40,2.90,1.60,3.40,2026-09-14T01:41:00.631Z
MR5,PY31,4.20,4.20,3.50,2.00,4.20,2026-09-14T01:41:00.649Z
MR5,PY32,4.50,4.50,3.80,2.10,4.50,2026-09-14T01:41:00.658Z
MR5,PY33,4.70,4.70,4.00,2.20,4.70,2026-09-14T01:41:00.682Z
MR5,PY34,4.60,4.60,3.90,2.20,4.60,2026-09-14T01:41:00.683Z
MR5,PY36,4.70,4.70,4.00,2.20,4.70,2026-09-14T01:41:00.695Z
MR5,PY37,4.90,4.90,4.20,2.40,4.90,2026-09-14T01:41:00.687Z
MR5,PY38,5.00,5.00,4.30,2.40,5.00,2026-09-14T01:41:00.686Z
MR5,PY39,4.60,4.60,3.90,2.20,4.60,2026-09-14T01:41:00.807Z
MR5,PY40,4.80,4.80,4.10,2.30,4.80,2026-09-14T01:41:00.806Z
MR5,PY41,4.90,4.90,4.20,2.30,4.90,2026-09-14T01:41:00.803Z
MR5,SB1,9.50,9.50,8.00,4.60,9.50,2026-09-14T01:41:00.870Z
MR5,SB2,8.90,8.90,7.40,4.30,8.90,2026-09-14T01:41:00.853Z
MR5,SB3,8.20,8.20,6.90,4.00,8.20,2026-09-14T01:41:00.850Z
MR5,SB4,7.50,7.50,6.30,3.60,7.50,2026-09-14T01:41:00.858Z
MR5,SB5,6.80,6.80,5.70,3.30,6.80,2026-09-14T01:41:00.863Z
MR5,SB6,5.90,5.90,5.00,2.80,5.90,2026-09-14T01:41:00.963Z
MR5,SB7,4.90,4.90,4.20,2.30,4.90,2026-09-14T01:41:00.966Z
MR5,SP1,2.80,2.80,2.40,1.30,2.80,2026-09-14T01:41:00.977Z
MR5,SP10,1.50,1.50,1.30,0.60,1.50,2026-09-14T01:41:01.011Z
MR5,SP11,1.80,1.80,1.60,0.80,1.80,2026-09-14T01:41:01.009Z
MR5,SP12,2.30,2.30,2.10,1.10,2.30,2026-09-14T01:41:01.008Z
MR5,SP13,2.60,2.60,2.30,1.20,2.60,2026-09-14T01:41:01.008Z
MR5,SP14,3.10,3.10,2.60,1.40,3.10,2026-09-14T01:41:01.036Z
MR5,SP15,3.50,3.50,3.00,1.70,3.50,2026-09-14T01:41:01.129Z
MR5,SP16,3.40,3.40,2.90,1.60,3.40,2026-09-14T01:41:01.128Z
MR5,SP17,3.90,3.90,3.30,1.80,3.90,2026-09-14T01:41:01.131Z
MR5,SP18,4.00,4.00,3.50,1.90,4.00,2026-09-14T01:41:01.181Z
MR5,SP19,3.90,3.90,3.30,1.80,3.90,2026-09-14T01:41:01.202Z
MR5,SP2,2.50,2.50,2.20,1.20,2.50,2026-09-14T01:41:01.181Z
MR5,SP20,4.10,4.10,3.50,1.90,4.10,2026-09-14T01:41:01.185Z
MR5,SP21,4.30,4.30,3.70,2.00,4.30,2026-09-14T01:41:01.206Z
MR5,SP22,4.50,4.50,3.90,2.20,4.50,2026-09-14T01:41:01.291Z
MR5,SP24,4.30,4.30,3.70,2.00,4.30,2026-09-14T01:41:01.301Z
MR5,SP25,4.50,4.50,3.90,2.20,4.50,2026-09-14T01:41:01.303Z
MR5,SP26,3.80,3.80,3.30,1.80,3.80,2026-09-14T01:41:01.332Z
MR5,SP27,3.90,3.90,3.40,1.90,3.90,2026-09-14T01:41:01.360Z
MR5,SP28,4.10,4.10,3.50,1.90,4.10,2026-09-14T01:41:01.447Z
MR5,SP29,4.30,4.30,3.60,2.00,4.30,2026-09-14T01:41:01.359Z
MR5,SP3,2.40,2.40,2.10,1.10,2.40,2026-09-14T01:41:01.377Z
MR5,SP31,4.50,4.50,3.90,2.20,4.50,2026-09-14T01:41:01.473Z
MR5,SP4,2.30,2.30,2.00,1.00,2.30,2026-09-14T01:41:01.468Z
MR5,SP5,2.10,2.10,1.80,0.90,2.10,2026-09-14T01:41:01.485Z
MR5,SP6,1.90,1.90,1.70,0.80,1.90,2026-09-14T01:41:01.497Z
MR5,SP7,1.70,1.70,1.50,0.70,1.70,2026-09-14T01:41:01.520Z
MR5,SP8,1.40,1.40,1.30,0.60,1.40,2026-09-14T01:41:01.536Z
MR5,SP9,1.20,1.20,1.10,0.50,1.20,2026-09-14T01:41:01.536Z
MR6,MR7,1.20,1.20,1.20,0.60,1.20,2026-09-14T01:41:01.615Z
MR6,MR8,1.80,1.80,1.60,0.80,1.80,2026-09-14T01:41:01.630Z
MR6,MR9,2.30,2.30,2.10,1.10,2.30,2026-09-14T01:41:01.630Z
MR6,PY01,4.90,4.90,4.20,2.40,4.90,2026-09-14T01:41:01.668Z
MR6,PY03,4.80,4.80,4.20,2.40,4.80,2026-09-14T01:41:01.671Z
MR6,PY04,5.50,5.50,4.70,2.70,5.50,2026-09-14T01:41:01.691Z
MR6,PY05,5.30,5.30,4.50,2.60,5.30,2026-09-14T01:41:01.704Z
MR6,PY06,5.10,5.10,4.40,2.50,5.10,2026-09-14T01:41:01.706Z
MR6,PY07,4.80,4.80,4.20,2.40,4.80,2026-09-14T01:41:01.814Z
MR6,PY08,4.80,4.80,4.10,2.40,4.80,2026-09-14T01:41:01.804Z
MR6,PY09,4.90,4.90,4.20,2.40,4.90,2026-09-14T01:41:01.804Z
MR6,PY10,4.60,4.60,4.00,2.30,4.60,2026-09-14T01:41:01.837Z
MR6,PY11,4.40,4.40,3.80,2.10,4.40,2026-09-14T01:41:02.049Z
MR6,PY12,4.10,4.10,3.50,2.00,4.10,2026-09-14T01:41:01.877Z
MR6,PY13,3.80,3.80,3.30,1.80,3.80,2026-09-14T01:41:01.850Z
MR6,PY14,3.60,3.60,3.10,1.70,3.60,2026-09-14T01:41:01.869Z
MR6,PY15,3.30,3.30,2.90,1.60,3.30,2026-09-14T01:41:01.975Z
MR6,PY16,2.90,2.90,2.60,1.40,2.90,2026-09-14T01:41:01.972Z
MR6,PY17,2.50,2.50,2.20,1.20,2.50,2026-09-14T01:41:02.032Z
MR6,PY18,2.70,2.70,2.40,1.30,2.70,2026-09-14T01:41:02.010Z
MR6,PY19,3.10,3.10,2.70,1.50,3.10,2026-09-14T01:41:02.024Z
MR6,PY20,3.10,3.10,2.80,1.50,3.10,2026-09-14T01:41:02.043Z
MR6,PY21,3.00,3.00,2.70,1.40,3.00,2026-09-14T01:41:02.049Z
MR6,PY22,2.80,2.80,2.50,1.30,2.80,2026-09-14T01:41:02.142Z
MR6,PY23,2.50,2.50,2.30,1.20,2.50,2026-09-14T01:41:02.146Z
MR6,PY24,2.10,2.10,1.90,1.00,2.10,2026-09-14T01:41:02.193Z
MR6,PY27,3.50,3.50,3.10,1.70,3.50,2026-09-14T01:41:02.195Z
MR6,PY28,3.90,3.90,3.40,1.90,3.90,2026-09-14T01:41:02.191Z
MR6,PY29,3.70,3.70,3.20,1.80,3.70,2026-09-14T01:41:02.197Z
MR6,PY31,4.50,4.50,3.80,2.20,4.50,2026-09-14T01:41:02.223Z
MR6,PY32,4.80,4.80,4.10,2.30,4.80,2026-09-14T01:41:02.235Z
MR6,PY33,5.00,5.00,4.30,2.40,5.00,2026-09-14T01:41:02.311Z
MR6,PY34,4.90,4.90,4.20,2.40,4.90,2026-09-14T01:41:02.310Z
MR6,PY36,5.00,5.00,4.30,2.40,5.00,2026-09-14T01:41:02.355Z
MR6,PY37,5.20,5.20,4.50,2.60,5.20,2026-09-14T01:41:02.415Z
MR6,PY38,5.30,5.30,4.60,2.60,5.30,2026-09-14T01:41:02.375Z
MR6,PY39,4.90,4.90,4.20,2.40,4.90,2026-09-14T01:41:02.363Z
MR6,PY40,5.10,5.10,4.40,2.50,5.10,2026-09-14T01:41:02.419Z
MR6,PY41,5.20,5.20,4.50,2.50,5.20,2026-09-14T01:41:02.416Z
MR6,SB1,9.80,9.80,8.30,4.80,9.80,2026-09-14T01:41:02.478Z
MR6,SB2,9.20,9.20,7.70,4.50,9.20,2026-09-14T01:41:02.471Z
MR6,SB3,8.50,8.50,7.20,4.20,8.50,2026-09-14T01:41:02.518Z
MR6,SB4,7.80,7.80,6.60,3.80,7.80,2026-09-14T01:41:02.520Z
MR6,SB5,7.10,7.10,6.00,3.50,7.10,2026-09-14T01:41:02.529Z
MR6,SB6,6.20,6.20,5.30,3.00,6.20,2026-09-14T01:41:02.565Z
MR6,SB7,5.20,5.20,4.50,2.50,5.20,2026-09-14T01:41:02.566Z
MR6,SP1,3.00,3.00,2.60,1.40,3.00,2026-09-14T01:41:02.571Z
MR6,SP10,1.80,1.80,1.60,0.80,1.80,2026-09-14T01:41:02.622Z
MR6,SP11,2.10,2.10,1.90,1.00,2.10,2026-09-14T01:41:02.662Z
MR6,SP12,2.60,2.60,2.40,1.30,2.60,2026-09-14T01:41:02.678Z
MR6,SP13,2.90,2.90,2.60,1.40,2.90,2026-09-14T01:41:02.666Z
MR6,SP14,3.40,3.40,2.90,1.60,3.40,2026-09-14T01:41:02.703Z
MR6,SP15,3.80,3.80,3.30,1.90,3.80,2026-09-14T01:41:02.721Z
MR6,SP16,3.70,3.70,3.20,1.80,3.70,2026-09-14T01:41:02.729Z
MR6,SP17,4.20,4.20,3.60,2.00,4.20,2026-09-14T01:41:02.730Z
MR6,SP18,4.30,4.30,3.80,2.10,4.30,2026-09-14T01:41:02.774Z
MR6,SP19,4.20,4.20,3.60,2.00,4.20,2026-09-14T01:41:02.817Z
MR6,SP2,2.70,2.70,2.40,1.30,2.70,2026-09-14T01:41:02.824Z
MR6,SP20,4.40,4.40,3.80,2.10,4.40,2026-09-14T01:41:02.837Z
MR6,SP21,4.60,4.60,4.00,2.20,4.60,2026-09-14T01:41:02.859Z
MR6,SP22,4.80,4.80,4.20,2.40,4.80,2026-09-14T01:41:02.880Z
MR6,SP24,4.60,4.60,4.00,2.20,4.60,2026-09-14T01:41:02.891Z
MR6,SP25,4.80,4.80,4.20,2.40,4.80,2026-09-14T01:41:02.888Z
MR6,SP26,4.10,4.10,3.60,2.00,4.10,2026-09-14T01:41:02.936Z
MR6,SP27,4.20,4.20,3.70,2.10,4.20,2026-09-14T01:41:02.977Z
MR6,SP28,4.40,4.40,3.80,2.10,4.40,2026-09-14T01:41:02.982Z
MR6,SP29,4.60,4.60,3.90,2.20,4.60,2026-09-14T01:41:03.017Z
MR6,SP3,2.50,2.50,2.20,1.20,2.50,2026-09-14T01:41:03.030Z
MR6,SP31,4.80,4.80,4.20,2.40,4.80,2026-09-14T01:41:03.036Z
MR6,SP4,2.60,2.60,2.30,1.20,2.60,2026-09-14T01:41:03.052Z
MR6,SP5,2.40,2.40,2.10,1.10,2.40,2026-09-14T01:41:03.066Z
MR6,SP6,2.20,2.20,2.00,1.00,2.20,2026-09-14T01:41:03.095Z
MR6,SP7,2.00,2.00,1.80,0.90,2.00,2026-09-14T01:41:03.132Z
MR6,SP8,1.70,1.70,1.60,0.80,1.70,2026-09-14T01:41:03.143Z
MR6,SP9,1.50,1.50,1.40,0.70,1.50,2026-09-14T01:41:03.178Z
MR7,MR8,1.50,1.50,1.40,0.70,1.50,2026-09-14T01:41:03.183Z
MR7,MR9,1.90,1.90,1.80,0.90,1.90,2026-09-14T01:41:03.193Z
MR7,PY01,5.30,5.30,4.50,2.60,5.30,2026-09-14T01:41:03.211Z
MR7,PY03,5.20,5.20,4.50,2.60,5.20,2026-09-14T01:41:03.220Z
MR7,PY04,5.90,5.90,5.10,2.90,5.90,2026-09-14T01:41:03.259Z
MR7,PY05,5.70,5.70,4.90,2.80,5.70,2026-09-14T01:41:03.304Z
MR7,PY06,5.50,5.50,4.70,2.70,5.50,2026-09-14T01:41:03.308Z
MR7,PY07,5.20,5.20,4.50,2.60,5.20,2026-09-14T01:41:03.359Z
MR7,PY08,5.40,5.40,4.60,2.70,5.40,2026-09-14T01:41:03.361Z
MR7,PY09,5.40,5.40,4.60,2.60,5.40,2026-09-14T01:41:03.350Z
MR7,PY10,5.20,5.20,4.50,2.60,5.20,2026-09-14T01:41:03.390Z
MR7,PY11,5.00,5.00,4.30,2.40,5.00,2026-09-14T01:41:03.386Z
MR7,PY12,4.70,4.70,4.00,2.30,4.70,2026-09-14T01:41:03.422Z
MR7,PY13,4.40,4.40,3.80,2.10,4.40,2026-09-14T01:41:03.468Z
MR7,PY14,4.20,4.20,3.60,2.00,4.20,2026-09-14T01:41:03.474Z
MR7,PY15,3.90,3.90,3.40,1.90,3.90,2026-09-14T01:41:03.515Z
MR7,PY16,3.50,3.50,3.10,1.70,3.50,2026-09-14T01:41:03.520Z
MR7,PY17,3.10,3.10,2.70,1.50,3.10,2026-09-14T01:41:03.511Z
MR7,PY18,3.30,3.30,2.90,1.60,3.30,2026-09-14T01:41:03.560Z
MR7,PY19,3.70,3.70,3.20,1.80,3.70,2026-09-14T01:41:03.566Z
MR7,PY20,3.50,3.50,3.10,1.70,3.50,2026-09-14T01:41:03.600Z
MR7,PY21,3.40,3.40,3.00,1.60,3.40,2026-09-14T01:41:03.620Z
MR7,PY22,3.20,3.20,2.80,1.50,3.20,2026-09-14T01:41:03.622Z
MR7,PY23,2.90,2.90,2.60,1.40,2.90,2026-09-14T01:41:03.668Z
MR7,PY24,2.50,2.50,2.20,1.20,2.50,2026-09-14T01:41:03.684Z
MR7,PY27,3.90,3.90,3.40,1.90,3.90,2026-09-14T01:41:03.673Z
MR7,PY28,4.30,4.30,3.70,2.10,4.30,2026-09-14T01:41:03.729Z
MR7,PY29,4.10,4.10,3.50,2.00,4.10,2026-09-14T01:41:03.722Z
MR7,PY31,4.90,4.90,4.10,2.40,4.90,2026-09-14T01:41:03.764Z
MR7,PY32,5.20,5.20,4.40,2.50,5.20,2026-09-14T01:41:03.775Z
MR7,PY33,5.40,5.40,4.60,2.60,5.40,2026-09-14T01:41:03.807Z
MR7,PY34,5.30,5.30,4.50,2.60,5.30,2026-09-14T01:41:03.819Z
MR7,PY36,5.40,5.40,4.60,2.60,5.40,2026-09-14T01:41:03.831Z
MR7,PY37,5.60,5.60,4.80,2.80,5.60,2026-09-14T01:41:03.850Z
MR7,PY38,5.70,5.70,4.90,2.80,5.70,2026-09-14T01:41:03.892Z
MR7,PY39,5.30,5.30,4.50,2.60,5.30,2026-09-14T01:41:03.884Z
MR7,PY40,5.50,5.50,4.70,2.70,5.50,2026-09-14T01:41:03.925Z
MR7,PY41,5.60,5.60,4.80,2.70,5.60,2026-09-14T01:41:03.933Z
MR7,SB1,10.20,10.20,8.60,5.00,10.20,2026-09-14T01:41:03.972Z
MR7,SB2,9.60,9.60,8.00,4.70,9.60,2026-09-14T01:41:03.979Z
MR7,SB3,8.90,8.90,7.50,4.40,8.90,2026-09-14T01:41:03.990Z
MR7,SB4,8.20,8.20,6.90,4.00,8.20,2026-09-14T01:41:04.015Z
MR7,SB5,7.50,7.50,6.30,3.70,7.50,2026-09-14T01:41:04.033Z
MR7,SB6,6.60,6.60,5.60,3.20,6.60,2026-09-14T01:41:04.058Z
MR7,SB7,5.60,5.60,4.80,2.70,5.60,2026-09-14T01:41:04.083Z
MR7,SP1,3.50,3.50,3.00,1.70,3.50,2026-09-14T01:41:04.091Z
MR7,SP10,2.20,2.20,1.90,1.00,2.20,2026-09-14T01:41:04.138Z
MR7,SP11,2.50,2.50,2.20,1.20,2.50,2026-09-14T01:41:04.135Z
MR7,SP12,3.00,3.00,2.70,1.50,3.00,2026-09-14T01:41:04.144Z
MR7,SP13,3.30,3.30,2.90,1.60,3.30,2026-09-14T01:41:04.187Z
MR7,SP14,3.80,3.80,3.20,1.80,3.80,2026-09-14T01:41:04.200Z
MR7,SP15,4.20,4.20,3.60,2.10,4.20,2026-09-14T01:41:04.243Z
MR7,SP16,4.10,4.10,3.50,2.00,4.10,2026-09-14T01:41:04.246Z
MR7,SP17,4.60,4.60,3.90,2.20,4.60,2026-09-14T01:41:04.252Z
MR7,SP18,4.70,4.70,4.10,2.30,4.70,2026-09-14T01:41:04.287Z
MR7,SP19,4.60,4.60,3.90,2.20,4.60,2026-09-14T01:41:04.320Z
MR7,SP2,3.20,3.20,2.80,1.60,3.20,2026-09-14T01:41:04.312Z
MR7,SP20,4.80,4.80,4.10,2.30,4.80,2026-09-14T01:41:04.364Z
MR7,SP21,5.00,5.00,4.30,2.40,5.00,2026-09-14T01:41:04.356Z
MR7,SP22,5.20,5.20,4.50,2.60,5.20,2026-09-14T01:41:04.404Z
MR7,SP24,5.00,5.00,4.30,2.40,5.00,2026-09-14T01:41:04.409Z
MR7,SP25,5.20,5.20,4.50,2.60,5.20,2026-09-14T01:41:04.413Z
MR7,SP26,4.50,4.50,3.90,2.20,4.50,2026-09-14T01:41:04.452Z
MR7,SP27,4.60,4.60,4.00,2.30,4.60,2026-09-14T01:41:04.469Z
MR7,SP28,4.80,4.80,4.10,2.30,4.80,2026-09-14T01:41:04.486Z
MR7,SP29,5.00,5.00,4.20,2.40,5.00,2026-09-14T01:41:04.514Z
MR7,SP3,3.10,3.10,2.70,1.50,3.10,2026-09-14T01:41:04.524Z
MR7,SP31,5.20,5.20,4.50,2.60,5.20,2026-09-14T01:41:04.562Z
MR7,SP4,3.00,3.00,2.60,1.40,3.00,2026-09-14T01:41:04.587Z
MR7,SP5,2.80,2.80,2.40,1.30,2.80,2026-09-14T01:41:04.566Z
MR7,SP6,2.60,2.60,2.30,1.20,2.60,2026-09-14T01:41:04.627Z
MR7,SP7,2.40,2.40,2.10,1.10,2.40,2026-09-14T01:41:04.628Z
MR7,SP8,2.10,2.10,1.90,1.00,2.10,2026-09-14T01:41:04.645Z
MR7,SP9,1.90,1.90,1.70,0.90,1.90,2026-09-14T01:41:04.682Z
MR8,MR9,1.40,1.40,1.30,0.60,1.40,2026-09-14T01:41:04.675Z
MR8,PY01,5.50,5.50,4.80,2.70,5.50,2026-09-14T01:41:04.724Z
MR8,PY03,5.70,5.70,5.00,2.80,5.70,2026-09-14T01:41:04.734Z
MR8,PY04,5.50,5.50,4.80,2.70,5.50,2026-09-14T01:41:04.777Z
MR8,PY05,5.30,5.30,4.60,2.60,5.30,2026-09-14T01:41:04.786Z
MR8,PY06,5.40,5.40,4.70,2.70,5.40,2026-09-14T01:41:04.785Z
MR8,PY07,5.10,5.10,4.50,2.50,5.10,2026-09-14T01:41:04.811Z
MR8,PY08,4.80,4.80,4.20,2.40,4.80,2026-09-14T01:41:04.832Z
MR8,PY09,4.90,4.90,4.30,2.40,4.90,2026-09-14T01:41:04.840Z
MR8,PY10,4.60,4.60,4.10,2.30,4.60,2026-09-14T01:41:04.885Z
MR8,PY11,4.40,4.40,3.90,2.10,4.40,2026-09-14T01:41:04.885Z
MR8,PY12,4.10,4.10,3.60,2.00,4.10,2026-09-14T01:41:04.928Z
MR8,PY13,3.80,3.80,3.40,1.80,3.80,2026-09-14T01:41:04.935Z
MR8,PY14,3.60,3.60,3.20,1.70,3.60,2026-09-14T01:41:04.948Z
MR8,PY15,3.30,3.30,3.00,1.60,3.30,2026-09-14T01:41:04.971Z
MR8,PY16,2.90,2.90,2.70,1.40,2.90,2026-09-14T01:41:05.015Z
MR8,PY17,2.50,2.50,2.30,1.20,2.50,2026-09-14T01:41:04.995Z
MR8,PY18,2.70,2.70,2.50,1.30,2.70,2026-09-14T01:41:05.041Z
MR8,PY19,3.10,3.10,2.80,1.50,3.10,2026-09-14T01:41:05.043Z
MR8,PY20,3.40,3.40,3.10,1.70,3.40,2026-09-14T01:41:05.093Z
MR8,PY21,3.60,3.60,3.20,1.80,3.60,2026-09-14T01:41:05.092Z
MR8,PY22,3.70,3.70,3.30,1.80,3.70,2026-09-14T01:41:05.129Z
MR8,PY23,3.40,3.40,3.10,1.70,3.40,2026-09-14T01:41:05.143Z
MR8,PY24,3.00,3.00,2.70,1.50,3.00,2026-09-14T01:41:05.185Z
MR8,PY27,4.40,4.40,3.90,2.20,4.40,2026-09-14T01:41:05.185Z
MR8,PY28,4.80,4.80,4.20,2.40,4.80,2026-09-14T01:41:05.210Z
MR8,PY29,4.60,4.60,4.00,2.30,4.60,2026-09-14T01:41:05.218Z
MR8,PY31,5.40,5.40,4.60,2.70,5.40,2026-09-14T01:41:05.268Z
MR8,PY32,5.40,5.40,4.70,2.60,5.40,2026-09-14T01:41:05.294Z
MR8,PY33,5.50,5.50,4.80,2.70,5.50,2026-09-14T01:41:05.301Z
MR8,PY34,5.70,5.70,5.00,2.80,5.70,2026-09-14T01:41:05.318Z
MR8,PY36,5.40,5.40,4.70,2.70,5.40,2026-09-14T01:41:05.356Z
MR8,PY37,5.60,5.60,4.90,2.80,5.60,2026-09-14T01:41:05.409Z
MR8,PY38,5.90,5.90,5.10,2.90,5.90,2026-09-14T01:41:05.371Z
MR8,PY39,5.80,5.80,5.00,2.90,5.80,2026-09-14T01:41:05.372Z
MR8,PY40,6.00,6.00,5.20,3.00,6.00,2026-09-14T01:41:05.417Z
MR8,PY41,6.10,6.10,5.30,3.00,6.10,2026-09-14T01:41:05.461Z
MR8,SB1,10.70,10.70,9.10,5.30,10.70,2026-09-14T01:41:05.454Z
MR8,SB2,10.10,10.10,8.50,5.00,10.10,2026-09-14T01:41:05.516Z
MR8,SB3,9.40,9.40,8.00,4.70,9.40,2026-09-14T01:41:05.507Z
MR8,SB4,8.70,8.70,7.40,4.30,8.70,2026-09-14T01:41:05.548Z
MR8,SB5,8.00,8.00,6.80,4.00,8.00,2026-09-14T01:41:05.548Z
MR8,SB6,7.10,7.10,6.10,3.50,7.10,2026-09-14T01:41:05.593Z
MR8,SB7,6.10,6.10,5.30,3.00,6.10,2026-09-14T01:41:05.592Z
MR8,SP1,3.00,3.00,2.70,1.40,3.00,2026-09-14T01:41:05.615Z
MR8,SP10,2.70,2.70,2.40,1.30,2.70,2026-09-14T01:41:05.631Z
MR8,SP11,3.00,3.00,2.70,1.50,3.00,2026-09-14T01:41:05.671Z
MR8,SP12,3.50,3.50,3.20,1.80,3.50,2026-09-14T01:41:05.682Z
MR8,SP13,3.80,3.80,3.40,1.90,3.80,2026-09-14T01:41:05.721Z
MR8,SP14,4.30,4.30,3.70,2.10,4.30,2026-09-14T01:41:05.719Z
MR8,SP15,4.70,4.70,4.10,2.40,4.70,2026-09-14T01:41:05.768Z
MR8,SP16,4.60,4.60,4.00,2.30,4.60,2026-09-14T01:41:05.757Z
MR8,SP17,5.10,5.10,4.40,2.50,5.10,2026-09-14T01:41:05.764Z
MR8,SP18,5.20,5.20,4.60,2.60,5.20,2026-09-14T01:41:05.809Z
MR8,SP19,5.10,5.10,4.40,2.50,5.10,2026-09-14T01:41:05.861Z
MR8,SP2,2.70,2.70,2.50,1.30,2.70,2026-09-14T01:41:05.842Z
MR8,SP20,5.30,5.30,4.60,2.60,5.30,2026-09-14T01:41:05.918Z
MR8,SP21,5.50,5.50,4.80,2.70,5.50,2026-09-14T01:41:05.903Z
MR8,SP22,5.70,5.70,5.00,2.90,5.70,2026-09-14T01:41:05.916Z
MR8,SP24,5.30,5.30,4.60,2.60,5.30,2026-09-14T01:41:05.923Z
MR8,SP25,5.50,5.50,4.80,2.70,5.50,2026-09-14T01:41:05.951Z
MR8,SP26,5.00,5.00,4.40,2.50,5.00,2026-09-14T01:41:05.982Z
MR8,SP27,5.10,5.10,4.50,2.60,5.10,2026-09-14T01:41:06.003Z
MR8,SP28,5.30,5.30,4.60,2.60,5.30,2026-09-14T01:41:06.027Z
MR8,SP29,5.50,5.50,4.70,2.70,5.50,2026-09-14T01:41:06.062Z
MR8,SP3,2.50,2.50,2.30,1.20,2.50,2026-09-14T01:41:06.064Z
MR8,SP31,5.70,5.70,5.00,2.90,5.70,2026-09-14T01:41:06.066Z
MR8,SP4,2.80,2.80,2.50,1.30,2.80,2026-09-14T01:41:06.079Z
MR8,SP5,3.00,3.00,2.70,1.40,3.00,2026-09-14T01:41:06.110Z
MR8,SP6,3.10,3.10,2.80,1.50,3.10,2026-09-14T01:41:06.151Z
MR8,SP7,2.90,2.90,2.60,1.40,2.90,2026-09-14T01:41:06.155Z
MR8,SP8,2.60,2.60,2.40,1.30,2.60,2026-09-14T01:41:06.199Z
MR8,SP9,2.40,2.40,2.20,1.20,2.40,2026-09-14T01:41:06.240Z
MR9,PY01,5.20,5.20,4.50,2.60,5.20,2026-09-14T01:41:06.228Z
MR9,PY03,5.50,5.50,4.70,2.70,5.50,2026-09-14T01:41:06.234Z
MR9,PY04,5.20,5.20,4.50,2.60,5.20,2026-09-14T01:41:06.259Z
MR9,PY05,5.00,5.00,4.30,2.50,5.00,2026-09-14T01:41:06.273Z
MR9,PY06,5.10,5.10,4.40,2.60,5.10,2026-09-14T01:41:06.303Z
MR9,PY07,4.80,4.80,4.20,2.40,4.80,2026-09-14T01:41:06.313Z
MR9,PY08,4.50,4.50,3.90,2.30,4.50,2026-09-14T01:41:06.347Z
MR9,PY09,4.60,4.60,4.00,2.30,4.60,2026-09-14T01:41:06.397Z
MR9,PY10,4.30,4.30,3.80,2.20,4.30,2026-09-14T01:41:06.398Z
MR9,PY11,4.10,4.10,3.60,2.00,4.10,2026-09-14T01:41:06.405Z
MR9,PY12,3.80,3.80,3.30,1.90,3.80,2026-09-14T01:41:06.668Z
MR9,PY13,3.50,3.50,3.10,1.70,3.50,2026-09-14T01:41:06.458Z
MR9,PY14,3.30,3.30,2.90,1.60,3.30,2026-09-14T01:41:06.470Z
MR9,PY15,3.00,3.00,2.70,1.50,3.00,2026-09-14T01:41:06.471Z
MR9,PY16,2.60,2.60,2.40,1.30,2.60,2026-09-14T01:41:06.513Z
MR9,PY17,2.20,2.20,2.00,1.10,2.20,2026-09-14T01:41:06.573Z
MR9,PY18,2.40,2.40,2.20,1.20,2.40,2026-09-14T01:41:06.561Z
MR9,PY19,2.80,2.80,2.50,1.40,2.80,2026-09-14T01:41:06.568Z
MR9,PY20,3.10,3.10,2.80,1.60,3.10,2026-09-14T01:41:06.612Z
MR9,PY21,3.30,3.30,2.90,1.70,3.30,2026-09-14T01:41:06.635Z
MR9,PY22,3.40,3.40,3.00,1.70,3.40,2026-09-14T01:41:06.633Z
MR9,PY23,3.60,3.60,3.20,1.80,3.60,2026-09-14T01:41:06.695Z
MR9,PY24,3.50,3.50,3.10,1.70,3.50,2026-09-14T01:41:06.724Z
MR9,PY27,4.90,4.90,4.20,2.40,4.90,2026-09-14T01:41:06.730Z
MR9,PY28,5.20,5.20,4.50,2.60,5.20,2026-09-14T01:41:06.737Z
MR9,PY29,4.80,4.80,4.20,2.40,4.80,2026-09-14T01:41:06.771Z
MR9,PY31,5.50,5.50,4.80,2.80,5.50,2026-09-14T01:41:06.795Z
MR9,PY32,5.10,5.10,4.40,2.50,5.10,2026-09-14T01:41:06.802Z
MR9,PY33,5.20,5.20,4.50,2.60,5.20,2026-09-14T01:41:06.829Z
MR9,PY34,5.40,5.40,4.70,2.70,5.40,2026-09-14T01:41:06.858Z
MR9,PY36,5.10,5.10,4.40,2.60,5.10,2026-09-14T01:41:06.877Z
MR9,PY37,5.30,5.30,4.60,2.70,5.30,2026-09-14T01:41:06.909Z
MR9,PY38,5.60,5.60,4.80,2.80,5.60,2026-09-14T01:41:06.919Z
MR9,PY39,5.80,5.80,5.00,2.90,5.80,2026-09-14T01:41:06.937Z
MR9,PY40,5.90,5.90,5.10,3.00,5.90,2026-09-14T01:41:06.952Z
MR9,PY41,6.00,6.00,5.20,3.00,6.00,2026-09-14T01:41:06.977Z
MR9,SB1,10.90,10.90,9.20,5.40,10.90,2026-09-14T01:41:06.993Z
MR9,SB2,10.30,10.30,8.60,5.10,10.30,2026-09-14T01:41:07.036Z
MR9,SB3,9.60,9.60,8.10,4.80,9.60,2026-09-14T01:41:07.040Z
MR9,SB4,8.90,8.90,7.50,4.40,8.90,2026-09-14T01:41:07.075Z
MR9,SB5,8.20,8.20,6.90,4.10,8.20,2026-09-14T01:41:07.083Z
MR9,SB6,7.30,7.30,6.20,3.60,7.30,2026-09-14T01:41:07.083Z
MR9,SB7,6.50,6.50,5.50,3.20,6.50,2026-09-14T01:41:07.118Z
MR9,SP1,2.70,2.70,2.40,1.30,2.70,2026-09-14T01:41:07.129Z
MR9,SP10,3.20,3.20,2.80,1.50,3.20,2026-09-14T01:41:07.161Z
MR9,SP11,3.50,3.50,3.10,1.70,3.50,2026-09-14T01:41:07.208Z
MR9,SP12,4.00,4.00,3.60,2.00,4.00,2026-09-14T01:41:07.214Z
MR9,SP13,4.30,4.30,3.80,2.10,4.30,2026-09-14T01:41:07.246Z
MR9,SP14,4.70,4.70,4.10,2.30,4.70,2026-09-14T01:41:07.259Z
MR9,SP15,5.10,5.10,4.40,2.50,5.10,2026-09-14T01:41:07.300Z
MR9,SP16,4.80,4.80,4.20,2.40,4.80,2026-09-14T01:41:07.293Z
MR9,SP17,5.20,5.20,4.50,2.60,5.20,2026-09-14T01:41:07.296Z
MR9,SP18,5.40,5.40,4.60,2.70,5.40,2026-09-14T01:41:07.327Z
MR9,SP19,5.00,5.00,4.30,2.50,5.00,2026-09-14T01:41:07.384Z
MR9,SP2,2.40,2.40,2.20,1.20,2.40,2026-09-14T01:41:07.374Z
MR9,SP20,5.10,5.10,4.40,2.60,5.10,2026-09-14T01:41:07.423Z
MR9,SP21,5.30,5.30,4.60,2.70,5.30,2026-09-14T01:41:07.420Z
MR9,SP22,5.50,5.50,4.80,2.80,5.50,2026-09-14T01:41:07.472Z
MR9,SP24,5.00,5.00,4.30,2.50,5.00,2026-09-14T01:41:07.477Z
MR9,SP25,5.20,5.20,4.50,2.60,5.20,2026-09-14T01:41:07.470Z
MR9,SP26,5.30,5.30,4.60,2.70,5.30,2026-09-14T01:41:07.501Z
MR9,SP27,5.40,5.40,4.70,2.70,5.40,2026-09-14T01:41:07.527Z
MR9,SP28,5.60,5.60,4.80,2.80,5.60,2026-09-14T01:41:07.553Z
MR9,SP29,5.70,5.70,4.90,2.90,5.70,2026-09-14T01:41:07.581Z
MR9,SP3,2.20,2.20,2.00,1.10,2.20,2026-09-14T01:41:07.578Z
MR9,SP31,6.00,6.00,5.20,3.00,6.00,2026-09-14T01:41:07.655Z
MR9,SP4,2.50,2.50,2.20,1.20,2.50,2026-09-14T01:41:07.622Z
MR9,SP5,2.70,2.70,2.40,1.30,2.70,2026-09-14T01:41:07.640Z
MR9,SP6,2.90,2.90,2.60,1.40,2.90,2026-09-14T01:41:07.680Z
MR9,SP7,3.10,3.10,2.70,1.50,3.10,2026-09-14T01:41:07.683Z
MR9,SP8,3.10,3.10,2.80,1.50,3.10,2026-09-14T01:41:07.716Z
MR9,SP9,2.90,2.90,2.60,1.40,2.90,2026-09-14T01:41:07.739Z
PY01,PY03,1.60,1.60,1.50,0.80,1.60,2026-09-14T01:41:07.767Z
PY01,PY04,2.00,2.00,1.80,1.00,2.00,2026-09-14T01:41:07.787Z
PY01,PY05,2.20,2.20,2.00,1.10,2.20,2026-09-14T01:41:07.791Z
PY01,PY06,2.70,2.70,2.40,1.40,2.70,2026-09-14T01:41:07.829Z
PY01,PY07,3.10,3.10,2.70,1.60,3.10,2026-09-14T01:41:07.834Z
PY01,PY08,3.10,3.10,2.70,1.50,3.10,2026-09-14T01:41:07.835Z
PY01,PY09,3.50,3.50,3.00,1.70,3.50,2026-09-14T01:41:07.869Z
PY01,PY10,3.70,3.70,3.20,1.80,3.70,2026-09-14T01:41:07.900Z
PY01,PY11,3.90,3.90,3.40,1.90,3.90,2026-09-14T01:41:07.911Z
PY01,PY12,3.60,3.60,3.10,1.70,3.60,2026-09-14T01:41:07.957Z
PY01,PY13,3.80,3.80,3.30,1.80,3.80,2026-09-14T01:41:07.959Z
PY01,PY14,4.00,4.00,3.50,2.00,4.00,2026-09-14T01:41:07.989Z
PY01,PY15,4.10,4.10,3.60,2.00,4.10,2026-09-14T01:41:08.007Z
PY01,PY16,3.70,3.70,3.20,1.80,3.70,2026-09-14T01:41:08.007Z
PY01,PY17,3.90,3.90,3.40,1.90,3.90,2026-09-14T01:41:08.039Z
PY01,PY18,4.00,4.00,3.50,1.90,4.00,2026-09-14T01:41:08.074Z
PY01,PY19,4.20,4.20,3.60,2.00,4.20,2026-09-14T01:41:08.084Z
PY01,PY20,4.20,4.20,3.60,2.00,4.20,2026-09-14T01:41:08.121Z
PY01,PY21,3.50,3.50,3.10,1.70,3.50,2026-09-14T01:41:08.123Z
PY01,PY22,3.60,3.60,3.20,1.80,3.60,2026-09-14T01:41:08.157Z
PY01,PY23,3.60,3.60,3.10,1.70,3.60,2026-09-14T01:41:08.177Z
PY01,PY24,3.90,3.90,3.40,1.90,3.90,2026-09-14T01:41:08.169Z
PY01,PY27,4.50,4.50,3.90,2.20,4.50,2026-09-14T01:41:08.210Z
PY01,PY28,4.60,4.60,4.00,2.30,4.60,2026-09-14T01:41:08.222Z
PY01,PY29,4.90,4.90,4.20,2.40,4.90,2026-09-14T01:41:08.253Z
PY01,PY31,5.10,5.10,4.40,2.50,5.10,2026-09-14T01:41:08.268Z
PY01,PY32,5.30,5.30,4.60,2.60,5.30,2026-09-14T01:41:08.279Z
PY01,PY33,5.40,5.40,4.60,2.60,5.40,2026-09-14T01:41:08.327Z
PY01,PY34,5.60,5.60,4.80,2.70,5.60,2026-09-14T01:41:08.332Z
PY01,PY36,6.10,6.10,5.20,3.00,6.10,2026-09-14T01:41:08.331Z
PY01,PY37,6.20,6.20,5.40,3.10,6.20,2026-09-14T01:41:08.377Z
PY01,PY38,6.40,6.40,5.40,3.10,6.40,2026-09-14T01:41:08.374Z
PY01,PY39,6.60,6.60,5.60,3.20,6.60,2026-09-14T01:41:08.424Z
PY01,PY40,6.70,6.70,5.70,3.30,6.70,2026-09-14T01:41:08.425Z
PY01,PY41,6.90,6.90,5.80,3.30,6.90,2026-09-14T01:41:08.441Z
PY01,SB1,11.70,11.70,9.90,5.70,11.70,2026-09-14T01:41:08.486Z
PY01,SB2,11.10,11.10,9.30,5.40,11.10,2026-09-14T01:41:08.490Z
PY01,SB3,10.40,10.40,8.80,5.10,10.40,2026-09-14T01:41:08.486Z
PY01,SB4,9.70,9.70,8.20,4.70,9.70,2026-09-14T01:41:08.537Z
PY01,SB5,9.00,9.00,7.60,4.40,9.00,2026-09-14T01:41:08.531Z
PY01,SB6,8.10,8.10,6.90,3.90,8.10,2026-09-14T01:41:08.606Z
PY01,SB7,7.30,7.30,6.20,3.50,7.30,2026-09-14T01:41:08.585Z
PY01,SP1,4.40,4.40,3.80,2.10,4.40,2026-09-14T01:41:08.609Z
PY01,SP10,4.20,4.20,3.70,2.10,4.20,2026-09-14T01:41:08.645Z
PY01,SP11,3.90,3.90,3.40,1.90,3.90,2026-09-14T01:41:08.644Z
PY01,SP12,4.40,4.40,3.80,2.20,4.40,2026-09-14T01:41:08.644Z
PY01,SP13,4.90,4.90,4.20,2.40,4.90,2026-09-14T01:41:08.695Z
PY01,SP14,5.20,5.20,4.50,2.60,5.20,2026-09-14T01:41:08.690Z
PY01,SP15,5.30,5.30,4.60,2.60,5.30,2026-09-14T01:41:08.739Z
PY01,SP16,4.90,4.90,4.20,2.40,4.90,2026-09-14T01:41:08.778Z
PY01,SP17,5.50,5.50,4.70,2.70,5.50,2026-09-14T01:41:08.778Z
PY01,SP18,5.80,5.80,4.90,2.80,5.80,2026-09-14T01:41:08.808Z
PY01,SP19,6.20,6.20,5.30,3.00,6.20,2026-09-14T01:41:08.812Z
PY01,SP2,4.10,4.10,3.60,2.00,4.10,2026-09-14T01:41:08.810Z
PY01,SP20,6.30,6.30,5.40,3.20,6.30,2026-09-14T01:41:08.850Z
PY01,SP21,6.60,6.60,5.60,3.30,6.60,2026-09-14T01:41:08.852Z
PY01,SP22,6.80,6.80,5.80,3.40,6.80,2026-09-14T01:41:08.901Z
PY01,SP24,6.60,6.60,5.70,3.30,6.60,2026-09-14T01:41:08.944Z
PY01,SP25,6.90,6.90,5.90,3.40,6.90,2026-09-14T01:41:08.944Z
PY01,SP26,6.80,6.80,5.70,3.40,6.80,2026-09-14T01:41:08.983Z
PY01,SP27,6.90,6.90,5.80,3.40,6.90,2026-09-14T01:41:08.984Z
PY01,SP28,6.50,6.50,5.50,3.20,6.50,2026-09-14T01:41:08.991Z
PY01,SP29,6.70,6.70,5.70,3.30,6.70,2026-09-14T01:41:09.027Z
PY01,SP3,3.90,3.90,3.40,1.90,3.90,2026-09-14T01:41:09.026Z
PY01,SP31,7.00,7.00,5.90,3.50,7.00,2026-09-14T01:41:09.080Z
PY01,SP4,4.20,4.20,3.60,2.00,4.20,2026-09-14T01:41:09.123Z
PY01,SP5,4.40,4.40,3.80,2.10,4.40,2026-09-14T01:41:09.118Z
PY01,SP6,4.50,4.50,3.90,2.20,4.50,2026-09-14T01:41:09.151Z
PY01,SP7,4.30,4.30,3.70,2.10,4.30,2026-09-14T01:41:09.181Z
PY01,SP8,4.10,4.10,3.50,2.00,4.10,2026-09-14T01:41:09.160Z
PY01,SP9,4.30,4.30,3.70,2.10,4.30,2026-09-14T01:41:09.189Z
PY03,PY04,1.20,1.20,1.10,0.60,1.20,2026-09-14T01:41:09.196Z
PY03,PY05,1.60,1.60,1.50,0.80,1.60,2026-09-14T01:41:09.246Z
PY03,PY06,2.00,2.00,1.80,1.00,2.00,2026-09-14T01:41:09.286Z
PY03,PY07,2.40,2.40,2.10,1.20,2.40,2026-09-14T01:41:09.292Z
PY03,PY08,2.80,2.80,2.40,1.40,2.80,2026-09-14T01:41:09.317Z
PY03,PY09,2.90,2.90,2.50,1.40,2.90,2026-09-14T01:41:09.336Z
PY03,PY10,3.10,3.10,2.70,1.50,3.10,2026-09-14T01:41:09.340Z
PY03,PY11,3.30,3.30,2.90,1.60,3.30,2026-09-14T01:41:09.346Z
PY03,PY12,3.50,3.50,3.10,1.70,3.50,2026-09-14T01:41:09.364Z
PY03,PY13,3.80,3.80,3.30,1.80,3.80,2026-09-14T01:41:09.404Z
PY03,PY14,3.50,3.50,3.10,1.70,3.50,2026-09-14T01:41:09.458Z
PY03,PY15,3.70,3.70,3.20,1.80,3.70,2026-09-14T01:41:09.451Z
PY03,PY16,3.90,3.90,3.40,1.90,3.90,2026-09-14T01:41:09.486Z
PY03,PY17,4.20,4.20,3.60,2.00,4.20,2026-09-14T01:41:09.494Z
PY03,PY18,4.30,4.30,3.70,2.10,4.30,2026-09-14T01:41:09.497Z
PY03,PY19,3.80,3.80,3.30,1.80,3.80,2026-09-14T01:41:09.509Z
PY03,PY20,4.00,4.00,3.40,1.90,4.00,2026-09-14T01:41:09.533Z
PY03,PY21,4.00,4.00,3.50,2.00,4.00,2026-09-14T01:41:09.563Z
PY03,PY22,4.10,4.10,3.60,2.00,4.10,2026-09-14T01:41:09.658Z
PY03,PY23,4.30,4.30,3.70,2.10,4.30,2026-09-14T01:41:09.631Z
PY03,PY24,3.60,3.60,3.20,1.80,3.60,2026-09-14T01:41:09.662Z
PY03,PY27,4.20,4.20,3.60,2.00,4.20,2026-09-14T01:41:09.669Z
PY03,PY28,4.30,4.30,3.80,2.10,4.30,2026-09-14T01:41:09.662Z
PY03,PY29,4.60,4.60,4.00,2.20,4.60,2026-09-14T01:41:09.693Z
PY03,PY31,4.80,4.80,4.20,2.40,4.80,2026-09-14T01:41:09.697Z
PY03,PY32,5.00,5.00,4.30,2.50,5.00,2026-09-14T01:41:09.744Z
PY03,PY33,5.10,5.10,4.40,2.50,5.10,2026-09-14T01:41:09.802Z
PY03,PY34,5.30,5.30,4.60,2.60,5.30,2026-09-14T01:41:09.890Z
PY03,PY36,5.80,5.80,5.00,2.80,5.80,2026-09-14T01:41:09.825Z
PY03,PY37,6.00,6.00,5.10,2.90,6.00,2026-09-14T01:41:09.831Z
PY03,PY38,6.20,6.20,5.30,3.10,6.20,2026-09-14T01:41:09.862Z
PY03,PY39,6.40,6.40,5.50,3.20,6.40,2026-09-14T01:41:09.849Z
PY03,PY40,6.60,6.60,5.60,3.20,6.60,2026-09-14T01:41:09.885Z
PY03,PY41,6.70,6.70,5.70,3.30,6.70,2026-09-14T01:41:09.898Z
PY03,SB1,12.50,12.50,10.60,6.10,12.50,2026-09-14T01:41:10.018Z
PY03,SB2,11.90,11.90,10.00,5.80,11.90,2026-09-14T01:41:10.000Z
PY03,SB3,11.20,11.20,9.50,5.50,11.20,2026-09-14T01:41:10.023Z
PY03,SB4,10.50,10.50,8.90,5.10,10.50,2026-09-14T01:41:10.017Z
PY03,SB5,9.80,9.80,8.30,4.80,9.80,2026-09-14T01:41:10.030Z
PY03,SB6,8.90,8.90,7.60,4.30,8.90,2026-09-14T01:41:10.075Z
PY03,SB7,8.10,8.10,6.90,3.90,8.10,2026-09-14T01:41:10.048Z
PY03,SP1,4.70,4.70,4.00,2.20,4.70,2026-09-14T01:41:10.076Z
PY03,SP10,3.90,3.90,3.50,2.00,3.90,2026-09-14T01:41:10.160Z
PY03,SP11,3.60,3.60,3.20,1.80,3.60,2026-09-14T01:41:10.182Z
PY03,SP12,4.20,4.20,3.70,2.10,4.20,2026-09-14T01:41:10.180Z
PY03,SP13,4.60,4.60,4.00,2.30,4.60,2026-09-14T01:41:10.193Z
PY03,SP14,4.90,4.90,4.30,2.50,4.90,2026-09-14T01:41:10.195Z
PY03,SP15,5.00,5.00,4.40,2.40,5.00,2026-09-14T01:41:10.201Z
PY03,SP16,4.60,4.60,4.00,2.20,4.60,2026-09-14T01:41:10.258Z
PY03,SP17,5.20,5.20,4.50,2.50,5.20,2026-09-14T01:41:10.227Z
PY03,SP18,5.50,5.50,4.70,2.60,5.50,2026-09-14T01:41:10.345Z
PY03,SP19,5.90,5.90,5.10,2.80,5.90,2026-09-14T01:41:10.348Z
PY03,SP2,4.40,4.40,3.80,2.10,4.40,2026-09-14T01:41:10.356Z
PY03,SP20,6.10,6.10,5.20,3.00,6.10,2026-09-14T01:41:10.368Z
PY03,SP21,6.30,6.30,5.50,3.10,6.30,2026-09-14T01:41:10.383Z
PY03,SP22,6.60,6.60,5.70,3.30,6.60,2026-09-14T01:41:10.443Z
PY03,SP24,6.40,6.40,5.50,3.20,6.40,2026-09-14T01:41:10.444Z
PY03,SP25,6.70,6.70,5.70,3.30,6.70,2026-09-14T01:41:10.419Z
PY03,SP26,6.80,6.80,5.90,3.40,6.80,2026-09-14T01:41:10.515Z
PY03,SP27,6.90,6.90,6.00,3.50,6.90,2026-09-14T01:41:10.512Z
PY03,SP28,6.30,6.30,5.40,3.10,6.30,2026-09-14T01:41:10.523Z
PY03,SP29,6.40,6.40,5.60,3.20,6.40,2026-09-14T01:41:10.545Z
PY03,SP3,4.20,4.20,3.60,2.00,4.20,2026-09-14T01:41:10.557Z
PY03,SP31,6.70,6.70,5.80,3.40,6.70,2026-09-14T01:41:10.586Z
PY03,SP4,4.50,4.50,3.80,2.10,4.50,2026-09-14T01:41:10.604Z
PY03,SP5,4.70,4.70,4.00,2.20,4.70,2026-09-14T01:41:10.604Z
PY03,SP6,4.70,4.70,4.10,2.30,4.70,2026-09-14T01:41:10.694Z
PY03,SP7,4.70,4.70,4.10,2.30,4.70,2026-09-14T01:41:10.693Z
PY03,SP8,4.40,4.40,3.80,2.20,4.40,2026-09-14T01:41:10.695Z
PY03,SP9,4.20,4.20,3.70,2.10,4.20,2026-09-14T01:41:10.718Z
PY04,PY05,1.20,1.20,1.20,0.60,1.20,2026-09-14T01:41:10.728Z
PY04,PY06,1.80,1.80,1.60,0.90,1.80,2026-09-14T01:41:10.743Z
PY04,PY07,2.10,2.10,1.90,1.00,2.10,2026-09-14T01:41:10.767Z
PY04,PY08,2.40,2.40,2.20,1.20,2.40,2026-09-14T01:41:10.764Z
PY04,PY09,2.90,2.90,2.50,1.40,2.90,2026-09-14T01:41:10.882Z
PY04,PY10,3.10,3.10,2.70,1.60,3.10,2026-09-14T01:41:10.865Z
PY04,PY11,3.00,3.00,2.60,1.50,3.00,2026-09-14T01:41:10.862Z
PY04,PY12,3.20,3.20,2.90,1.60,3.20,2026-09-14T01:41:10.887Z
PY04,PY13,3.50,3.50,3.10,1.70,3.50,2026-09-14T01:41:10.893Z
PY04,PY14,3.80,3.80,3.30,1.80,3.80,2026-09-14T01:41:10.904Z
PY04,PY15,3.90,3.90,3.40,1.90,3.90,2026-09-14T01:41:10.910Z
PY04,PY16,3.70,3.70,3.20,1.80,3.70,2026-09-14T01:41:10.940Z
PY04,PY17,3.90,3.90,3.40,1.90,3.90,2026-09-14T01:41:11.041Z
PY04,PY18,4.00,4.00,3.50,2.00,4.00,2026-09-14T01:41:11.073Z
PY04,PY19,4.30,4.30,3.70,2.10,4.30,2026-09-14T01:41:11.055Z
PY04,PY20,3.80,3.80,3.30,1.80,3.80,2026-09-14T01:41:11.056Z
PY04,PY21,3.90,3.90,3.40,1.90,3.90,2026-09-14T01:41:11.068Z
PY04,PY22,4.00,4.00,3.40,1.90,4.00,2026-09-14T01:41:11.073Z
PY04,PY23,4.10,4.10,3.60,2.00,4.10,2026-09-14T01:41:11.074Z
PY04,PY24,4.30,4.30,3.80,2.10,4.30,2026-09-14T01:41:11.110Z
PY04,PY27,4.00,4.00,3.50,2.00,4.00,2026-09-14T01:41:11.204Z
PY04,PY28,4.20,4.20,3.70,2.10,4.20,2026-09-14T01:41:11.222Z
PY04,PY29,4.40,4.40,3.80,2.20,4.40,2026-09-14T01:41:11.222Z
PY04,PY31,4.70,4.70,4.10,2.30,4.70,2026-09-14T01:41:11.259Z
PY04,PY32,4.90,4.90,4.20,2.40,4.90,2026-09-14T01:41:11.249Z
PY04,PY33,4.90,4.90,4.30,2.40,4.90,2026-09-14T01:41:11.488Z
PY04,PY34,5.10,5.10,4.40,2.50,5.10,2026-09-14T01:41:11.249Z
PY04,PY36,5.60,5.60,4.90,2.80,5.60,2026-09-14T01:41:11.268Z
PY04,PY37,5.80,5.80,5.00,2.90,5.80,2026-09-14T01:41:11.388Z
PY04,PY38,6.10,6.10,5.20,3.00,6.10,2026-09-14T01:41:11.403Z
PY04,PY39,6.30,6.30,5.40,3.10,6.30,2026-09-14T01:41:11.402Z
PY04,PY40,6.40,6.40,5.50,3.20,6.40,2026-09-14T01:41:11.413Z
PY04,PY41,6.50,6.50,5.60,3.20,6.50,2026-09-14T01:41:11.403Z
PY04,SB1,12.60,12.60,10.60,6.20,12.60,2026-09-14T01:41:11.414Z
PY04,SB2,12.00,12.00,10.00,5.90,12.00,2026-09-14T01:41:11.437Z
PY04,SB3,11.30,11.30,9.50,5.60,11.30,2026-09-14T01:41:11.546Z
PY04,SB4,10.60,10.60,8.90,5.20,10.60,2026-09-14T01:41:11.561Z
PY04,SB5,9.90,9.90,8.30,4.90,9.90,2026-09-14T01:41:11.563Z
PY04,SB6,9.00,9.00,7.60,4.40,9.00,2026-09-14T01:41:11.569Z
PY04,SB7,8.20,8.20,6.90,4.00,8.20,2026-09-14T01:41:11.607Z
PY04,SP1,4.40,4.40,3.80,2.10,4.40,2026-09-14T01:41:11.580Z
PY04,SP10,4.60,4.60,4.10,2.30,4.60,2026-09-14T01:41:11.602Z
PY04,SP11,4.30,4.30,3.80,2.10,4.30,2026-09-14T01:41:11.654Z
PY04,SP12,4.90,4.90,4.30,2.40,4.90,2026-09-14T01:41:11.715Z
PY04,SP13,5.30,5.30,4.60,2.60,5.30,2026-09-14T01:41:11.734Z
PY04,SP14,5.40,5.40,4.60,2.70,5.40,2026-09-14T01:41:11.733Z
PY04,SP15,4.80,4.80,4.20,2.40,4.80,2026-09-14T01:41:11.735Z
PY04,SP16,4.40,4.40,3.80,2.20,4.40,2026-09-14T01:41:11.759Z
PY04,SP17,5.00,5.00,4.30,2.50,5.00,2026-09-14T01:41:11.745Z
PY04,SP18,5.30,5.30,4.50,2.60,5.30,2026-09-14T01:41:11.761Z
PY04,SP19,5.70,5.70,4.90,2.80,5.70,2026-09-14T01:41:11.805Z
PY04,SP2,4.10,4.10,3.60,2.00,4.10,2026-09-14T01:41:11.898Z
PY04,SP20,5.90,5.90,5.00,3.00,5.90,2026-09-14T01:41:11.906Z
PY04,SP21,6.20,6.20,5.30,3.10,6.20,2026-09-14T01:41:11.922Z
PY04,SP22,6.60,6.60,5.60,3.30,6.60,2026-09-14T01:41:11.911Z
PY04,SP24,6.70,6.70,5.70,3.30,6.70,2026-09-14T01:41:11.972Z
PY04,SP25,6.90,6.90,5.90,3.40,6.90,2026-09-14T01:41:11.918Z
PY04,SP26,6.90,6.90,5.90,3.50,6.90,2026-09-14T01:41:11.930Z
PY04,SP27,7.10,7.10,6.00,3.50,7.10,2026-09-14T01:41:11.962Z
PY04,SP28,7.00,7.00,6.00,3.40,7.00,2026-09-14T01:41:12.069Z
PY04,SP29,7.10,7.10,6.20,3.50,7.10,2026-09-14T01:41:12.079Z
PY04,SP3,3.90,3.90,3.40,1.90,3.90,2026-09-14T01:41:12.075Z
PY04,SP31,7.40,7.40,6.30,3.70,7.40,2026-09-14T01:41:12.079Z
PY04,SP4,4.20,4.20,3.60,2.00,4.20,2026-09-14T01:41:12.111Z
PY04,SP5,4.40,4.40,3.80,2.10,4.40,2026-09-14T01:41:12.105Z
PY04,SP6,4.60,4.60,4.00,2.20,4.60,2026-09-14T01:41:12.120Z
PY04,SP7,4.80,4.80,4.10,2.30,4.80,2026-09-14T01:41:12.124Z
PY04,SP8,4.90,4.90,4.30,2.40,4.90,2026-09-14T01:41:12.228Z
PY04,SP9,4.90,4.90,4.30,2.40,4.90,2026-09-14T01:41:12.243Z
PY05,PY06,1.30,1.30,1.20,0.70,1.30,2026-09-14T01:41:12.252Z
PY05,PY07,1.80,1.80,1.60,0.90,1.80,2026-09-14T01:41:12.243Z
PY05,PY08,2.00,2.00,1.80,1.00,2.00,2026-09-14T01:41:12.273Z
PY05,PY09,2.50,2.50,2.20,1.20,2.50,2026-09-14T01:41:12.271Z
PY05,PY10,2.70,2.70,2.40,1.40,2.70,2026-09-14T01:41:12.275Z
PY05,PY11,3.00,3.00,2.60,1.50,3.00,2026-09-14T01:41:12.285Z
PY05,PY12,2.90,2.90,2.60,1.40,2.90,2026-09-14T01:41:12.409Z
PY05,PY13,3.20,3.20,2.80,1.50,3.20,2026-09-14T01:41:12.418Z
PY05,PY14,3.50,3.50,3.00,1.70,3.50,2026-09-14T01:41:12.431Z
PY05,PY15,3.60,3.60,3.20,1.80,3.60,2026-09-14T01:41:12.430Z
PY05,PY16,3.90,3.90,3.40,1.90,3.90,2026-09-14T01:41:12.443Z
PY05,PY17,3.70,3.70,3.20,1.80,3.70,2026-09-14T01:41:12.455Z
PY05,PY18,3.80,3.80,3.30,1.80,3.80,2026-09-14T01:41:12.446Z
PY05,PY19,4.00,4.00,3.50,2.00,4.00,2026-09-14T01:41:12.452Z
PY05,PY20,4.20,4.20,3.70,2.10,4.20,2026-09-14T01:41:12.595Z
PY05,PY21,4.30,4.30,3.80,2.10,4.30,2026-09-14T01:41:12.582Z
PY05,PY22,3.70,3.70,3.30,1.80,3.70,2026-09-14T01:41:12.593Z
PY05,PY23,3.90,3.90,3.40,1.90,3.90,2026-09-14T01:41:12.629Z
PY05,PY24,4.10,4.10,3.60,2.00,4.10,2026-09-14T01:41:12.611Z
PY05,PY27,3.90,3.90,3.40,1.90,3.90,2026-09-14T01:41:12.604Z
PY05,PY28,4.10,4.10,3.50,2.00,4.10,2026-09-14T01:41:12.622Z
PY05,PY29,4.30,4.30,3.70,2.10,4.30,2026-09-14T01:41:12.623Z
PY05,PY31,4.50,4.50,3.90,2.20,4.50,2026-09-14T01:41:12.752Z
PY05,PY32,4.70,4.70,4.10,2.30,4.70,2026-09-14T01:41:12.772Z
PY05,PY33,4.80,4.80,4.10,2.30,4.80,2026-09-14T01:41:12.776Z
PY05,PY34,5.00,5.00,4.30,2.40,5.00,2026-09-14T01:41:12.773Z
PY05,PY36,5.50,5.50,4.70,2.70,5.50,2026-09-14T01:41:12.828Z
PY05,PY37,5.70,5.70,4.90,2.80,5.70,2026-09-14T01:41:12.796Z
PY05,PY38,5.90,5.90,5.10,2.90,5.90,2026-09-14T01:41:12.833Z
PY05,PY39,6.10,6.10,5.20,3.00,6.10,2026-09-14T01:41:12.807Z
PY05,PY40,6.30,6.30,5.40,3.10,6.30,2026-09-14T01:41:12.942Z
PY05,PY41,6.40,6.40,5.50,3.10,6.40,2026-09-14T01:41:12.935Z
PY05,SB1,12.40,12.40,10.40,6.10,12.40,2026-09-14T01:41:12.939Z
PY05,SB2,11.80,11.80,9.80,5.80,11.80,2026-09-14T01:41:12.939Z
PY05,SB3,11.10,11.10,9.30,5.50,11.10,2026-09-14T01:41:12.970Z
PY05,SB4,10.40,10.40,8.70,5.10,10.40,2026-09-14T01:41:12.977Z
PY05,SB5,9.70,9.70,8.10,4.80,9.70,2026-09-14T01:41:12.986Z
PY05,SB6,8.80,8.80,7.40,4.30,8.80,2026-09-14T01:41:12.986Z
PY05,SB7,8.00,8.00,6.70,3.90,8.00,2026-09-14T01:41:13.102Z
PY05,SP1,4.20,4.20,3.60,2.00,4.20,2026-09-14T01:41:13.113Z
PY05,SP10,4.40,4.40,3.90,2.20,4.40,2026-09-14T01:41:13.109Z
PY05,SP11,4.10,4.10,3.60,2.00,4.10,2026-09-14T01:41:13.111Z
PY05,SP12,4.70,4.70,4.10,2.30,4.70,2026-09-14T01:41:13.136Z
PY05,SP13,5.10,5.10,4.40,2.50,5.10,2026-09-14T01:41:13.161Z
PY05,SP14,5.30,5.30,4.50,2.60,5.30,2026-09-14T01:41:13.147Z
PY05,SP15,4.70,4.70,4.10,2.30,4.70,2026-09-14T01:41:13.153Z
PY05,SP16,4.30,4.30,3.70,2.10,4.30,2026-09-14T01:41:13.284Z
PY05,SP17,4.90,4.90,4.20,2.40,4.90,2026-09-14T01:41:13.281Z
PY05,SP18,5.20,5.20,4.40,2.50,5.20,2026-09-14T01:41:13.275Z
PY05,SP19,5.60,5.60,4.80,2.70,5.60,2026-09-14T01:41:13.288Z
PY05,SP2,3.90,3.90,3.40,1.90,3.90,2026-09-14T01:41:13.301Z
PY05,SP20,5.80,5.80,4.90,2.90,5.80,2026-09-14T01:41:13.320Z
PY05,SP21,6.10,6.10,5.20,3.00,6.10,2026-09-14T01:41:13.322Z
PY05,SP22,6.50,6.50,5.50,3.20,6.50,2026-09-14T01:41:13.325Z
PY05,SP24,6.50,6.50,5.50,3.20,6.50,2026-09-14T01:41:13.455Z
PY05,SP25,6.70,6.70,5.70,3.30,6.70,2026-09-14T01:41:13.449Z
PY05,SP26,6.80,6.80,5.80,3.40,6.80,2026-09-14T01:41:13.472Z
PY05,SP27,6.90,6.90,5.90,3.40,6.90,2026-09-14T01:41:13.472Z
PY05,SP28,6.80,6.80,5.80,3.30,6.80,2026-09-14T01:41:13.482Z
PY05,SP29,6.90,6.90,6.00,3.40,6.90,2026-09-14T01:41:13.495Z
PY05,SP3,3.70,3.70,3.20,1.80,3.70,2026-09-14T01:41:13.489Z
PY05,SP31,7.20,7.20,6.20,3.60,7.20,2026-09-14T01:41:13.495Z
PY05,SP4,4.00,4.00,3.40,1.90,4.00,2026-09-14T01:41:13.615Z
PY05,SP5,4.20,4.20,3.60,2.00,4.20,2026-09-14T01:41:13.692Z
PY05,SP6,4.40,4.40,3.80,2.10,4.40,2026-09-14T01:41:13.664Z
PY05,SP7,4.60,4.60,3.90,2.20,4.60,2026-09-14T01:41:13.680Z
PY05,SP8,4.70,4.70,4.10,2.30,4.70,2026-09-14T01:41:13.683Z
PY05,SP9,4.70,4.70,4.10,2.30,4.70,2026-09-14T01:41:13.681Z
PY06,PY07,1.30,1.30,1.20,0.60,1.30,2026-09-14T01:41:13.679Z
PY06,PY08,1.70,1.70,1.50,0.80,1.70,2026-09-14T01:41:13.684Z
PY06,PY09,2.00,2.00,1.80,1.00,2.00,2026-09-14T01:41:13.790Z
PY06,PY10,2.30,2.30,2.00,1.10,2.30,2026-09-14T01:41:13.838Z
PY06,PY11,2.50,2.50,2.20,1.30,2.50,2026-09-14T01:41:13.860Z
PY06,PY12,2.80,2.80,2.50,1.40,2.80,2026-09-14T01:41:13.840Z
PY06,PY13,3.10,3.10,2.70,1.60,3.10,2026-09-14T01:41:13.841Z
PY06,PY14,3.10,3.10,2.70,1.50,3.10,2026-09-14T01:41:13.898Z
PY06,PY15,3.20,3.20,2.80,1.60,3.20,2026-09-14T01:41:13.846Z
PY06,PY16,3.50,3.50,3.10,1.70,3.50,2026-09-14T01:41:13.889Z
PY06,PY17,3.80,3.80,3.30,1.90,3.80,2026-09-14T01:41:13.957Z
PY06,PY18,3.50,3.50,3.00,1.70,3.50,2026-09-14T01:41:14.002Z
PY06,PY19,3.70,3.70,3.20,1.80,3.70,2026-09-14T01:41:14.011Z
PY06,PY20,3.90,3.90,3.40,1.90,3.90,2026-09-14T01:41:14.010Z
PY06,PY21,4.00,4.00,3.50,2.00,4.00,2026-09-14T01:41:14.025Z
PY06,PY22,4.10,4.10,3.60,2.00,4.10,2026-09-14T01:41:14.037Z
PY06,PY23,4.30,4.30,3.70,2.10,4.30,2026-09-14T01:41:14.054Z
PY06,PY24,3.90,3.90,3.40,1.90,3.90,2026-09-14T01:41:14.046Z
PY06,PY27,3.70,3.70,3.20,1.80,3.70,2026-09-14T01:41:14.131Z
PY06,PY28,3.90,3.90,3.40,1.90,3.90,2026-09-14T01:41:14.171Z
PY06,PY29,4.10,4.10,3.50,2.00,4.10,2026-09-14T01:41:14.174Z
PY06,PY31,4.30,4.30,3.80,2.10,4.30,2026-09-14T01:41:14.184Z
PY06,PY32,4.50,4.50,3.90,2.20,4.50,2026-09-14T01:41:14.178Z
PY06,PY33,4.60,4.60,4.00,2.30,4.60,2026-09-14T01:41:14.207Z
PY06,PY34,4.80,4.80,4.20,2.40,4.80,2026-09-14T01:41:14.440Z
PY06,PY36,5.30,5.30,4.60,2.60,5.30,2026-09-14T01:41:14.214Z
PY06,PY37,5.50,5.50,4.70,2.70,5.50,2026-09-14T01:41:14.297Z
PY06,PY38,5.70,5.70,4.90,2.80,5.70,2026-09-14T01:41:14.341Z
PY06,PY39,5.90,5.90,5.10,2.90,5.90,2026-09-14T01:41:14.355Z
PY06,PY40,6.10,6.10,5.20,3.00,6.10,2026-09-14T01:41:14.348Z
PY06,PY41,6.20,6.20,5.30,3.10,6.20,2026-09-14T01:41:14.346Z
PY06,SB1,12.50,12.50,10.50,6.20,12.50,2026-09-14T01:41:14.387Z
PY06,SB2,11.90,11.90,9.90,5.90,11.90,2026-09-14T01:41:14.381Z
PY06,SB3,11.20,11.20,9.40,5.60,11.20,2026-09-14T01:41:14.481Z
PY06,SB4,10.50,10.50,8.80,5.20,10.50,2026-09-14T01:41:14.503Z
PY06,SB5,9.80,9.80,8.20,4.90,9.80,2026-09-14T01:41:14.518Z
PY06,SB6,8.90,8.90,7.50,4.40,8.90,2026-09-14T01:41:14.516Z
PY06,SB7,8.10,8.10,6.80,4.00,8.10,2026-09-14T01:41:14.521Z
PY06,SP1,4.30,4.30,3.70,2.10,4.30,2026-09-14T01:41:14.527Z
PY06,SP10,4.20,4.20,3.70,2.10,4.20,2026-09-14T01:41:14.550Z
PY06,SP11,3.90,3.90,3.40,1.90,3.90,2026-09-14T01:41:14.617Z
PY06,SP12,4.50,4.50,3.90,2.20,4.50,2026-09-14T01:41:14.651Z
PY06,SP13,4.90,4.90,4.20,2.40,4.90,2026-09-14T01:41:14.664Z
PY06,SP14,5.10,5.10,4.30,2.50,5.10,2026-09-14T01:41:14.659Z
PY06,SP15,4.50,4.50,3.90,2.20,4.50,2026-09-14T01:41:14.677Z
PY06,SP16,4.10,4.10,3.50,2.00,4.10,2026-09-14T01:41:14.677Z
PY06,SP17,4.70,4.70,4.00,2.30,4.70,2026-09-14T01:41:14.707Z
PY06,SP18,5.00,5.00,4.20,2.40,5.00,2026-09-14T01:41:14.710Z
PY06,SP19,5.40,5.40,4.60,2.60,5.40,2026-09-14T01:41:14.789Z
PY06,SP2,4.00,4.00,3.50,2.00,4.00,2026-09-14T01:41:14.825Z
PY06,SP20,5.60,5.60,4.70,2.80,5.60,2026-09-14T01:41:14.833Z
PY06,SP21,5.90,5.90,5.00,2.90,5.90,2026-09-14T01:41:14.828Z
PY06,SP22,6.30,6.30,5.30,3.10,6.30,2026-09-14T01:41:14.835Z
PY06,SP24,6.50,6.50,5.50,3.20,6.50,2026-09-14T01:41:14.860Z
PY06,SP25,6.80,6.80,5.80,3.40,6.80,2026-09-14T01:41:14.867Z
PY06,SP26,6.60,6.60,5.60,3.30,6.60,2026-09-14T01:41:14.878Z
PY06,SP27,6.80,6.80,5.70,3.30,6.80,2026-09-14T01:41:14.988Z
PY06,SP28,6.60,6.60,5.60,3.20,6.60,2026-09-14T01:41:15.013Z
PY06,SP29,6.70,6.70,5.80,3.30,6.70,2026-09-14T01:41:15.003Z
PY06,SP3,3.80,3.80,3.30,1.90,3.80,2026-09-14T01:41:15.000Z
PY06,SP31,7.00,7.00,6.00,3.50,7.00,2026-09-14T01:41:15.004Z
PY06,SP4,4.10,4.10,3.50,2.00,4.10,2026-09-14T01:41:15.031Z
PY06,SP5,4.30,4.30,3.70,2.10,4.30,2026-09-14T01:41:15.031Z
PY06,SP6,4.50,4.50,3.90,2.20,4.50,2026-09-14T01:41:15.030Z
PY06,SP7,4.70,4.70,4.00,2.30,4.70,2026-09-14T01:41:15.190Z
PY06,SP8,4.70,4.70,4.00,2.30,4.70,2026-09-14T01:41:15.178Z
PY06,SP9,4.50,4.50,3.90,2.20,4.50,2026-09-14T01:41:15.169Z
PY07,PY08,1.20,1.20,1.10,0.60,1.20,2026-09-14T01:41:15.197Z
PY07,PY09,1.70,1.70,1.60,0.90,1.70,2026-09-14T01:41:15.191Z
PY07,PY10,2.00,2.00,1.80,1.00,2.00,2026-09-14T01:41:15.235Z
PY07,PY11,2.10,2.10,1.90,1.10,2.10,2026-09-14T01:41:15.211Z
PY07,PY12,2.40,2.40,2.10,1.20,2.40,2026-09-14T01:41:15.213Z
PY07,PY13,2.70,2.70,2.40,1.40,2.70,2026-09-14T01:41:15.342Z
PY07,PY14,3.10,3.10,2.70,1.50,3.10,2026-09-14T01:41:15.348Z
PY07,PY15,2.90,2.90,2.60,1.40,2.90,2026-09-14T01:41:15.386Z
PY07,PY16,3.20,3.20,2.80,1.50,3.20,2026-09-14T01:41:15.353Z
PY07,PY17,3.50,3.50,3.10,1.70,3.50,2026-09-14T01:41:15.387Z
PY07,PY18,3.60,3.60,3.20,1.80,3.60,2026-09-14T01:41:15.393Z
PY07,PY19,3.90,3.90,3.40,1.90,3.90,2026-09-14T01:41:15.405Z
PY07,PY20,3.60,3.60,3.20,1.80,3.60,2026-09-14T01:41:15.404Z
PY07,PY21,3.70,3.70,3.30,1.80,3.70,2026-09-14T01:41:15.506Z
PY07,PY22,3.90,3.90,3.40,1.90,3.90,2026-09-14T01:41:15.513Z
PY07,PY23,4.00,4.00,3.50,2.00,4.00,2026-09-14T01:41:15.523Z
PY07,PY24,3.60,3.60,3.20,1.80,3.60,2026-09-14T01:41:15.565Z
PY07,PY27,3.50,3.50,3.10,1.70,3.50,2026-09-14T01:41:15.557Z
PY07,PY28,3.70,3.70,3.20,1.80,3.70,2026-09-14T01:41:15.605Z
PY07,PY29,3.90,3.90,3.40,1.90,3.90,2026-09-14T01:41:15.556Z
PY07,PY31,4.20,4.20,3.60,2.00,4.20,2026-09-14T01:41:15.563Z
PY07,PY32,4.30,4.30,3.80,2.10,4.30,2026-09-14T01:41:15.655Z
PY07,PY33,4.40,4.40,3.80,2.20,4.40,2026-09-14T01:41:15.671Z
PY07,PY34,4.60,4.60,4.00,2.30,4.60,2026-09-14T01:41:15.689Z
PY07,PY36,5.10,5.10,4.40,2.50,5.10,2026-09-14T01:41:15.710Z
PY07,PY37,5.30,5.30,4.60,2.60,5.30,2026-09-14T01:41:15.723Z
PY07,PY38,5.50,5.50,4.80,2.70,5.50,2026-09-14T01:41:15.721Z
PY07,PY39,5.80,5.80,4.90,2.80,5.80,2026-09-14T01:41:15.858Z
PY07,PY40,5.90,5.90,5.10,2.90,5.90,2026-09-14T01:41:15.774Z
PY07,PY41,6.00,6.00,5.20,3.00,6.00,2026-09-14T01:41:15.818Z
PY07,SB1,12.20,12.20,10.30,6.00,12.20,2026-09-14T01:41:15.835Z
PY07,SB2,11.60,11.60,9.70,5.70,11.60,2026-09-14T01:41:15.871Z
PY07,SB3,10.90,10.90,9.20,5.40,10.90,2026-09-14T01:41:15.869Z
PY07,SB4,10.20,10.20,8.60,5.00,10.20,2026-09-14T01:41:15.886Z
PY07,SB5,9.50,9.50,8.00,4.70,9.50,2026-09-14T01:41:15.881Z
PY07,SB6,8.60,8.60,7.30,4.20,8.60,2026-09-14T01:41:15.926Z
PY07,SB7,7.80,7.80,6.60,3.80,7.80,2026-09-14T01:41:15.984Z
PY07,SP1,4.00,4.00,3.50,1.90,4.00,2026-09-14T01:41:16.019Z
PY07,SP10,3.90,3.90,3.50,2.00,3.90,2026-09-14T01:41:16.030Z
PY07,SP11,3.60,3.60,3.20,1.80,3.60,2026-09-14T01:41:16.035Z
PY07,SP12,4.20,4.20,3.70,2.10,4.20,2026-09-14T01:41:16.055Z
PY07,SP13,4.60,4.60,4.00,2.30,4.60,2026-09-14T01:41:16.029Z
PY07,SP14,4.90,4.90,4.20,2.40,4.90,2026-09-14T01:41:16.070Z
PY07,SP15,4.30,4.30,3.80,2.10,4.30,2026-09-14T01:41:16.077Z
PY07,SP16,3.90,3.90,3.40,1.90,3.90,2026-09-14T01:41:16.159Z
PY07,SP17,4.50,4.50,3.90,2.20,4.50,2026-09-14T01:41:16.197Z
PY07,SP18,4.80,4.80,4.10,2.30,4.80,2026-09-14T01:41:16.193Z
PY07,SP19,5.20,5.20,4.50,2.50,5.20,2026-09-14T01:41:16.217Z
PY07,SP2,3.70,3.70,3.30,1.80,3.70,2026-09-14T01:41:16.218Z
PY07,SP20,5.40,5.40,4.60,2.70,5.40,2026-09-14T01:41:16.220Z
PY07,SP21,5.70,5.70,4.90,2.80,5.70,2026-09-14T01:41:16.264Z
PY07,SP22,6.10,6.10,5.20,3.00,6.10,2026-09-14T01:41:16.241Z
PY07,SP24,6.30,6.30,5.40,3.10,6.30,2026-09-14T01:41:16.312Z
PY07,SP25,6.50,6.50,5.60,3.20,6.50,2026-09-14T01:41:16.359Z
PY07,SP26,6.40,6.40,5.50,3.20,6.40,2026-09-14T01:41:16.358Z
PY07,SP27,6.60,6.60,5.60,3.20,6.60,2026-09-14T01:41:16.389Z
PY07,SP28,6.30,6.30,5.40,3.10,6.30,2026-09-14T01:41:16.445Z
PY07,SP29,6.40,6.40,5.60,3.20,6.40,2026-09-14T01:41:16.405Z
PY07,SP3,3.50,3.50,3.10,1.70,3.50,2026-09-14T01:41:16.407Z
PY07,SP31,6.70,6.70,5.80,3.40,6.70,2026-09-14T01:41:16.430Z
PY07,SP4,3.80,3.80,3.30,1.80,3.80,2026-09-14T01:41:16.477Z
PY07,SP5,4.00,4.00,3.50,1.90,4.00,2026-09-14T01:41:16.510Z
PY07,SP6,4.20,4.20,3.70,2.00,4.20,2026-09-14T01:41:16.523Z
PY07,SP7,4.40,4.40,3.80,2.10,4.40,2026-09-14T01:41:16.559Z
PY07,SP8,4.40,4.40,3.80,2.20,4.40,2026-09-14T01:41:16.561Z
PY07,SP9,4.20,4.20,3.70,2.10,4.20,2026-09-14T01:41:16.562Z
PY08,PY09,1.30,1.30,1.20,0.70,1.30,2026-09-14T01:41:16.594Z
PY08,PY10,1.60,1.60,1.50,0.80,1.60,2026-09-14T01:41:16.602Z
PY08,PY11,1.90,1.90,1.70,0.90,1.90,2026-09-14T01:41:16.641Z
PY08,PY12,2.00,2.00,1.80,1.00,2.00,2026-09-14T01:41:16.727Z
PY08,PY13,2.40,2.40,2.10,1.20,2.40,2026-09-14T01:41:16.697Z
PY08,PY14,2.70,2.70,2.40,1.30,2.70,2026-09-14T01:41:16.743Z
PY08,PY15,2.90,2.90,2.50,1.40,2.90,2026-09-14T01:41:16.742Z
PY08,PY16,2.90,2.90,2.60,1.40,2.90,2026-09-14T01:41:16.744Z
PY08,PY17,3.20,3.20,2.80,1.60,3.20,2026-09-14T01:41:16.747Z
PY08,PY18,3.30,3.30,2.90,1.60,3.30,2026-09-14T01:41:16.759Z
PY08,PY19,3.60,3.60,3.20,1.80,3.60,2026-09-14T01:41:16.790Z
PY08,PY20,3.90,3.90,3.40,1.90,3.90,2026-09-14T01:41:16.869Z
PY08,PY21,3.50,3.50,3.10,1.70,3.50,2026-09-14T01:41:16.887Z
PY08,PY22,3.60,3.60,3.20,1.80,3.60,2026-09-14T01:41:16.916Z
PY08,PY23,3.80,3.80,3.30,1.80,3.80,2026-09-14T01:41:16.897Z
PY08,PY24,4.10,4.10,3.60,2.00,4.10,2026-09-14T01:41:16.914Z
PY08,PY27,4.20,4.20,3.70,2.10,4.20,2026-09-14T01:41:16.935Z
PY08,PY28,3.50,3.50,3.10,1.70,3.50,2026-09-14T01:41:16.921Z
PY08,PY29,3.80,3.80,3.30,1.80,3.80,2026-09-14T01:41:16.949Z
PY08,PY31,4.00,4.00,3.50,2.00,4.00,2026-09-14T01:41:17.045Z
PY08,PY32,4.20,4.20,3.60,2.10,4.20,2026-09-14T01:41:17.057Z
PY08,PY33,4.30,4.30,3.70,2.10,4.30,2026-09-14T01:41:17.068Z
PY08,PY34,4.50,4.50,3.90,2.20,4.50,2026-09-14T01:41:17.067Z
PY08,PY36,5.00,5.00,4.30,2.40,5.00,2026-09-14T01:41:17.075Z
PY08,PY37,5.20,5.20,4.40,2.50,5.20,2026-09-14T01:41:17.087Z
PY08,PY38,5.40,5.40,4.70,2.70,5.40,2026-09-14T01:41:17.104Z
PY08,PY39,5.60,5.60,4.80,2.80,5.60,2026-09-14T01:41:17.106Z
PY08,PY40,5.80,5.80,5.00,2.80,5.80,2026-09-14T01:41:17.210Z
PY08,PY41,5.90,5.90,5.10,2.90,5.90,2026-09-14T01:41:17.228Z
PY08,SB1,11.90,11.90,10.00,5.90,11.90,2026-09-14T01:41:17.237Z
PY08,SB2,11.30,11.30,9.40,5.60,11.30,2026-09-14T01:41:17.226Z
PY08,SB3,10.60,10.60,8.90,5.30,10.60,2026-09-14T01:41:17.241Z
PY08,SB4,9.90,9.90,8.30,4.90,9.90,2026-09-14T01:41:17.261Z
PY08,SB5,9.20,9.20,7.70,4.60,9.20,2026-09-14T01:41:17.260Z
PY08,SB6,8.30,8.30,7.00,4.10,8.30,2026-09-14T01:41:17.276Z
PY08,SB7,7.50,7.50,6.30,3.70,7.50,2026-09-14T01:41:17.401Z
PY08,SP1,3.70,3.70,3.20,1.80,3.70,2026-09-14T01:41:17.397Z
PY08,SP10,4.40,4.40,3.90,2.20,4.40,2026-09-14T01:41:17.411Z
PY08,SP11,4.10,4.10,3.60,2.00,4.10,2026-09-14T01:41:17.411Z
PY08,SP12,4.70,4.70,4.10,2.30,4.70,2026-09-14T01:41:17.412Z
PY08,SP13,5.10,5.10,4.40,2.50,5.10,2026-09-14T01:41:17.432Z
PY08,SP14,4.80,4.80,4.10,2.30,4.80,2026-09-14T01:41:17.449Z
PY08,SP15,4.20,4.20,3.70,2.00,4.20,2026-09-14T01:41:17.449Z
PY08,SP16,3.80,3.80,3.30,1.80,3.80,2026-09-14T01:41:17.611Z
PY08,SP17,4.40,4.40,3.80,2.10,4.40,2026-09-14T01:41:17.569Z
PY08,SP18,4.70,4.70,4.00,2.20,4.70,2026-09-14T01:41:17.585Z
PY08,SP19,5.10,5.10,4.40,2.40,5.10,2026-09-14T01:41:17.584Z
PY08,SP2,3.40,3.40,3.00,1.70,3.40,2026-09-14T01:41:17.588Z
PY08,SP20,5.30,5.30,4.50,2.60,5.30,2026-09-14T01:41:17.597Z
PY08,SP21,5.60,5.60,4.80,2.70,5.60,2026-09-14T01:41:17.617Z
PY08,SP22,6.00,6.00,5.10,2.90,6.00,2026-09-14T01:41:17.612Z
PY08,SP24,6.00,6.00,5.10,3.00,6.00,2026-09-14T01:41:17.745Z
PY08,SP25,6.20,6.20,5.30,3.10,6.20,2026-09-14T01:41:17.753Z
PY08,SP26,6.30,6.30,5.40,3.10,6.30,2026-09-14T01:41:17.758Z
PY08,SP27,6.40,6.40,5.50,3.10,6.40,2026-09-14T01:41:17.770Z
PY08,SP28,6.60,6.60,5.60,3.30,6.60,2026-09-14T01:41:17.784Z
PY08,SP29,6.70,6.70,5.70,3.40,6.70,2026-09-14T01:41:17.757Z
PY08,SP3,3.20,3.20,2.80,1.60,3.20,2026-09-14T01:41:17.771Z
PY08,SP31,6.80,6.80,5.80,3.30,6.80,2026-09-14T01:41:17.790Z
PY08,SP4,3.50,3.50,3.00,1.70,3.50,2026-09-14T01:41:17.929Z
PY08,SP5,3.70,3.70,3.20,1.80,3.70,2026-09-14T01:41:17.916Z
PY08,SP6,3.90,3.90,3.40,1.90,3.90,2026-09-14T01:41:17.941Z
PY08,SP7,4.10,4.10,3.50,2.00,4.10,2026-09-14T01:41:17.936Z
PY08,SP8,4.40,4.40,3.80,2.20,4.40,2026-09-14T01:41:17.951Z
PY08,SP9,4.40,4.40,3.80,2.20,4.40,2026-09-14T01:41:17.951Z
PY09,PY10,1.10,1.10,1.00,0.50,1.10,2026-09-14T01:41:17.948Z
PY09,PY11,1.40,1.40,1.30,0.70,1.40,2026-09-14T01:41:17.967Z
PY09,PY12,1.70,1.70,1.60,0.90,1.70,2026-09-14T01:41:18.083Z
PY09,PY13,1.90,1.90,1.70,1.00,1.90,2026-09-14T01:41:18.101Z
PY09,PY14,2.20,2.20,2.00,1.10,2.20,2026-09-14T01:41:18.097Z
PY09,PY15,2.40,2.40,2.20,1.20,2.40,2026-09-14T01:41:18.124Z
PY09,PY16,2.80,2.80,2.50,1.40,2.80,2026-09-14T01:41:18.128Z
PY09,PY17,3.20,3.20,2.80,1.60,3.20,2026-09-14T01:41:18.120Z
PY09,PY18,3.00,3.00,2.60,1.40,3.00,2026-09-14T01:41:18.122Z
PY09,PY19,3.30,3.30,2.90,1.60,3.30,2026-09-14T01:41:18.128Z
PY09,PY20,3.50,3.50,3.10,1.70,3.50,2026-09-14T01:41:18.253Z
PY09,PY21,3.60,3.60,3.20,1.80,3.60,2026-09-14T01:41:18.269Z
PY09,PY22,3.80,3.80,3.30,1.80,3.80,2026-09-14T01:41:18.269Z
PY09,PY23,3.50,3.50,3.00,1.70,3.50,2026-09-14T01:41:18.290Z
PY09,PY24,3.80,3.80,3.30,1.80,3.80,2026-09-14T01:41:18.286Z
PY09,PY27,4.00,4.00,3.50,1.90,4.00,2026-09-14T01:41:18.288Z
PY09,PY28,4.20,4.20,3.60,2.00,4.20,2026-09-14T01:41:18.298Z
PY09,PY29,3.60,3.60,3.10,1.70,3.60,2026-09-14T01:41:18.299Z
PY09,PY31,3.80,3.80,3.40,1.90,3.80,2026-09-14T01:41:18.447Z
PY09,PY32,4.00,4.00,3.50,2.00,4.00,2026-09-14T01:41:18.442Z
PY09,PY33,4.10,4.10,3.60,2.00,4.10,2026-09-14T01:41:18.458Z
PY09,PY34,4.30,4.30,3.70,2.10,4.30,2026-09-14T01:41:18.465Z
PY09,PY36,4.80,4.80,4.10,2.30,4.80,2026-09-14T01:41:18.462Z
PY09,PY37,5.00,5.00,4.30,2.40,5.00,2026-09-14T01:41:18.490Z
PY09,PY38,5.20,5.20,4.50,2.60,5.20,2026-09-14T01:41:18.476Z
PY09,PY39,5.40,5.40,4.70,2.70,5.40,2026-09-14T01:41:18.489Z
PY09,PY40,5.60,5.60,4.80,2.70,5.60,2026-09-14T01:41:18.620Z
PY09,PY41,5.70,5.70,4.90,2.80,5.70,2026-09-14T01:41:18.619Z
PY09,SB1,12.00,12.00,10.10,5.90,12.00,2026-09-14T01:41:18.617Z
PY09,SB2,11.40,11.40,9.50,5.60,11.40,2026-09-14T01:41:18.618Z
PY09,SB3,10.70,10.70,9.00,5.30,10.70,2026-09-14T01:41:18.628Z
PY09,SB4,10.00,10.00,8.40,4.90,10.00,2026-09-14T01:41:18.647Z
PY09,SB5,9.30,9.30,7.80,4.60,9.30,2026-09-14T01:41:18.651Z
PY09,SB6,8.40,8.40,7.10,4.10,8.40,2026-09-14T01:41:18.668Z
PY09,SB7,7.60,7.60,6.40,3.70,7.60,2026-09-14T01:41:18.795Z
PY09,SP1,3.80,3.80,3.30,1.80,3.80,2026-09-14T01:41:18.789Z
PY09,SP10,4.10,4.10,3.60,2.00,4.10,2026-09-14T01:41:18.796Z
PY09,SP11,3.80,3.80,3.30,1.80,3.80,2026-09-14T01:41:18.795Z
PY09,SP12,4.40,4.40,3.80,2.10,4.40,2026-09-14T01:41:18.807Z
PY09,SP13,4.80,4.80,4.10,2.30,4.80,2026-09-14T01:41:18.814Z
PY09,SP14,4.60,4.60,3.90,2.20,4.60,2026-09-14T01:41:18.813Z
PY09,SP15,4.00,4.00,3.50,1.90,4.00,2026-09-14T01:41:18.824Z
PY09,SP16,3.60,3.60,3.10,1.70,3.60,2026-09-14T01:41:18.957Z
PY09,SP17,4.20,4.20,3.60,2.00,4.20,2026-09-14T01:41:18.965Z
PY09,SP18,4.50,4.50,3.80,2.10,4.50,2026-09-14T01:41:18.972Z
PY09,SP19,4.90,4.90,4.20,2.30,4.90,2026-09-14T01:41:18.957Z
PY09,SP2,3.50,3.50,3.10,1.70,3.50,2026-09-14T01:41:18.971Z
PY09,SP20,5.10,5.10,4.30,2.50,5.10,2026-09-14T01:41:18.995Z
PY09,SP21,5.40,5.40,4.60,2.60,5.40,2026-09-14T01:41:18.987Z
PY09,SP22,5.80,5.80,4.90,2.80,5.80,2026-09-14T01:41:18.989Z
PY09,SP24,6.00,6.00,5.10,2.90,6.00,2026-09-14T01:41:19.113Z
PY09,SP25,6.30,6.30,5.40,3.10,6.30,2026-09-14T01:41:19.134Z
PY09,SP26,6.10,6.10,5.20,3.00,6.10,2026-09-14T01:41:19.126Z
PY09,SP27,6.30,6.30,5.30,3.00,6.30,2026-09-14T01:41:19.151Z
PY09,SP28,6.50,6.50,5.50,3.10,6.50,2026-09-14T01:41:19.146Z
PY09,SP29,6.60,6.60,5.70,3.20,6.60,2026-09-14T01:41:19.156Z
PY09,SP3,3.20,3.20,2.80,1.60,3.20,2026-09-14T01:41:19.160Z
PY09,SP31,6.60,6.60,5.60,3.20,6.60,2026-09-14T01:41:19.158Z
PY09,SP4,3.60,3.60,3.10,1.70,3.60,2026-09-14T01:41:19.285Z
PY09,SP5,3.80,3.80,3.30,1.80,3.80,2026-09-14T01:41:19.297Z
PY09,SP6,4.00,4.00,3.50,1.90,4.00,2026-09-14T01:41:19.306Z
PY09,SP7,4.20,4.20,3.60,2.00,4.20,2026-09-14T01:41:19.312Z
PY09,SP8,4.30,4.30,3.70,2.10,4.30,2026-09-14T01:41:19.341Z
PY09,SP9,4.40,4.40,3.80,2.10,4.40,2026-09-14T01:41:19.327Z
PY10,PY11,1.10,1.10,1.00,0.50,1.10,2026-09-14T01:41:19.333Z
PY10,PY12,1.40,1.40,1.30,0.70,1.40,2026-09-14T01:41:19.332Z
PY10,PY13,1.80,1.80,1.60,0.90,1.80,2026-09-14T01:41:19.473Z
PY10,PY14,2.00,2.00,1.80,1.00,2.00,2026-09-14T01:41:19.464Z
PY10,PY15,2.20,2.20,2.00,1.10,2.20,2026-09-14T01:41:19.494Z
PY10,PY16,2.50,2.50,2.30,1.30,2.50,2026-09-14T01:41:19.487Z
PY10,PY17,2.90,2.90,2.60,1.50,2.90,2026-09-14T01:41:19.502Z
PY10,PY18,3.10,3.10,2.70,1.50,3.10,2026-09-14T01:41:19.503Z
PY10,PY19,3.10,3.10,2.70,1.50,3.10,2026-09-14T01:41:19.505Z
PY10,PY20,3.30,3.30,2.90,1.60,3.30,2026-09-14T01:41:19.531Z
PY10,PY21,3.40,3.40,3.00,1.70,3.40,2026-09-14T01:41:19.643Z
PY10,PY22,3.60,3.60,3.10,1.70,3.60,2026-09-14T01:41:19.659Z
PY10,PY23,3.80,3.80,3.30,1.80,3.80,2026-09-14T01:41:19.660Z
PY10,PY24,3.60,3.60,3.20,1.80,3.60,2026-09-14T01:41:19.657Z
PY10,PY27,3.80,3.80,3.30,1.90,3.80,2026-09-14T01:41:19.674Z
PY10,PY28,4.10,4.10,3.50,2.00,4.10,2026-09-14T01:41:19.675Z
PY10,PY29,4.30,4.30,3.80,2.10,4.30,2026-09-14T01:41:19.672Z
PY10,PY31,3.70,3.70,3.30,1.80,3.70,2026-09-14T01:41:19.689Z
PY10,PY32,3.90,3.90,3.40,1.90,3.90,2026-09-14T01:41:19.820Z
PY10,PY33,4.00,4.00,3.50,2.00,4.00,2026-09-14T01:41:19.832Z
PY10,PY34,4.20,4.20,3.70,2.10,4.20,2026-09-14T01:41:19.848Z
PY10,PY36,4.70,4.70,4.10,2.30,4.70,2026-09-14T01:41:19.841Z
PY10,PY37,4.90,4.90,4.20,2.40,4.90,2026-09-14T01:41:19.837Z
PY10,PY38,5.10,5.10,4.40,2.50,5.10,2026-09-14T01:41:19.850Z
PY10,PY39,5.30,5.30,4.60,2.60,5.30,2026-09-14T01:41:19.890Z
PY10,PY40,5.50,5.50,4.70,2.70,5.50,2026-09-14T01:41:19.853Z
PY10,PY41,5.60,5.60,4.80,2.80,5.60,2026-09-14T01:41:20.016Z
PY10,SB1,11.70,11.70,9.90,5.80,11.70,2026-09-14T01:41:20.029Z
PY10,SB2,11.10,11.10,9.30,5.50,11.10,2026-09-14T01:41:20.017Z
PY10,SB3,10.40,10.40,8.80,5.20,10.40,2026-09-14T01:41:20.041Z
PY10,SB4,9.70,9.70,8.20,4.80,9.70,2026-09-14T01:41:20.054Z
PY10,SB5,9.00,9.00,7.60,4.50,9.00,2026-09-14T01:41:20.080Z
PY10,SB6,8.10,8.10,6.90,4.00,8.10,2026-09-14T01:41:20.029Z
PY10,SB7,7.30,7.30,6.20,3.60,7.30,2026-09-14T01:41:20.057Z
PY10,SP1,3.50,3.50,3.10,1.70,3.50,2026-09-14T01:41:20.180Z
PY10,SP10,3.90,3.90,3.50,2.00,3.90,2026-09-14T01:41:20.174Z
PY10,SP11,3.60,3.60,3.20,1.80,3.60,2026-09-14T01:41:20.329Z
PY10,SP12,4.20,4.20,3.70,2.10,4.20,2026-09-14T01:41:20.341Z
PY10,SP13,4.60,4.60,4.00,2.30,4.60,2026-09-14T01:41:20.341Z
PY10,SP14,4.90,4.90,4.30,2.50,4.90,2026-09-14T01:41:20.215Z
PY10,SP15,4.70,4.70,4.20,2.30,4.70,2026-09-14T01:41:20.451Z
PY10,SP16,4.30,4.30,3.80,2.10,4.30,2026-09-14T01:41:20.250Z
PY10,SP17,4.90,4.90,4.30,2.40,4.90,2026-09-14T01:41:20.338Z
PY10,SP18,5.20,5.20,4.50,2.50,5.20,2026-09-14T01:41:20.434Z
PY10,SP19,5.60,5.60,4.90,2.70,5.60,2026-09-14T01:41:20.383Z
PY10,SP2,3.10,3.10,2.80,1.60,3.10,2026-09-14T01:41:20.521Z
PY10,SP20,5.80,5.80,5.00,2.90,5.80,2026-09-14T01:41:20.491Z
PY10,SP21,6.10,6.10,5.30,3.00,6.10,2026-09-14T01:41:20.495Z
PY10,SP22,6.30,6.30,5.50,3.20,6.30,2026-09-14T01:41:20.532Z
PY10,SP24,5.80,5.80,5.00,2.90,5.80,2026-09-14T01:41:20.530Z
PY10,SP25,6.00,6.00,5.20,3.00,6.00,2026-09-14T01:41:20.543Z
PY10,SP26,6.10,6.10,5.30,3.10,6.10,2026-09-14T01:41:20.592Z
PY10,SP27,6.20,6.20,5.40,3.10,6.20,2026-09-14T01:41:20.626Z
PY10,SP28,6.30,6.30,5.40,3.10,6.30,2026-09-14T01:41:20.653Z
PY10,SP29,6.40,6.40,5.60,3.20,6.40,2026-09-14T01:41:20.697Z
PY10,SP3,2.90,2.90,2.60,1.50,2.90,2026-09-14T01:41:20.676Z
PY10,SP31,6.70,6.70,5.80,3.40,6.70,2026-09-14T01:41:20.700Z
PY10,SP4,3.20,3.20,2.80,1.60,3.20,2026-09-14T01:41:20.697Z
PY10,SP5,3.50,3.50,3.10,1.70,3.50,2026-09-14T01:41:20.698Z
PY10,SP6,3.70,3.70,3.30,1.80,3.70,2026-09-14T01:41:20.753Z
PY10,SP7,3.90,3.90,3.40,1.90,3.90,2026-09-14T01:41:20.785Z
PY10,SP8,4.20,4.20,3.70,2.10,4.20,2026-09-14T01:41:20.817Z
PY10,SP9,4.20,4.20,3.70,2.10,4.20,2026-09-14T01:41:20.852Z
PY11,PY12,1.10,1.10,1.10,0.60,1.10,2026-09-14T01:41:20.868Z
PY11,PY13,1.50,1.50,1.40,0.80,1.50,2026-09-14T01:41:20.867Z
PY11,PY14,1.90,1.90,1.70,0.90,1.90,2026-09-14T01:41:20.870Z
PY11,PY15,1.90,1.90,1.80,1.00,1.90,2026-09-14T01:41:20.861Z
PY11,PY16,2.30,2.30,2.10,1.20,2.30,2026-09-14T01:41:20.904Z
PY11,PY17,2.70,2.70,2.40,1.30,2.70,2026-09-14T01:41:20.950Z
PY11,PY18,2.80,2.80,2.50,1.40,2.80,2026-09-14T01:41:20.994Z
PY11,PY19,2.90,2.90,2.50,1.40,2.90,2026-09-14T01:41:21.028Z
PY11,PY20,3.10,3.10,2.70,1.50,3.10,2026-09-14T01:41:21.312Z
PY11,PY21,3.20,3.20,2.80,1.60,3.20,2026-09-14T01:41:21.038Z
PY11,PY22,3.40,3.40,3.00,1.60,3.40,2026-09-14T01:41:21.041Z
PY11,PY23,3.60,3.60,3.10,1.70,3.60,2026-09-14T01:41:21.309Z
PY11,PY24,3.40,3.40,3.00,1.70,3.40,2026-09-14T01:41:21.068Z
PY11,PY27,3.70,3.70,3.20,1.80,3.70,2026-09-14T01:41:21.132Z
PY11,PY28,3.90,3.90,3.40,1.90,3.90,2026-09-14T01:41:21.167Z
PY11,PY29,4.20,4.20,3.70,2.10,4.20,2026-09-14T01:41:21.317Z
PY11,PY31,3.60,3.60,3.20,1.80,3.60,2026-09-14T01:41:21.325Z
PY11,PY32,3.80,3.80,3.30,1.90,3.80,2026-09-14T01:41:21.220Z
PY11,PY33,3.90,3.90,3.40,1.90,3.90,2026-09-14T01:41:21.255Z
PY11,PY34,4.10,4.10,3.60,2.00,4.10,2026-09-14T01:41:21.326Z
PY11,PY36,4.60,4.60,4.00,2.20,4.60,2026-09-14T01:41:21.329Z
PY11,PY37,4.80,4.80,4.10,2.30,4.80,2026-09-14T01:41:21.376Z
PY11,PY38,5.00,5.00,4.30,2.50,5.00,2026-09-14T01:41:21.433Z
PY11,PY39,5.20,5.20,4.50,2.60,5.20,2026-09-14T01:41:21.485Z
PY11,PY40,5.40,5.40,4.60,2.60,5.40,2026-09-14T01:41:21.496Z
PY11,PY41,5.50,5.50,4.70,2.70,5.50,2026-09-14T01:41:21.481Z
PY11,SB1,11.50,11.50,9.70,5.60,11.50,2026-09-14T01:41:21.486Z
PY11,SB2,10.90,10.90,9.10,5.30,10.90,2026-09-14T01:41:21.482Z
PY11,SB3,10.20,10.20,8.60,5.00,10.20,2026-09-14T01:41:21.487Z
PY11,SB4,9.50,9.50,8.00,4.60,9.50,2026-09-14T01:41:21.530Z
PY11,SB5,8.80,8.80,7.40,4.30,8.80,2026-09-14T01:41:21.594Z
PY11,SB6,7.90,7.90,6.70,3.80,7.90,2026-09-14T01:41:21.656Z
PY11,SB7,7.10,7.10,6.00,3.40,7.10,2026-09-14T01:41:21.658Z
PY11,SP1,3.20,3.20,2.80,1.50,3.20,2026-09-14T01:41:21.642Z
PY11,SP10,3.70,3.70,3.30,1.90,3.70,2026-09-14T01:41:21.651Z
PY11,SP11,3.40,3.40,3.00,1.70,3.40,2026-09-14T01:41:21.647Z
PY11,SP12,4.00,4.00,3.50,2.00,4.00,2026-09-14T01:41:21.736Z
PY11,SP13,4.40,4.40,3.80,2.20,4.40,2026-09-14T01:41:21.688Z
PY11,SP14,4.70,4.70,4.10,2.40,4.70,2026-09-14T01:41:21.785Z
PY11,SP15,4.60,4.60,4.10,2.30,4.60,2026-09-14T01:41:21.813Z
PY11,SP16,4.20,4.20,3.70,2.10,4.20,2026-09-14T01:41:21.813Z
PY11,SP17,4.80,4.80,4.20,2.40,4.80,2026-09-14T01:41:21.818Z
PY11,SP18,5.10,5.10,4.40,2.50,5.10,2026-09-14T01:41:21.820Z
PY11,SP19,5.50,5.50,4.80,2.70,5.50,2026-09-14T01:41:21.872Z
PY11,SP2,2.90,2.90,2.60,1.40,2.90,2026-09-14T01:41:21.860Z
PY11,SP20,5.70,5.70,4.90,2.80,5.70,2026-09-14T01:41:21.910Z
PY11,SP21,5.90,5.90,5.10,2.90,5.90,2026-09-14T01:41:21.960Z
PY11,SP22,6.10,6.10,5.30,3.00,6.10,2026-09-14T01:41:21.992Z
PY11,SP24,5.60,5.60,4.80,2.70,5.60,2026-09-14T01:41:21.992Z
PY11,SP25,5.80,5.80,5.00,2.80,5.80,2026-09-14T01:41:21.986Z
PY11,SP26,5.90,5.90,5.10,2.90,5.90,2026-09-14T01:41:22.017Z
PY11,SP27,6.00,6.00,5.20,2.90,6.00,2026-09-14T01:41:22.016Z
PY11,SP28,6.10,6.10,5.20,3.00,6.10,2026-09-14T01:41:22.049Z
PY11,SP29,6.20,6.20,5.40,3.10,6.20,2026-09-14T01:41:22.057Z
PY11,SP3,2.70,2.70,2.40,1.30,2.70,2026-09-14T01:41:22.128Z
PY11,SP31,6.50,6.50,5.60,3.20,6.50,2026-09-14T01:41:22.148Z
PY11,SP4,3.00,3.00,2.60,1.40,3.00,2026-09-14T01:41:22.151Z
PY11,SP5,3.20,3.20,2.80,1.50,3.20,2026-09-14T01:41:22.173Z
PY11,SP6,3.50,3.50,3.10,1.60,3.50,2026-09-14T01:41:22.170Z
PY11,SP7,3.70,3.70,3.20,1.70,3.70,2026-09-14T01:41:22.173Z
PY11,SP8,4.00,4.00,3.50,1.90,4.00,2026-09-14T01:41:22.446Z
PY11,SP9,4.00,4.00,3.50,1.90,4.00,2026-09-14T01:41:22.446Z
PY12,PY13,1.20,1.20,1.10,0.60,1.20,2026-09-14T01:41:22.292Z
PY12,PY14,1.50,1.50,1.40,0.80,1.50,2026-09-14T01:41:22.330Z
PY12,PY15,1.80,1.80,1.60,0.90,1.80,2026-09-14T01:41:22.486Z
PY12,PY16,2.00,2.00,1.80,1.00,2.00,2026-09-14T01:41:22.487Z
PY12,PY17,2.40,2.40,2.10,1.20,2.40,2026-09-14T01:41:22.355Z
PY12,PY18,2.50,2.50,2.30,1.30,2.50,2026-09-14T01:41:22.486Z
PY12,PY19,2.90,2.90,2.50,1.50,2.90,2026-09-14T01:41:22.603Z
PY12,PY20,2.90,2.90,2.50,1.40,2.90,2026-09-14T01:41:22.491Z
PY12,PY21,3.00,3.00,2.60,1.40,3.00,2026-09-14T01:41:22.525Z
PY12,PY22,3.10,3.10,2.80,1.50,3.10,2026-09-14T01:41:22.617Z
PY12,PY23,3.30,3.30,2.90,1.60,3.30,2026-09-14T01:41:22.618Z
PY12,PY24,3.70,3.70,3.20,1.80,3.70,2026-09-14T01:41:22.656Z
PY12,PY27,4.20,4.20,3.60,2.10,4.20,2026-09-14T01:41:22.648Z
PY12,PY28,3.80,3.80,3.30,1.80,3.80,2026-09-14T01:41:22.687Z
PY12,PY29,4.00,4.00,3.50,2.00,4.00,2026-09-14T01:41:22.658Z
PY12,PY31,3.50,3.50,3.10,1.70,3.50,2026-09-14T01:41:22.697Z
PY12,PY32,3.70,3.70,3.20,1.80,3.70,2026-09-14T01:41:22.766Z
PY12,PY33,3.80,3.80,3.30,1.80,3.80,2026-09-14T01:41:22.781Z
PY12,PY34,4.00,4.00,3.50,1.90,4.00,2026-09-14T01:41:22.787Z
PY12,PY36,4.50,4.50,3.90,2.20,4.50,2026-09-14T01:41:22.809Z
PY12,PY37,4.60,4.60,4.00,2.30,4.60,2026-09-14T01:41:22.816Z
PY12,PY38,4.90,4.90,4.20,2.40,4.90,2026-09-14T01:41:22.813Z
PY12,PY39,5.10,5.10,4.40,2.50,5.10,2026-09-14T01:41:22.843Z
PY12,PY40,5.30,5.30,4.50,2.60,5.30,2026-09-14T01:41:22.852Z
PY12,PY41,5.40,5.40,4.60,2.60,5.40,2026-09-14T01:41:22.935Z
PY12,SB1,11.20,11.20,9.40,5.50,11.20,2026-09-14T01:41:22.958Z
PY12,SB2,10.60,10.60,8.80,5.20,10.60,2026-09-14T01:41:22.962Z
PY12,SB3,9.90,9.90,8.30,4.90,9.90,2026-09-14T01:41:22.967Z
PY12,SB4,9.20,9.20,7.70,4.50,9.20,2026-09-14T01:41:22.979Z
PY12,SB5,8.50,8.50,7.10,4.20,8.50,2026-09-14T01:41:22.982Z
PY12,SB6,7.60,7.60,6.40,3.70,7.60,2026-09-14T01:41:23.004Z
PY12,SB7,6.80,6.80,5.70,3.30,6.80,2026-09-14T01:41:23.000Z
PY12,SP1,2.90,2.90,2.50,1.40,2.90,2026-09-14T01:41:23.108Z
PY12,SP10,3.90,3.90,3.40,1.90,3.90,2026-09-14T01:41:23.105Z
PY12,SP11,3.70,3.70,3.20,1.80,3.70,2026-09-14T01:41:23.139Z
PY12,SP12,4.30,4.30,3.70,2.10,4.30,2026-09-14T01:41:23.140Z
PY12,SP13,4.60,4.60,4.00,2.30,4.60,2026-09-14T01:41:23.140Z
PY12,SP14,5.00,5.00,4.30,2.40,5.00,2026-09-14T01:41:23.154Z
PY12,SP15,4.40,4.40,3.90,2.20,4.40,2026-09-14T01:41:23.161Z
PY12,SP16,4.00,4.00,3.50,2.00,4.00,2026-09-14T01:41:23.170Z
PY12,SP17,4.60,4.60,4.00,2.30,4.60,2026-09-14T01:41:23.290Z
PY12,SP18,4.90,4.90,4.20,2.40,4.90,2026-09-14T01:41:23.274Z
PY12,SP19,5.30,5.30,4.50,2.60,5.30,2026-09-14T01:41:23.313Z
PY12,SP2,2.60,2.60,2.30,1.30,2.60,2026-09-14T01:41:23.315Z
PY12,SP20,5.40,5.40,4.60,2.70,5.40,2026-09-14T01:41:23.318Z
PY12,SP21,5.60,5.60,4.80,2.80,5.60,2026-09-14T01:41:23.324Z
PY12,SP22,5.80,5.80,5.00,2.90,5.80,2026-09-14T01:41:23.329Z
PY12,SP24,5.30,5.30,4.50,2.60,5.30,2026-09-14T01:41:23.330Z
PY12,SP25,5.50,5.50,4.70,2.70,5.50,2026-09-14T01:41:23.449Z
PY12,SP26,5.60,5.60,4.80,2.80,5.60,2026-09-14T01:41:23.468Z
PY12,SP27,5.70,5.70,4.90,2.80,5.70,2026-09-14T01:41:23.484Z
PY12,SP28,5.90,5.90,5.00,2.90,5.90,2026-09-14T01:41:23.487Z
PY12,SP29,6.00,6.00,5.10,3.00,6.00,2026-09-14T01:41:23.488Z
PY12,SP3,2.40,2.40,2.10,1.20,2.40,2026-09-14T01:41:23.493Z
PY12,SP31,6.30,6.30,5.40,3.10,6.30,2026-09-14T01:41:23.496Z
PY12,SP4,2.70,2.70,2.30,1.30,2.70,2026-09-14T01:41:23.498Z
PY12,SP5,2.90,2.90,2.50,1.40,2.90,2026-09-14T01:41:23.615Z
PY12,SP6,3.10,3.10,2.70,1.50,3.10,2026-09-14T01:41:23.632Z
PY12,SP7,3.30,3.30,2.80,1.60,3.30,2026-09-14T01:41:23.646Z
PY12,SP8,3.70,3.70,3.20,1.80,3.70,2026-09-14T01:41:23.651Z
PY12,SP9,3.70,3.70,3.20,1.80,3.70,2026-09-14T01:41:23.646Z
PY13,PY14,1.20,1.20,1.10,0.60,1.20,2026-09-14T01:41:23.660Z
PY13,PY15,1.40,1.40,1.30,0.70,1.40,2026-09-14T01:41:23.663Z
PY13,PY16,1.80,1.80,1.60,0.90,1.80,2026-09-14T01:41:23.658Z
PY13,PY17,2.10,2.10,1.90,1.00,2.10,2026-09-14T01:41:23.796Z
PY13,PY18,2.20,2.20,2.00,1.10,2.20,2026-09-14T01:41:23.817Z
PY13,PY19,2.60,2.60,2.30,1.30,2.60,2026-09-14T01:41:23.820Z
PY13,PY20,2.90,2.90,2.50,1.50,2.90,2026-09-14T01:41:23.834Z
PY13,PY21,3.00,3.00,2.70,1.50,3.00,2026-09-14T01:41:23.836Z
PY13,PY22,2.90,2.90,2.60,1.40,2.90,2026-09-14T01:41:23.834Z
PY13,PY23,3.10,3.10,2.70,1.50,3.10,2026-09-14T01:41:23.851Z
PY13,PY24,3.40,3.40,3.00,1.70,3.40,2026-09-14T01:41:23.834Z
PY13,PY27,4.00,4.00,3.50,1.90,4.00,2026-09-14T01:41:23.970Z
PY13,PY28,4.30,4.30,3.70,2.10,4.30,2026-09-14T01:41:23.987Z
PY13,PY29,3.90,3.90,3.40,1.90,3.90,2026-09-14T01:41:23.987Z
PY13,PY31,4.20,4.20,3.70,2.10,4.20,2026-09-14T01:41:24.014Z
PY13,PY32,3.60,3.60,3.10,1.70,3.60,2026-09-14T01:41:24.003Z
PY13,PY33,3.70,3.70,3.20,1.80,3.70,2026-09-14T01:41:24.015Z
PY13,PY34,3.90,3.90,3.40,1.90,3.90,2026-09-14T01:41:24.003Z
PY13,PY36,4.30,4.30,3.80,2.10,4.30,2026-09-14T01:41:24.024Z
PY13,PY37,4.50,4.50,3.90,2.20,4.50,2026-09-14T01:41:24.144Z
PY13,PY38,4.80,4.80,4.10,2.30,4.80,2026-09-14T01:41:24.161Z
PY13,PY39,5.00,5.00,4.30,2.40,5.00,2026-09-14T01:41:24.189Z
PY13,PY40,5.10,5.10,4.40,2.50,5.10,2026-09-14T01:41:24.193Z
PY13,PY41,5.30,5.30,4.50,2.60,5.30,2026-09-14T01:41:24.174Z
PY13,SB1,10.90,10.90,9.20,5.30,10.90,2026-09-14T01:41:24.198Z
PY13,SB2,10.30,10.30,8.60,5.00,10.30,2026-09-14T01:41:24.194Z
PY13,SB3,9.60,9.60,8.10,4.70,9.60,2026-09-14T01:41:24.193Z
PY13,SB4,8.90,8.90,7.50,4.30,8.90,2026-09-14T01:41:24.316Z
PY13,SB5,8.20,8.20,6.90,4.00,8.20,2026-09-14T01:41:24.338Z
PY13,SB6,7.30,7.30,6.20,3.50,7.30,2026-09-14T01:41:24.344Z
PY13,SB7,6.50,6.50,5.50,3.10,6.50,2026-09-14T01:41:24.359Z
PY13,SP1,2.60,2.60,2.30,1.20,2.60,2026-09-14T01:41:24.515Z
PY13,SP10,3.60,3.60,3.20,1.70,3.60,2026-09-14T01:41:24.375Z
PY13,SP11,3.40,3.40,3.00,1.70,3.40,2026-09-14T01:41:24.359Z
PY13,SP12,4.00,4.00,3.50,2.00,4.00,2026-09-14T01:41:24.358Z
PY13,SP13,4.30,4.30,3.80,2.10,4.30,2026-09-14T01:41:24.491Z
PY13,SP14,4.70,4.70,4.10,2.20,4.70,2026-09-14T01:41:24.494Z
PY13,SP15,4.30,4.30,3.80,2.10,4.30,2026-09-14T01:41:24.516Z
PY13,SP16,3.90,3.90,3.40,1.90,3.90,2026-09-14T01:41:24.539Z
PY13,SP17,4.50,4.50,3.90,2.20,4.50,2026-09-14T01:41:24.526Z
PY13,SP18,4.80,4.80,4.10,2.30,4.80,2026-09-14T01:41:24.534Z
PY13,SP19,5.00,5.00,4.30,2.40,5.00,2026-09-14T01:41:24.533Z
PY13,SP2,2.30,2.30,2.10,1.10,2.30,2026-09-14T01:41:24.657Z
PY13,SP20,5.10,5.10,4.40,2.50,5.10,2026-09-14T01:41:24.658Z
PY13,SP21,5.30,5.30,4.60,2.60,5.30,2026-09-14T01:41:24.685Z
PY13,SP22,5.50,5.50,4.80,2.70,5.50,2026-09-14T01:41:24.685Z
PY13,SP24,5.00,5.00,4.30,2.40,5.00,2026-09-14T01:41:24.705Z
PY13,SP25,5.20,5.20,4.50,2.50,5.20,2026-09-14T01:41:24.706Z
PY13,SP26,5.30,5.30,4.60,2.60,5.30,2026-09-14T01:41:24.702Z
PY13,SP27,5.40,5.40,4.70,2.60,5.40,2026-09-14T01:41:24.704Z
PY13,SP28,5.60,5.60,4.80,2.70,5.60,2026-09-14T01:41:24.836Z
PY13,SP29,5.70,5.70,4.90,2.80,5.70,2026-09-14T01:41:24.834Z
PY13,SP3,2.10,2.10,1.90,1.00,2.10,2026-09-14T01:41:24.858Z
PY13,SP31,6.00,6.00,5.20,2.90,6.00,2026-09-14T01:41:24.867Z
PY13,SP4,2.40,2.40,2.10,1.10,2.40,2026-09-14T01:41:24.859Z
PY13,SP5,2.60,2.60,2.30,1.20,2.60,2026-09-14T01:41:24.862Z
PY13,SP6,2.80,2.80,2.50,1.30,2.80,2026-09-14T01:41:24.854Z
PY13,SP7,3.00,3.00,2.60,1.40,3.00,2026-09-14T01:41:24.870Z
PY13,SP8,3.30,3.30,2.90,1.60,3.30,2026-09-14T01:41:24.996Z
PY13,SP9,3.40,3.40,3.00,1.60,3.40,2026-09-14T01:41:25.206Z
PY14,PY15,1.00,1.00,1.00,0.50,1.00,2026-09-14T01:41:25.014Z
PY14,PY16,1.40,1.40,1.30,0.70,1.40,2026-09-14T01:41:25.031Z
PY14,PY17,1.90,1.90,1.70,0.90,1.90,2026-09-14T01:41:25.042Z
PY14,PY18,1.90,1.90,1.70,0.90,1.90,2026-09-14T01:41:25.032Z
PY14,PY19,2.20,2.20,2.00,1.10,2.20,2026-09-14T01:41:25.032Z
PY14,PY20,2.60,2.60,2.30,1.30,2.60,2026-09-14T01:41:25.202Z
PY14,PY21,2.70,2.70,2.40,1.40,2.70,2026-09-14T01:41:25.199Z
PY14,PY22,2.90,2.90,2.50,1.40,2.90,2026-09-14T01:41:25.203Z
PY14,PY23,3.10,3.10,2.70,1.60,3.10,2026-09-14T01:41:25.208Z
PY14,PY24,3.20,3.20,2.80,1.50,3.20,2026-09-14T01:41:25.241Z
PY14,PY27,3.80,3.80,3.30,1.80,3.80,2026-09-14T01:41:25.211Z
PY14,PY28,4.00,4.00,3.50,2.00,4.00,2026-09-14T01:41:25.239Z
PY14,PY29,3.70,3.70,3.20,1.80,3.70,2026-09-14T01:41:25.400Z
PY14,PY31,4.00,4.00,3.50,2.00,4.00,2026-09-14T01:41:25.377Z
PY14,PY32,4.30,4.30,3.70,2.10,4.30,2026-09-14T01:41:25.379Z
PY14,PY33,3.50,3.50,3.10,1.70,3.50,2026-09-14T01:41:25.383Z
PY14,PY34,3.70,3.70,3.20,1.80,3.70,2026-09-14T01:41:25.379Z
PY14,PY36,4.20,4.20,3.70,2.10,4.20,2026-09-14T01:41:25.410Z
PY14,PY37,4.40,4.40,3.80,2.10,4.40,2026-09-14T01:41:25.410Z
PY14,PY38,4.60,4.60,4.00,2.30,4.60,2026-09-14T01:41:25.410Z
PY14,PY39,4.80,4.80,4.20,2.40,4.80,2026-09-14T01:41:25.548Z
PY14,PY40,5.00,5.00,4.30,2.40,5.00,2026-09-14T01:41:25.557Z
PY14,PY41,5.10,5.10,4.40,2.50,5.10,2026-09-14T01:41:25.557Z
PY14,SB1,10.70,10.70,9.00,5.20,10.70,2026-09-14T01:41:25.565Z
PY14,SB2,10.10,10.10,8.40,4.90,10.10,2026-09-14T01:41:25.578Z
PY14,SB3,9.40,9.40,7.90,4.60,9.40,2026-09-14T01:41:25.589Z
PY14,SB4,8.70,8.70,7.30,4.20,8.70,2026-09-14T01:41:25.588Z
PY14,SB5,8.00,8.00,6.70,3.90,8.00,2026-09-14T01:41:25.593Z
PY14,SB6,7.10,7.10,6.00,3.40,7.10,2026-09-14T01:41:25.790Z
PY14,SB7,6.30,6.30,5.30,3.00,6.30,2026-09-14T01:41:25.730Z
PY14,SP1,2.40,2.40,2.10,1.10,2.40,2026-09-14T01:41:25.726Z
PY14,SP10,3.30,3.30,2.90,1.60,3.30,2026-09-14T01:41:25.731Z
PY14,SP11,3.20,3.20,2.80,1.50,3.20,2026-09-14T01:41:25.784Z
PY14,SP12,3.80,3.80,3.30,1.80,3.80,2026-09-14T01:41:25.800Z
PY14,SP13,4.10,4.10,3.60,2.00,4.10,2026-09-14T01:41:25.798Z
PY14,SP14,4.50,4.50,3.90,2.10,4.50,2026-09-14T01:41:25.760Z
PY14,SP15,4.10,4.10,3.60,2.00,4.10,2026-09-14T01:41:25.900Z
PY14,SP16,3.70,3.70,3.20,1.80,3.70,2026-09-14T01:41:25.900Z
PY14,SP17,4.30,4.30,3.70,2.10,4.30,2026-09-14T01:41:25.897Z
PY14,SP18,4.60,4.60,3.90,2.20,4.60,2026-09-14T01:41:25.935Z
PY14,SP19,4.80,4.80,4.10,2.30,4.80,2026-09-14T01:41:25.970Z
PY14,SP2,2.10,2.10,1.90,1.00,2.10,2026-09-14T01:41:25.972Z
PY14,SP20,4.90,4.90,4.20,2.40,4.90,2026-09-14T01:41:25.969Z
PY14,SP21,5.10,5.10,4.40,2.50,5.10,2026-09-14T01:41:25.971Z
PY14,SP22,5.30,5.30,4.60,2.60,5.30,2026-09-14T01:41:26.078Z
PY14,SP24,4.80,4.80,4.10,2.30,4.80,2026-09-14T01:41:26.066Z
PY14,SP25,5.00,5.00,4.30,2.40,5.00,2026-09-14T01:41:26.079Z
PY14,SP26,5.10,5.10,4.40,2.50,5.10,2026-09-14T01:41:26.098Z
PY14,SP27,5.20,5.20,4.50,2.50,5.20,2026-09-14T01:41:26.121Z
PY14,SP28,5.40,5.40,4.60,2.60,5.40,2026-09-14T01:41:26.129Z
PY14,SP29,5.50,5.50,4.70,2.70,5.50,2026-09-14T01:41:26.132Z
PY14,SP3,1.90,1.90,1.70,0.90,1.90,2026-09-14T01:41:26.136Z
PY14,SP31,5.80,5.80,5.00,2.80,5.80,2026-09-14T01:41:26.252Z
PY14,SP4,2.20,2.20,1.90,1.00,2.20,2026-09-14T01:41:26.249Z
PY14,SP5,2.40,2.40,2.10,1.10,2.40,2026-09-14T01:41:26.253Z
PY14,SP6,2.60,2.60,2.30,1.20,2.60,2026-09-14T01:41:26.291Z
PY14,SP7,2.80,2.80,2.40,1.30,2.80,2026-09-14T01:41:26.295Z
PY14,SP8,3.10,3.10,2.70,1.50,3.10,2026-09-14T01:41:26.303Z
PY14,SP9,3.10,3.10,2.70,1.50,3.10,2026-09-14T01:41:26.306Z
PY15,PY16,1.20,1.20,1.10,0.60,1.20,2026-09-14T01:41:26.298Z
PY15,PY17,1.60,1.60,1.50,0.80,1.60,2026-09-14T01:41:26.419Z
PY15,PY18,1.80,1.80,1.70,0.90,1.80,2026-09-14T01:41:26.408Z
PY15,PY19,2.10,2.10,1.80,1.00,2.10,2026-09-14T01:41:26.433Z
PY15,PY20,2.40,2.40,2.10,1.20,2.40,2026-09-14T01:41:26.468Z
PY15,PY21,2.50,2.50,2.20,1.30,2.50,2026-09-14T01:41:26.488Z
PY15,PY22,2.70,2.70,2.40,1.40,2.70,2026-09-14T01:41:26.465Z
PY15,PY23,2.90,2.90,2.60,1.50,2.90,2026-09-14T01:41:26.460Z
PY15,PY24,3.00,3.00,2.70,1.50,3.00,2026-09-14T01:41:26.471Z
PY15,PY27,3.60,3.60,3.20,1.80,3.60,2026-09-14T01:41:26.610Z
PY15,PY28,3.90,3.90,3.40,1.90,3.90,2026-09-14T01:41:26.584Z
PY15,PY29,4.20,4.20,3.70,2.10,4.20,2026-09-14T01:41:26.604Z
PY15,PY31,3.90,3.90,3.40,1.90,3.90,2026-09-14T01:41:26.638Z
PY15,PY32,4.20,4.20,3.60,2.00,4.20,2026-09-14T01:41:26.639Z
PY15,PY33,4.30,4.30,3.70,2.10,4.30,2026-09-14T01:41:26.639Z
PY15,PY34,3.60,3.60,3.20,1.80,3.60,2026-09-14T01:41:26.650Z
PY15,PY36,4.10,4.10,3.60,2.00,4.10,2026-09-14T01:41:26.655Z
PY15,PY37,4.30,4.30,3.70,2.10,4.30,2026-09-14T01:41:26.760Z
PY15,PY38,4.50,4.50,3.90,2.20,4.50,2026-09-14T01:41:26.778Z
PY15,PY39,4.80,4.80,4.10,2.30,4.80,2026-09-14T01:41:26.961Z
PY15,PY40,4.90,4.90,4.20,2.40,4.90,2026-09-14T01:41:26.801Z
PY15,PY41,5.00,5.00,4.30,2.50,5.00,2026-09-14T01:41:26.806Z
PY15,SB1,10.40,10.40,8.80,5.10,10.40,2026-09-14T01:41:26.832Z
PY15,SB2,9.80,9.80,8.20,4.80,9.80,2026-09-14T01:41:26.811Z
PY15,SB3,9.10,9.10,7.70,4.50,9.10,2026-09-14T01:41:26.826Z
PY15,SB4,8.40,8.40,7.10,4.10,8.40,2026-09-14T01:41:26.925Z
PY15,SB5,7.70,7.70,6.50,3.80,7.70,2026-09-14T01:41:26.985Z
PY15,SB6,6.80,6.80,5.80,3.30,6.80,2026-09-14T01:41:26.987Z
PY15,SB7,6.00,6.00,5.10,2.90,6.00,2026-09-14T01:41:26.988Z
PY15,SP1,2.10,2.10,1.90,1.00,2.10,2026-09-14T01:41:26.997Z
PY15,SP10,3.00,3.00,2.70,1.50,3.00,2026-09-14T01:41:27.025Z
PY15,SP11,3.00,3.00,2.70,1.50,3.00,2026-09-14T01:41:26.990Z
PY15,SP12,3.60,3.60,3.20,1.80,3.60,2026-09-14T01:41:27.092Z
PY15,SP13,3.80,3.80,3.40,1.90,3.80,2026-09-14T01:41:27.110Z
PY15,SP14,4.20,4.20,3.70,2.00,4.20,2026-09-14T01:41:27.156Z
PY15,SP15,4.60,4.60,4.00,2.20,4.60,2026-09-14T01:41:27.173Z
PY15,SP16,4.20,4.20,3.70,2.10,4.20,2026-09-14T01:41:27.151Z
PY15,SP17,4.70,4.70,4.10,2.30,4.70,2026-09-14T01:41:27.148Z
PY15,SP18,4.90,4.90,4.20,2.40,4.90,2026-09-14T01:41:27.193Z
PY15,SP19,4.50,4.50,3.90,2.20,4.50,2026-09-14T01:41:27.185Z
PY15,SP2,1.80,1.80,1.70,0.90,1.80,2026-09-14T01:41:27.252Z
PY15,SP20,4.60,4.60,4.00,2.30,4.60,2026-09-14T01:41:27.285Z
PY15,SP21,4.80,4.80,4.20,2.40,4.80,2026-09-14T01:41:27.309Z
PY15,SP22,5.00,5.00,4.40,2.50,5.00,2026-09-14T01:41:27.312Z
PY15,SP24,4.50,4.50,3.90,2.20,4.50,2026-09-14T01:41:27.329Z
PY15,SP25,4.70,4.70,4.10,2.30,4.70,2026-09-14T01:41:27.335Z
PY15,SP26,4.80,4.80,4.20,2.40,4.80,2026-09-14T01:41:27.358Z
PY15,SP27,4.90,4.90,4.30,2.40,4.90,2026-09-14T01:41:27.354Z
PY15,SP28,5.10,5.10,4.40,2.50,5.10,2026-09-14T01:41:27.401Z
PY15,SP29,5.20,5.20,4.50,2.60,5.20,2026-09-14T01:41:27.452Z
PY15,SP3,1.60,1.60,1.50,0.80,1.60,2026-09-14T01:41:27.541Z
PY15,SP31,5.50,5.50,4.80,2.70,5.50,2026-09-14T01:41:27.524Z
PY15,SP4,1.90,1.90,1.70,0.90,1.90,2026-09-14T01:41:27.539Z
PY15,SP5,2.10,2.10,1.90,1.00,2.10,2026-09-14T01:41:27.540Z
PY15,SP6,2.30,2.30,2.10,1.10,2.30,2026-09-14T01:41:27.571Z
PY15,SP7,2.50,2.50,2.20,1.20,2.50,2026-09-14T01:41:27.579Z
PY15,SP8,2.80,2.80,2.50,1.40,2.80,2026-09-14T01:41:27.597Z
PY15,SP9,2.80,2.80,2.50,1.40,2.80,2026-09-14T01:41:27.627Z
PY16,PY17,1.20,1.20,1.20,0.60,1.20,2026-09-14T01:41:27.669Z
PY16,PY18,1.40,1.40,1.30,0.70,1.40,2026-09-14T01:41:27.747Z
PY16,PY19,1.80,1.80,1.70,0.90,1.80,2026-09-14T01:41:27.711Z
PY16,PY20,2.00,2.00,1.80,1.00,2.00,2026-09-14T01:41:27.714Z
PY16,PY21,2.20,2.20,1.90,1.10,2.20,2026-09-14T01:41:27.750Z
PY16,PY22,2.30,2.30,2.10,1.20,2.30,2026-09-14T01:41:27.767Z
PY16,PY23,2.60,2.60,2.30,1.30,2.60,2026-09-14T01:41:27.780Z
PY16,PY24,2.90,2.90,2.60,1.40,2.90,2026-09-14T01:41:27.792Z
PY16,PY27,3.90,3.90,3.40,1.90,3.90,2026-09-14T01:41:27.867Z
PY16,PY28,3.60,3.60,3.20,1.80,3.60,2026-09-14T01:41:27.897Z
PY16,PY29,3.90,3.90,3.50,1.90,3.90,2026-09-14T01:41:27.891Z
PY16,PY31,3.70,3.70,3.30,1.80,3.70,2026-09-14T01:41:27.909Z
PY16,PY32,4.00,4.00,3.50,1.90,4.00,2026-09-14T01:41:27.910Z
PY16,PY33,4.10,4.10,3.60,2.00,4.10,2026-09-14T01:41:27.921Z
PY16,PY34,4.40,4.40,3.80,2.10,4.40,2026-09-14T01:41:27.936Z
PY16,PY36,4.00,4.00,3.50,1.90,4.00,2026-09-14T01:41:27.937Z
PY16,PY37,4.20,4.20,3.60,2.00,4.20,2026-09-14T01:41:28.062Z
PY16,PY38,4.40,4.40,3.80,2.20,4.40,2026-09-14T01:41:28.070Z
PY16,PY39,4.60,4.60,4.00,2.30,4.60,2026-09-14T01:41:28.070Z
PY16,PY40,4.80,4.80,4.10,2.30,4.80,2026-09-14T01:41:28.129Z
PY16,PY41,4.90,4.90,4.20,2.40,4.90,2026-09-14T01:41:28.080Z
PY16,SB1,10.00,10.00,8.50,4.90,10.00,2026-09-14T01:41:28.141Z
PY16,SB2,9.40,9.40,7.90,4.60,9.40,2026-09-14T01:41:28.103Z
PY16,SB3,8.70,8.70,7.40,4.30,8.70,2026-09-14T01:41:28.108Z
PY16,SB4,8.00,8.00,6.80,3.90,8.00,2026-09-14T01:41:28.233Z
PY16,SB5,7.30,7.30,6.20,3.60,7.30,2026-09-14T01:41:28.229Z
PY16,SB6,6.40,6.40,5.50,3.10,6.40,2026-09-14T01:41:28.226Z
PY16,SB7,5.60,5.60,4.80,2.70,5.60,2026-09-14T01:41:28.250Z
PY16,SP1,1.70,1.70,1.60,0.80,1.70,2026-09-14T01:41:28.272Z
PY16,SP10,2.60,2.60,2.40,1.30,2.60,2026-09-14T01:41:28.339Z
PY16,SP11,2.90,2.90,2.60,1.40,2.90,2026-09-14T01:41:28.313Z
PY16,SP12,3.50,3.50,3.10,1.70,3.50,2026-09-14T01:41:28.317Z
PY16,SP13,3.40,3.40,3.10,1.70,3.40,2026-09-14T01:41:28.394Z
PY16,SP14,3.80,3.80,3.40,1.80,3.80,2026-09-14T01:41:28.390Z
PY16,SP15,4.20,4.20,3.70,2.00,4.20,2026-09-14T01:41:28.389Z
PY16,SP16,3.90,3.90,3.50,1.90,3.90,2026-09-14T01:41:28.417Z
PY16,SP17,4.30,4.30,3.80,2.10,4.30,2026-09-14T01:41:28.417Z
PY16,SP18,4.50,4.50,3.90,2.20,4.50,2026-09-14T01:41:28.476Z
PY16,SP19,4.10,4.10,3.60,2.00,4.10,2026-09-14T01:41:28.468Z
PY16,SP2,1.40,1.40,1.40,0.70,1.40,2026-09-14T01:41:28.536Z
PY16,SP20,4.20,4.20,3.70,2.10,4.20,2026-09-14T01:41:28.566Z
PY16,SP21,4.40,4.40,3.90,2.20,4.40,2026-09-14T01:41:28.565Z
PY16,SP22,4.60,4.60,4.10,2.30,4.60,2026-09-14T01:41:28.574Z
PY16,SP24,4.10,4.10,3.60,2.00,4.10,2026-09-14T01:41:28.629Z
PY16,SP25,4.30,4.30,3.80,2.10,4.30,2026-09-14T01:41:28.743Z
PY16,SP26,4.40,4.40,3.90,2.20,4.40,2026-09-14T01:41:28.640Z
PY16,SP27,4.50,4.50,4.00,2.20,4.50,2026-09-14T01:41:28.651Z
PY16,SP28,4.70,4.70,4.10,2.30,4.70,2026-09-14T01:41:29.026Z
PY16,SP29,4.80,4.80,4.20,2.40,4.80,2026-09-14T01:41:28.729Z
PY16,SP3,1.20,1.20,1.20,0.60,1.20,2026-09-14T01:41:28.737Z
PY16,SP31,5.10,5.10,4.50,2.50,5.10,2026-09-14T01:41:29.025Z
PY16,SP4,1.50,1.50,1.40,0.70,1.50,2026-09-14T01:41:29.029Z
PY16,SP5,1.70,1.70,1.60,0.80,1.70,2026-09-14T01:41:28.792Z
PY16,SP6,1.90,1.90,1.80,0.90,1.90,2026-09-14T01:41:28.813Z
PY16,SP7,2.10,2.10,1.90,1.00,2.10,2026-09-14T01:41:28.916Z
PY16,SP8,2.40,2.40,2.20,1.20,2.40,2026-09-14T01:41:28.905Z
PY16,SP9,2.40,2.40,2.20,1.20,2.40,2026-09-14T01:41:29.030Z
PY17,PY18,1.00,1.00,1.00,0.50,1.00,2026-09-14T01:41:28.975Z
PY17,PY19,1.40,1.40,1.30,0.70,1.40,2026-09-14T01:41:28.987Z
PY17,PY20,1.70,1.70,1.60,0.90,1.70,2026-09-14T01:41:29.086Z
PY17,PY21,1.90,1.90,1.70,1.00,1.90,2026-09-14T01:41:29.079Z
PY17,PY22,2.00,2.00,1.80,1.00,2.00,2026-09-14T01:41:29.139Z
PY17,PY23,2.20,2.20,2.00,1.10,2.20,2026-09-14T01:41:29.159Z
PY17,PY24,2.50,2.50,2.20,1.20,2.50,2026-09-14T01:41:29.221Z
PY17,PY27,3.60,3.60,3.10,1.70,3.60,2026-09-14T01:41:29.185Z
PY17,PY28,3.90,3.90,3.40,1.90,3.90,2026-09-14T01:41:29.193Z
PY17,PY29,3.50,3.50,3.10,1.70,3.50,2026-09-14T01:41:29.186Z
PY17,PY31,4.20,4.20,3.70,2.10,4.20,2026-09-14T01:41:29.236Z
PY17,PY32,3.80,3.80,3.30,1.80,3.80,2026-09-14T01:41:29.230Z
PY17,PY33,3.90,3.90,3.40,1.90,3.90,2026-09-14T01:41:29.315Z
PY17,PY34,4.10,4.10,3.60,2.00,4.10,2026-09-14T01:41:29.319Z
PY17,PY36,3.80,3.80,3.30,1.90,3.80,2026-09-14T01:41:29.358Z
PY17,PY37,4.00,4.00,3.50,2.00,4.00,2026-09-14T01:41:29.354Z
PY17,PY38,4.30,4.30,3.70,2.10,4.30,2026-09-14T01:41:29.366Z
PY17,PY39,4.50,4.50,3.90,2.20,4.50,2026-09-14T01:41:29.379Z
PY17,PY40,4.60,4.60,4.00,2.30,4.60,2026-09-14T01:41:29.395Z
PY17,PY41,4.70,4.70,4.10,2.30,4.70,2026-09-14T01:41:29.420Z
PY17,SB1,9.60,9.60,8.10,4.70,9.60,2026-09-14T01:41:29.475Z
PY17,SB2,9.00,9.00,7.50,4.40,9.00,2026-09-14T01:41:29.483Z
PY17,SB3,8.30,8.30,7.00,4.10,8.30,2026-09-14T01:41:29.525Z
PY17,SB4,7.60,7.60,6.40,3.70,7.60,2026-09-14T01:41:29.526Z
PY17,SB5,6.90,6.90,5.80,3.40,6.90,2026-09-14T01:41:29.524Z
PY17,SB6,6.00,6.00,5.10,2.90,6.00,2026-09-14T01:41:29.598Z
PY17,SB7,5.20,5.20,4.40,2.50,5.20,2026-09-14T01:41:29.600Z
PY17,SP1,1.30,1.30,1.20,0.60,1.30,2026-09-14T01:41:29.600Z
PY17,SP10,2.20,2.20,2.00,1.10,2.20,2026-09-14T01:41:29.664Z
PY17,SP11,2.50,2.50,2.20,1.20,2.50,2026-09-14T01:41:29.643Z
PY17,SP12,3.00,3.00,2.60,1.50,3.00,2026-09-14T01:41:29.674Z
PY17,SP13,3.00,3.00,2.70,1.50,3.00,2026-09-14T01:41:29.674Z
PY17,SP14,3.40,3.40,3.00,1.60,3.40,2026-09-14T01:41:29.688Z
PY17,SP15,3.80,3.80,3.30,1.80,3.80,2026-09-14T01:41:29.773Z
PY17,SP16,3.50,3.50,3.10,1.70,3.50,2026-09-14T01:41:29.772Z
PY17,SP17,3.90,3.90,3.40,1.90,3.90,2026-09-14T01:41:29.795Z
PY17,SP18,4.10,4.10,3.50,2.00,4.10,2026-09-14T01:41:29.821Z
PY17,SP19,3.70,3.70,3.20,1.80,3.70,2026-09-14T01:41:29.820Z
PY17,SP2,1.00,1.00,1.00,0.50,1.00,2026-09-14T01:41:29.846Z
PY17,SP20,3.80,3.80,3.30,1.90,3.80,2026-09-14T01:41:29.844Z
PY17,SP21,4.00,4.00,3.50,2.00,4.00,2026-09-14T01:41:29.856Z
PY17,SP22,4.20,4.20,3.70,2.10,4.20,2026-09-14T01:41:29.950Z
PY17,SP24,3.70,3.70,3.20,1.80,3.70,2026-09-14T01:41:29.945Z
PY17,SP25,3.90,3.90,3.40,1.90,3.90,2026-09-14T01:41:29.969Z
PY17,SP26,4.00,4.00,3.50,2.00,4.00,2026-09-14T01:41:29.992Z
PY17,SP27,4.10,4.10,3.60,2.00,4.10,2026-09-14T01:41:29.994Z
PY17,SP28,4.30,4.30,3.70,2.10,4.30,2026-09-14T01:41:30.043Z
PY17,SP29,4.40,4.40,3.80,2.20,4.40,2026-09-14T01:41:30.000Z
PY17,SP3,0.80,0.80,0.80,0.40,0.80,2026-09-14T01:41:30.021Z
PY17,SP31,4.70,4.70,4.10,2.30,4.70,2026-09-14T01:41:30.117Z
PY17,SP4,1.10,1.10,1.00,0.50,1.10,2026-09-14T01:41:30.117Z
PY17,SP5,1.30,1.30,1.20,0.60,1.30,2026-09-14T01:41:30.133Z
PY17,SP6,1.50,1.50,1.40,0.70,1.50,2026-09-14T01:41:30.160Z
PY17,SP7,1.70,1.70,1.50,0.80,1.70,2026-09-14T01:41:30.168Z
PY17,SP8,2.00,2.00,1.80,1.00,2.00,2026-09-14T01:41:30.178Z
PY17,SP9,2.00,2.00,1.80,1.00,2.00,2026-09-14T01:41:30.187Z
PY18,PY19,1.20,1.20,1.10,0.60,1.20,2026-09-14T01:41:30.209Z
PY18,PY20,1.60,1.60,1.40,0.80,1.60,2026-09-14T01:41:30.270Z
PY18,PY21,1.70,1.70,1.60,0.90,1.70,2026-09-14T01:41:30.281Z
PY18,PY22,1.90,1.90,1.80,1.00,1.90,2026-09-14T01:41:30.293Z
PY18,PY23,2.00,2.00,1.80,1.00,2.00,2026-09-14T01:41:30.313Z
PY18,PY24,2.50,2.50,2.20,1.20,2.50,2026-09-14T01:41:30.363Z
PY18,PY27,3.40,3.40,3.00,1.70,3.40,2026-09-14T01:41:30.324Z
PY18,PY28,3.80,3.80,3.30,1.80,3.80,2026-09-14T01:41:30.343Z
PY18,PY29,3.60,3.60,3.20,1.80,3.60,2026-09-14T01:41:30.358Z
PY18,PY31,4.10,4.10,3.60,2.00,4.10,2026-09-14T01:41:30.445Z
PY18,PY32,3.70,3.70,3.20,1.80,3.70,2026-09-14T01:41:30.476Z
PY18,PY33,3.80,3.80,3.30,1.80,3.80,2026-09-14T01:41:30.457Z
PY18,PY34,4.10,4.10,3.50,2.00,4.10,2026-09-14T01:41:30.496Z
PY18,PY36,3.80,3.80,3.30,1.80,3.80,2026-09-14T01:41:30.487Z
PY18,PY37,3.90,3.90,3.40,1.90,3.90,2026-09-14T01:41:30.525Z
PY18,PY38,4.20,4.20,3.60,2.00,4.20,2026-09-14T01:41:30.534Z
PY18,PY39,4.40,4.40,3.80,2.10,4.40,2026-09-14T01:41:30.525Z
PY18,PY40,4.50,4.50,3.90,2.20,4.50,2026-09-14T01:41:30.606Z
PY18,PY41,4.70,4.70,4.00,2.30,4.70,2026-09-14T01:41:30.622Z
PY18,SB1,9.80,9.80,8.30,4.80,9.80,2026-09-14T01:41:30.659Z
PY18,SB2,9.20,9.20,7.70,4.50,9.20,2026-09-14T01:41:30.656Z
PY18,SB3,8.50,8.50,7.20,4.20,8.50,2026-09-14T01:41:30.653Z
PY18,SB4,7.80,7.80,6.60,3.80,7.80,2026-09-14T01:41:30.703Z
PY18,SB5,7.10,7.10,6.00,3.50,7.10,2026-09-14T01:41:30.694Z
PY18,SB6,6.20,6.20,5.30,3.00,6.20,2026-09-14T01:41:30.711Z
PY18,SB7,5.40,5.40,4.60,2.60,5.40,2026-09-14T01:41:30.765Z
PY18,SP1,1.50,1.50,1.40,0.70,1.50,2026-09-14T01:41:30.792Z
PY18,SP10,2.40,2.40,2.20,1.20,2.40,2026-09-14T01:41:30.817Z
PY18,SP11,2.50,2.50,2.20,1.20,2.50,2026-09-14T01:41:30.818Z
PY18,SP12,3.10,3.10,2.70,1.50,3.10,2026-09-14T01:41:30.844Z
PY18,SP13,3.20,3.20,2.90,1.60,3.20,2026-09-14T01:41:30.866Z
PY18,SP14,3.60,3.60,3.20,1.70,3.60,2026-09-14T01:41:30.862Z
PY18,SP15,4.00,4.00,3.50,1.90,4.00,2026-09-14T01:41:30.865Z
PY18,SP16,3.60,3.60,3.20,1.80,3.60,2026-09-14T01:41:30.920Z
PY18,SP17,4.10,4.10,3.60,2.00,4.10,2026-09-14T01:41:30.965Z
PY18,SP18,4.30,4.30,3.70,2.10,4.30,2026-09-14T01:41:30.982Z
PY18,SP19,3.90,3.90,3.40,1.90,3.90,2026-09-14T01:41:30.977Z
PY18,SP2,1.20,1.20,1.20,0.60,1.20,2026-09-14T01:41:31.020Z
PY18,SP20,4.00,4.00,3.50,2.00,4.00,2026-09-14T01:41:31.016Z
PY18,SP21,4.20,4.20,3.70,2.10,4.20,2026-09-14T01:41:31.017Z
PY18,SP22,4.40,4.40,3.90,2.20,4.40,2026-09-14T01:41:31.031Z
PY18,SP24,3.90,3.90,3.40,1.90,3.90,2026-09-14T01:41:31.075Z
PY18,SP25,4.10,4.10,3.60,2.00,4.10,2026-09-14T01:41:31.139Z
PY18,SP26,4.20,4.20,3.70,2.10,4.20,2026-09-14T01:41:31.142Z
PY18,SP27,4.30,4.30,3.80,2.10,4.30,2026-09-14T01:41:31.150Z
PY18,SP28,4.50,4.50,3.90,2.20,4.50,2026-09-14T01:41:31.186Z
PY18,SP29,4.60,4.60,4.00,2.30,4.60,2026-09-14T01:41:31.202Z
PY18,SP3,1.00,1.00,1.00,0.50,1.00,2026-09-14T01:41:31.187Z
PY18,SP31,4.90,4.90,4.30,2.40,4.90,2026-09-14T01:41:31.182Z
PY18,SP4,1.30,1.30,1.20,0.60,1.30,2026-09-14T01:41:31.280Z
PY18,SP5,1.50,1.50,1.40,0.70,1.50,2026-09-14T01:41:31.303Z
PY18,SP6,1.70,1.70,1.60,0.80,1.70,2026-09-14T01:41:31.303Z
PY18,SP7,1.90,1.90,1.70,0.90,1.90,2026-09-14T01:41:31.320Z
PY18,SP8,2.20,2.20,2.00,1.10,2.20,2026-09-14T01:41:31.462Z
PY18,SP9,2.20,2.20,2.00,1.10,2.20,2026-09-14T01:41:31.349Z
PY19,PY20,1.20,1.20,1.10,0.60,1.20,2026-09-14T01:41:31.366Z
PY19,PY21,1.30,1.30,1.20,0.70,1.30,2026-09-14T01:41:31.357Z
PY19,PY22,1.50,1.50,1.40,0.80,1.50,2026-09-14T01:41:31.442Z
PY19,PY23,1.80,1.80,1.60,0.90,1.80,2026-09-14T01:41:31.474Z
PY19,PY24,2.10,2.10,1.90,1.10,2.10,2026-09-14T01:41:31.484Z
PY19,PY27,3.10,3.10,2.80,1.50,3.10,2026-09-14T01:41:31.485Z
PY19,PY28,3.50,3.50,3.00,1.70,3.50,2026-09-14T01:41:31.569Z
PY19,PY29,3.90,3.90,3.40,1.90,3.90,2026-09-14T01:41:31.518Z
PY19,PY31,3.80,3.80,3.40,1.90,3.80,2026-09-14T01:41:31.524Z
PY19,PY32,4.10,4.10,3.60,2.00,4.10,2026-09-14T01:41:31.640Z
PY19,PY33,4.30,4.30,3.70,2.10,4.30,2026-09-14T01:41:31.627Z
PY19,PY34,3.90,3.90,3.40,1.90,3.90,2026-09-14T01:41:31.654Z
PY19,PY36,3.60,3.60,3.20,1.80,3.60,2026-09-14T01:41:31.657Z
PY19,PY37,3.80,3.80,3.30,1.80,3.80,2026-09-14T01:41:31.658Z
PY19,PY38,4.00,4.00,3.50,2.00,4.00,2026-09-14T01:41:31.672Z
PY19,PY39,4.20,4.20,3.70,2.10,4.20,2026-09-14T01:41:31.683Z
PY19,PY40,4.40,4.40,3.80,2.20,4.40,2026-09-14T01:41:31.741Z
PY19,PY41,4.50,4.50,3.90,2.20,4.50,2026-09-14T01:41:31.807Z
PY19,SB1,10.20,10.20,8.60,5.00,10.20,2026-09-14T01:41:31.804Z
PY19,SB2,9.60,9.60,8.00,4.70,9.60,2026-09-14T01:41:31.820Z
PY19,SB3,8.90,8.90,7.50,4.40,8.90,2026-09-14T01:41:31.817Z
PY19,SB4,8.20,8.20,6.90,4.00,8.20,2026-09-14T01:41:31.819Z
PY19,SB5,7.50,7.50,6.30,3.70,7.50,2026-09-14T01:41:31.834Z
PY19,SB6,6.60,6.60,5.60,3.20,6.60,2026-09-14T01:41:31.846Z
PY19,SB7,5.80,5.80,4.90,2.80,5.80,2026-09-14T01:41:31.971Z
PY19,SP1,1.90,1.90,1.70,0.90,1.90,2026-09-14T01:41:32.022Z
PY19,SP10,2.40,2.40,2.20,1.30,2.40,2026-09-14T01:41:32.018Z
PY19,SP11,2.10,2.10,1.90,1.10,2.10,2026-09-14T01:41:32.020Z
PY19,SP12,2.70,2.70,2.40,1.40,2.70,2026-09-14T01:41:32.031Z
PY19,SP13,3.10,3.10,2.70,1.60,3.10,2026-09-14T01:41:32.055Z
PY19,SP14,3.50,3.50,3.10,1.80,3.50,2026-09-14T01:41:32.086Z
PY19,SP15,4.00,4.00,3.50,2.00,4.00,2026-09-14T01:41:32.023Z
PY19,SP16,3.90,3.90,3.40,1.90,3.90,2026-09-14T01:41:32.130Z
PY19,SP17,4.40,4.40,3.90,2.20,4.40,2026-09-14T01:41:32.207Z
PY19,SP18,4.60,4.60,4.00,2.30,4.60,2026-09-14T01:41:32.195Z
PY19,SP19,4.30,4.30,3.70,2.10,4.30,2026-09-14T01:41:32.199Z
PY19,SP2,1.60,1.60,1.50,0.80,1.60,2026-09-14T01:41:32.200Z
PY19,SP20,4.40,4.40,3.80,2.20,4.40,2026-09-14T01:41:32.339Z
PY19,SP21,4.60,4.60,4.00,2.30,4.60,2026-09-14T01:41:32.222Z
PY19,SP22,4.80,4.80,4.20,2.40,4.80,2026-09-14T01:41:32.245Z
PY19,SP24,4.30,4.30,3.70,2.10,4.30,2026-09-14T01:41:32.301Z
PY19,SP25,4.50,4.50,3.90,2.20,4.50,2026-09-14T01:41:32.364Z
PY19,SP26,4.60,4.60,4.00,2.30,4.60,2026-09-14T01:41:32.358Z
PY19,SP27,4.70,4.70,4.10,2.30,4.70,2026-09-14T01:41:32.344Z
PY19,SP28,4.90,4.90,4.20,2.40,4.90,2026-09-14T01:41:32.375Z
PY19,SP29,5.00,5.00,4.30,2.50,5.00,2026-09-14T01:41:32.387Z
PY19,SP3,1.40,1.40,1.30,0.70,1.40,2026-09-14T01:41:32.396Z
PY19,SP31,5.30,5.30,4.60,2.60,5.30,2026-09-14T01:41:32.558Z
PY19,SP4,1.70,1.70,1.50,0.80,1.70,2026-09-14T01:41:32.505Z
PY19,SP5,1.90,1.90,1.70,0.90,1.90,2026-09-14T01:41:32.521Z
PY19,SP6,2.10,2.10,1.90,1.00,2.10,2026-09-14T01:41:32.525Z
PY19,SP7,2.30,2.30,2.00,1.10,2.30,2026-09-14T01:41:32.629Z
PY19,SP8,2.60,2.60,2.30,1.30,2.60,2026-09-14T01:41:32.562Z
PY19,SP9,2.60,2.60,2.30,1.30,2.60,2026-09-14T01:41:32.550Z
PY20,PY21,1.00,1.00,0.90,0.50,1.00,2026-09-14T01:41:32.551Z
PY20,PY22,1.20,1.20,1.10,0.60,1.20,2026-09-14T01:41:32.680Z
PY20,PY23,1.40,1.40,1.30,0.70,1.40,2026-09-14T01:41:32.678Z
PY20,PY24,2.00,2.00,1.80,1.00,2.00,2026-09-14T01:41:32.685Z
PY20,PY27,2.90,2.90,2.60,1.40,2.90,2026-09-14T01:41:32.725Z
PY20,PY28,3.20,3.20,2.80,1.60,3.20,2026-09-14T01:41:32.732Z
PY20,PY29,3.60,3.60,3.20,1.80,3.60,2026-09-14T01:41:32.744Z
PY20,PY31,3.60,3.60,3.20,1.80,3.60,2026-09-14T01:41:32.734Z
PY20,PY32,3.90,3.90,3.40,1.90,3.90,2026-09-14T01:41:32.776Z
PY20,PY33,4.10,4.10,3.50,2.00,4.10,2026-09-14T01:41:32.849Z
PY20,PY34,3.70,3.70,3.20,1.80,3.70,2026-09-14T01:41:32.858Z
PY20,PY36,4.30,4.30,3.80,2.10,4.30,2026-09-14T01:41:32.856Z
PY20,PY37,3.70,3.70,3.20,1.80,3.70,2026-09-14T01:41:32.901Z
PY20,PY38,3.90,3.90,3.40,1.90,3.90,2026-09-14T01:41:32.920Z
PY20,PY39,4.10,4.10,3.60,2.00,4.10,2026-09-14T01:41:32.900Z
PY20,PY40,4.30,4.30,3.70,2.10,4.30,2026-09-14T01:41:32.901Z
PY20,PY41,4.40,4.40,3.80,2.20,4.40,2026-09-14T01:41:32.953Z
PY20,SB1,10.20,10.20,8.60,5.00,10.20,2026-09-14T01:41:33.016Z
PY20,SB2,9.60,9.60,8.00,4.70,9.60,2026-09-14T01:41:33.029Z
PY20,SB3,8.90,8.90,7.50,4.40,8.90,2026-09-14T01:41:33.033Z
PY20,SB4,8.20,8.20,6.90,4.00,8.20,2026-09-14T01:41:33.067Z
PY20,SB5,7.50,7.50,6.30,3.70,7.50,2026-09-14T01:41:33.086Z
PY20,SB6,6.60,6.60,5.60,3.20,6.60,2026-09-14T01:41:33.116Z
PY20,SB7,5.80,5.80,4.90,2.80,5.80,2026-09-14T01:41:33.096Z
PY20,SP1,2.20,2.20,2.00,1.10,2.20,2026-09-14T01:41:33.110Z
PY20,SP10,2.30,2.30,2.10,1.20,2.30,2026-09-14T01:41:33.173Z
PY20,SP11,2.00,2.00,1.80,1.00,2.00,2026-09-14T01:41:33.225Z
PY20,SP12,2.60,2.60,2.30,1.30,2.60,2026-09-14T01:41:33.211Z
PY20,SP13,3.00,3.00,2.60,1.50,3.00,2026-09-14T01:41:33.589Z
PY20,SP14,3.30,3.30,2.90,1.70,3.30,2026-09-14T01:41:33.278Z
PY20,SP15,3.90,3.90,3.40,1.90,3.90,2026-09-14T01:41:33.263Z
PY20,SP16,3.60,3.60,3.20,1.80,3.60,2026-09-14T01:41:33.266Z
PY20,SP17,4.20,4.20,3.70,2.10,4.20,2026-09-14T01:41:33.595Z
PY20,SP18,4.50,4.50,3.90,2.20,4.50,2026-09-14T01:41:33.322Z
PY20,SP19,4.60,4.60,4.00,2.30,4.60,2026-09-14T01:41:33.595Z
PY20,SP2,1.90,1.90,1.80,1.00,1.90,2026-09-14T01:41:33.398Z
PY20,SP20,4.70,4.70,4.10,2.30,4.70,2026-09-14T01:41:33.430Z
PY20,SP21,4.80,4.80,4.20,2.40,4.80,2026-09-14T01:41:33.437Z
PY20,SP22,5.10,5.10,4.40,2.50,5.10,2026-09-14T01:41:33.441Z
PY20,SP24,4.60,4.60,4.00,2.30,4.60,2026-09-14T01:41:33.483Z
PY20,SP25,4.80,4.80,4.20,2.40,4.80,2026-09-14T01:41:33.614Z
PY20,SP26,4.90,4.90,4.30,2.50,4.90,2026-09-14T01:41:33.608Z
PY20,SP27,5.00,5.00,4.40,2.50,5.00,2026-09-14T01:41:33.620Z
PY20,SP28,4.80,4.80,4.10,2.30,4.80,2026-09-14T01:41:33.615Z
PY20,SP29,4.90,4.90,4.30,2.40,4.90,2026-09-14T01:41:33.642Z
PY20,SP3,1.70,1.70,1.60,0.90,1.70,2026-09-14T01:41:33.767Z
PY20,SP31,5.20,5.20,4.50,2.60,5.20,2026-09-14T01:41:33.763Z
PY20,SP4,2.00,2.00,1.80,1.00,2.00,2026-09-14T01:41:33.768Z
PY20,SP5,2.20,2.20,2.00,1.10,2.20,2026-09-14T01:41:33.789Z
PY20,SP6,2.40,2.40,2.20,1.20,2.40,2026-09-14T01:41:33.811Z
PY20,SP7,2.50,2.50,2.20,1.20,2.50,2026-09-14T01:41:33.784Z
PY20,SP8,2.20,2.20,2.00,1.10,2.20,2026-09-14T01:41:33.780Z
PY20,SP9,2.40,2.40,2.20,1.20,2.40,2026-09-14T01:41:33.881Z
PY21,PY22,1.00,1.00,1.00,0.50,1.00,2026-09-14T01:41:33.931Z
PY21,PY23,1.30,1.30,1.20,0.60,1.30,2026-09-14T01:41:33.928Z
PY21,PY24,1.80,1.80,1.60,0.90,1.80,2026-09-14T01:41:33.939Z
PY21,PY27,3.10,3.10,2.70,1.50,3.10,2026-09-14T01:41:33.953Z
PY21,PY28,3.10,3.10,2.70,1.50,3.10,2026-09-14T01:41:33.957Z
PY21,PY29,3.50,3.50,3.10,1.70,3.50,2026-09-14T01:41:33.950Z
PY21,PY31,3.50,3.50,3.10,1.70,3.50,2026-09-14T01:41:33.972Z
PY21,PY32,3.80,3.80,3.30,1.90,3.80,2026-09-14T01:41:34.044Z
PY21,PY33,4.00,4.00,3.40,1.90,4.00,2026-09-14T01:41:34.087Z
PY21,PY34,4.30,4.30,3.70,2.10,4.30,2026-09-14T01:41:34.101Z
PY21,PY36,4.30,4.30,3.70,2.10,4.30,2026-09-14T01:41:34.107Z
PY21,PY37,3.60,3.60,3.20,1.80,3.60,2026-09-14T01:41:34.121Z
PY21,PY38,3.90,3.90,3.40,1.90,3.90,2026-09-14T01:41:34.123Z
PY21,PY39,4.10,4.10,3.50,2.00,4.10,2026-09-14T01:41:34.124Z
PY21,PY40,4.20,4.20,3.70,2.10,4.20,2026-09-14T01:41:34.126Z
PY21,PY41,4.30,4.30,3.80,2.10,4.30,2026-09-14T01:41:34.201Z
PY21,SB1,10.10,10.10,8.50,4.90,10.10,2026-09-14T01:41:34.248Z
PY21,SB2,9.50,9.50,7.90,4.60,9.50,2026-09-14T01:41:34.262Z
PY21,SB3,8.80,8.80,7.40,4.30,8.80,2026-09-14T01:41:34.279Z
PY21,SB4,8.10,8.10,6.80,3.90,8.10,2026-09-14T01:41:34.299Z
PY21,SB5,7.40,7.40,6.20,3.60,7.40,2026-09-14T01:41:34.298Z
PY21,SB6,6.50,6.50,5.50,3.10,6.50,2026-09-14T01:41:34.299Z
PY21,SB7,5.70,5.70,4.80,2.70,5.70,2026-09-14T01:41:34.299Z
PY21,SP1,2.40,2.40,2.10,1.20,2.40,2026-09-14T01:41:34.381Z
PY21,SP10,2.10,2.10,1.90,1.10,2.10,2026-09-14T01:41:34.412Z
PY21,SP11,1.80,1.80,1.60,0.90,1.80,2026-09-14T01:41:34.426Z
PY21,SP12,2.40,2.40,2.10,1.20,2.40,2026-09-14T01:41:34.438Z
PY21,SP13,2.80,2.80,2.40,1.40,2.80,2026-09-14T01:41:34.471Z
PY21,SP14,3.10,3.10,2.70,1.60,3.10,2026-09-14T01:41:34.459Z
PY21,SP15,3.70,3.70,3.20,1.80,3.70,2026-09-14T01:41:34.460Z
PY21,SP16,3.50,3.50,3.10,1.70,3.50,2026-09-14T01:41:34.462Z
PY21,SP17,4.10,4.10,3.60,2.00,4.10,2026-09-14T01:41:34.557Z
PY21,SP18,4.30,4.30,3.70,2.10,4.30,2026-09-14T01:41:34.589Z
PY21,SP19,4.70,4.70,4.00,2.30,4.70,2026-09-14T01:41:34.619Z
PY21,SP2,2.10,2.10,1.90,1.10,2.10,2026-09-14T01:41:34.604Z
PY21,SP20,4.60,4.60,4.00,2.20,4.60,2026-09-14T01:41:34.637Z
PY21,SP21,4.60,4.60,4.00,2.30,4.60,2026-09-14T01:41:34.635Z
PY21,SP22,4.90,4.90,4.20,2.40,4.90,2026-09-14T01:41:34.639Z
PY21,SP24,4.70,4.70,4.00,2.30,4.70,2026-09-14T01:41:34.638Z
PY21,SP25,5.00,5.00,4.20,2.40,5.00,2026-09-14T01:41:34.725Z
PY21,SP26,4.90,4.90,4.20,2.40,4.90,2026-09-14T01:41:34.752Z
PY21,SP27,5.00,5.00,4.30,2.40,5.00,2026-09-14T01:41:34.775Z
PY21,SP28,4.60,4.60,3.90,2.20,4.60,2026-09-14T01:41:34.780Z
PY21,SP29,4.70,4.70,4.10,2.30,4.70,2026-09-14T01:41:34.808Z
PY21,SP3,1.90,1.90,1.70,1.00,1.90,2026-09-14T01:41:34.818Z
PY21,SP31,5.00,5.00,4.30,2.50,5.00,2026-09-14T01:41:34.809Z
PY21,SP4,2.20,2.20,1.90,1.10,2.20,2026-09-14T01:41:34.809Z
PY21,SP5,2.40,2.40,2.10,1.20,2.40,2026-09-14T01:41:34.893Z
PY21,SP6,2.60,2.60,2.30,1.20,2.60,2026-09-14T01:41:34.925Z
PY21,SP7,2.40,2.40,2.10,1.10,2.40,2026-09-14T01:41:34.943Z
PY21,SP8,2.10,2.10,1.90,1.00,2.10,2026-09-14T01:41:34.955Z
PY21,SP9,2.30,2.30,2.10,1.10,2.30,2026-09-14T01:41:34.990Z
PY22,PY23,1.10,1.10,1.00,0.50,1.10,2026-09-14T01:41:34.976Z
PY22,PY24,1.60,1.60,1.50,0.80,1.60,2026-09-14T01:41:34.986Z
PY22,PY27,2.90,2.90,2.50,1.50,2.90,2026-09-14T01:41:35.015Z
PY22,PY28,2.90,2.90,2.60,1.40,2.90,2026-09-14T01:41:35.062Z
PY22,PY29,3.40,3.40,3.00,1.60,3.40,2026-09-14T01:41:35.107Z
PY22,PY31,3.90,3.90,3.40,1.90,3.90,2026-09-14T01:41:35.107Z
PY22,PY32,3.70,3.70,3.20,1.80,3.70,2026-09-14T01:41:35.110Z
PY22,PY33,3.80,3.80,3.30,1.90,3.80,2026-09-14T01:41:35.147Z
PY22,PY34,4.20,4.20,3.60,2.00,4.20,2026-09-14T01:41:35.160Z
PY22,PY36,4.20,4.20,3.60,2.00,4.20,2026-09-14T01:41:35.151Z
PY22,PY37,3.50,3.50,3.10,1.70,3.50,2026-09-14T01:41:35.193Z
PY22,PY38,3.80,3.80,3.30,1.80,3.80,2026-09-14T01:41:35.242Z
PY22,PY39,4.00,4.00,3.50,1.90,4.00,2026-09-14T01:41:35.289Z
PY22,PY40,4.10,4.10,3.60,2.00,4.10,2026-09-14T01:41:35.279Z
PY22,PY41,4.30,4.30,3.70,2.10,4.30,2026-09-14T01:41:35.291Z
PY22,SB1,9.90,9.90,8.30,4.80,9.90,2026-09-14T01:41:35.309Z
PY22,SB2,9.30,9.30,7.70,4.50,9.30,2026-09-14T01:41:35.311Z
PY22,SB3,8.60,8.60,7.20,4.20,8.60,2026-09-14T01:41:35.337Z
PY22,SB4,7.90,7.90,6.60,3.80,7.90,2026-09-14T01:41:35.350Z
PY22,SB5,7.20,7.20,6.00,3.50,7.20,2026-09-14T01:41:35.403Z
PY22,SB6,6.30,6.30,5.30,3.00,6.30,2026-09-14T01:41:35.443Z
PY22,SB7,5.50,5.50,4.60,2.60,5.50,2026-09-14T01:41:35.462Z
PY22,SP1,2.50,2.50,2.20,1.20,2.50,2026-09-14T01:41:35.451Z
PY22,SP10,1.90,1.90,1.80,1.00,1.90,2026-09-14T01:41:35.490Z
PY22,SP11,1.60,1.60,1.50,0.80,1.60,2026-09-14T01:41:35.491Z
PY22,SP12,2.20,2.20,2.00,1.10,2.20,2026-09-14T01:41:35.496Z
PY22,SP13,2.60,2.60,2.30,1.30,2.60,2026-09-14T01:41:35.505Z
PY22,SP14,2.90,2.90,2.60,1.50,2.90,2026-09-14T01:41:35.572Z
PY22,SP15,3.50,3.50,3.10,1.70,3.50,2026-09-14T01:41:35.605Z
PY22,SP16,3.40,3.40,3.00,1.60,3.40,2026-09-14T01:41:35.649Z
PY22,SP17,3.90,3.90,3.50,1.90,3.90,2026-09-14T01:41:35.619Z
PY22,SP18,4.10,4.10,3.60,2.00,4.10,2026-09-14T01:41:35.679Z
PY22,SP19,4.50,4.50,3.90,2.20,4.50,2026-09-14T01:41:35.664Z
PY22,SP2,2.20,2.20,2.00,1.10,2.20,2026-09-14T01:41:35.664Z
PY22,SP20,4.40,4.40,3.80,2.10,4.40,2026-09-14T01:41:35.667Z
PY22,SP21,4.40,4.40,3.90,2.20,4.40,2026-09-14T01:41:35.736Z
PY22,SP22,4.70,4.70,4.10,2.30,4.70,2026-09-14T01:41:35.772Z
PY22,SP24,4.50,4.50,3.90,2.20,4.50,2026-09-14T01:41:35.800Z
PY22,SP25,4.80,4.80,4.10,2.30,4.80,2026-09-14T01:41:35.849Z
PY22,SP26,4.70,4.70,4.00,2.30,4.70,2026-09-14T01:41:35.842Z
PY22,SP27,4.80,4.80,4.10,2.30,4.80,2026-09-14T01:41:35.845Z
PY22,SP28,4.40,4.40,3.80,2.10,4.40,2026-09-14T01:41:35.846Z
PY22,SP29,4.50,4.50,4.00,2.20,4.50,2026-09-14T01:41:35.847Z
PY22,SP3,2.00,2.00,1.80,1.00,2.00,2026-09-14T01:41:35.904Z
PY22,SP31,4.80,4.80,4.20,2.40,4.80,2026-09-14T01:41:35.949Z
PY22,SP4,2.30,2.30,2.00,1.10,2.30,2026-09-14T01:41:35.958Z
PY22,SP5,2.50,2.50,2.20,1.20,2.50,2026-09-14T01:41:36.007Z
PY22,SP6,2.40,2.40,2.10,1.10,2.40,2026-09-14T01:41:36.003Z
PY22,SP7,2.20,2.20,1.90,1.00,2.20,2026-09-14T01:41:36.006Z
PY22,SP8,1.90,1.90,1.70,0.90,1.90,2026-09-14T01:41:36.004Z
PY22,SP9,2.10,2.10,1.90,1.00,2.10,2026-09-14T01:41:36.001Z
PY23,PY24,1.30,1.30,1.20,0.70,1.30,2026-09-14T01:41:36.058Z
PY23,PY27,2.70,2.70,2.40,1.30,2.70,2026-09-14T01:41:36.109Z
PY23,PY28,3.10,3.10,2.70,1.50,3.10,2026-09-14T01:41:36.115Z
PY23,PY29,3.20,3.20,2.80,1.50,3.20,2026-09-14T01:41:36.155Z
PY23,PY31,3.70,3.70,3.30,1.80,3.70,2026-09-14T01:41:36.164Z
PY23,PY32,3.50,3.50,3.10,1.70,3.50,2026-09-14T01:41:36.170Z
PY23,PY33,3.70,3.70,3.20,1.80,3.70,2026-09-14T01:41:36.178Z
PY23,PY34,4.00,4.00,3.50,2.00,4.00,2026-09-14T01:41:36.167Z
PY23,PY36,4.00,4.00,3.50,2.00,4.00,2026-09-14T01:41:36.216Z
PY23,PY37,4.30,4.30,3.70,2.10,4.30,2026-09-14T01:41:36.258Z
PY23,PY38,3.70,3.70,3.20,1.80,3.70,2026-09-14T01:41:36.281Z
PY23,PY39,3.90,3.90,3.40,1.90,3.90,2026-09-14T01:41:36.315Z
PY23,PY40,4.00,4.00,3.50,2.00,4.00,2026-09-14T01:41:36.328Z
PY23,PY41,4.20,4.20,3.60,2.00,4.20,2026-09-14T01:41:36.501Z
PY23,SB1,9.60,9.60,8.10,4.70,9.60,2026-09-14T01:41:36.326Z
PY23,SB2,9.00,9.00,7.50,4.40,9.00,2026-09-14T01:41:36.333Z
PY23,SB3,8.30,8.30,7.00,4.10,8.30,2026-09-14T01:41:36.366Z
PY23,SB4,7.60,7.60,6.40,3.70,7.60,2026-09-14T01:41:36.432Z
PY23,SB5,6.90,6.90,5.80,3.40,6.90,2026-09-14T01:41:36.448Z
PY23,SB6,6.00,6.00,5.10,2.90,6.00,2026-09-14T01:41:36.481Z
PY23,SB7,5.20,5.20,4.40,2.50,5.20,2026-09-14T01:41:36.478Z
PY23,SP1,2.70,2.70,2.40,1.30,2.70,2026-09-14T01:41:36.478Z
PY23,SP10,1.60,1.60,1.50,0.90,1.60,2026-09-14T01:41:36.499Z
PY23,SP11,1.30,1.30,1.20,0.70,1.30,2026-09-14T01:41:36.540Z
PY23,SP12,1.90,1.90,1.70,1.00,1.90,2026-09-14T01:41:36.590Z
PY23,SP13,2.30,2.30,2.00,1.20,2.30,2026-09-14T01:41:36.618Z
PY23,SP14,2.60,2.60,2.30,1.40,2.60,2026-09-14T01:41:36.649Z
PY23,SP15,3.10,3.10,2.70,1.60,3.10,2026-09-14T01:41:36.653Z
PY23,SP16,3.20,3.20,2.80,1.50,3.20,2026-09-14T01:41:36.642Z
PY23,SP17,3.60,3.60,3.20,1.80,3.60,2026-09-14T01:41:36.659Z
PY23,SP18,3.80,3.80,3.30,1.90,3.80,2026-09-14T01:41:36.667Z
PY23,SP19,4.20,4.20,3.60,2.10,4.20,2026-09-14T01:41:36.694Z
PY23,SP2,2.40,2.40,2.20,1.20,2.40,2026-09-14T01:41:36.743Z
PY23,SP20,4.10,4.10,3.60,2.00,4.10,2026-09-14T01:41:36.783Z
PY23,SP21,4.10,4.10,3.60,2.10,4.10,2026-09-14T01:41:36.794Z
PY23,SP22,4.40,4.40,3.80,2.20,4.40,2026-09-14T01:41:36.815Z
PY23,SP24,4.20,4.20,3.60,2.10,4.20,2026-09-14T01:41:36.819Z
PY23,SP25,4.50,4.50,3.80,2.20,4.50,2026-09-14T01:41:36.827Z
PY23,SP26,4.40,4.40,3.80,2.20,4.40,2026-09-14T01:41:36.834Z
PY23,SP27,4.50,4.50,3.90,2.20,4.50,2026-09-14T01:41:36.848Z
PY23,SP28,4.10,4.10,3.50,2.00,4.10,2026-09-14T01:41:36.911Z
PY23,SP29,4.20,4.20,3.70,2.10,4.20,2026-09-14T01:41:36.975Z
PY23,SP3,2.20,2.20,2.00,1.10,2.20,2026-09-14T01:41:36.970Z
PY23,SP31,4.50,4.50,3.90,2.30,4.50,2026-09-14T01:41:36.991Z
PY23,SP4,2.50,2.50,2.20,1.20,2.50,2026-09-14T01:41:36.995Z
PY23,SP5,2.30,2.30,2.10,1.10,2.30,2026-09-14T01:41:37.002Z
PY23,SP6,2.10,2.10,1.90,1.00,2.10,2026-09-14T01:41:37.013Z
PY23,SP7,1.90,1.90,1.70,0.90,1.90,2026-09-14T01:41:37.021Z
PY23,SP8,1.60,1.60,1.50,0.80,1.60,2026-09-14T01:41:37.060Z
PY23,SP9,1.80,1.80,1.70,0.90,1.80,2026-09-14T01:41:37.145Z
PY24,PY27,2.20,2.20,2.00,1.10,2.20,2026-09-14T01:41:37.147Z
PY24,PY28,2.60,2.60,2.30,1.30,2.60,2026-09-14T01:41:37.168Z
PY24,PY29,3.00,3.00,2.60,1.50,3.00,2026-09-14T01:41:37.177Z
PY24,PY31,3.30,3.30,2.90,1.60,3.30,2026-09-14T01:41:37.171Z
PY24,PY32,3.70,3.70,3.20,1.80,3.70,2026-09-14T01:41:37.192Z
PY24,PY33,3.90,3.90,3.40,1.90,3.90,2026-09-14T01:41:37.225Z
PY24,PY34,3.70,3.70,3.20,1.80,3.70,2026-09-14T01:41:37.222Z
PY24,PY36,3.80,3.80,3.30,1.80,3.80,2026-09-14T01:41:37.324Z
PY24,PY37,4.00,4.00,3.50,2.00,4.00,2026-09-14T01:41:37.316Z
PY24,PY38,4.40,4.40,3.80,2.10,4.40,2026-09-14T01:41:37.322Z
PY24,PY39,3.70,3.70,3.20,1.80,3.70,2026-09-14T01:41:37.341Z
PY24,PY40,3.90,3.90,3.40,1.90,3.90,2026-09-14T01:41:37.357Z
PY24,PY41,4.00,4.00,3.50,1.90,4.00,2026-09-14T01:41:37.359Z
PY24,SB1,9.60,9.60,8.10,4.70,9.60,2026-09-14T01:41:37.368Z
PY24,SB2,9.00,9.00,7.50,4.40,9.00,2026-09-14T01:41:37.381Z
PY24,SB3,8.30,8.30,7.00,4.10,8.30,2026-09-14T01:41:37.493Z
PY24,SB4,7.60,7.60,6.40,3.70,7.60,2026-09-14T01:41:37.481Z
PY24,SB5,6.90,6.90,5.80,3.40,6.90,2026-09-14T01:41:37.495Z
PY24,SB6,6.00,6.00,5.10,2.90,6.00,2026-09-14T01:41:37.532Z
PY24,SB7,5.20,5.20,4.40,2.50,5.20,2026-09-14T01:41:37.526Z
PY24,SP1,2.90,2.90,2.50,1.40,2.90,2026-09-14T01:41:37.537Z
PY24,SP10,1.10,1.10,1.10,0.60,1.10,2026-09-14T01:41:37.522Z
PY24,SP11,0.80,0.80,0.80,0.40,0.80,2026-09-14T01:41:37.539Z
PY24,SP12,1.40,1.40,1.30,0.70,1.40,2026-09-14T01:41:37.652Z
PY24,SP13,1.80,1.80,1.60,0.90,1.80,2026-09-14T01:41:37.653Z
PY24,SP14,2.10,2.10,1.90,1.10,2.10,2026-09-14T01:41:37.655Z
PY24,SP15,2.60,2.60,2.30,1.30,2.60,2026-09-14T01:41:37.695Z
PY24,SP16,3.00,3.00,2.60,1.50,3.00,2026-09-14T01:41:37.690Z
PY24,SP17,3.10,3.10,2.80,1.50,3.10,2026-09-14T01:41:37.703Z
PY24,SP18,3.30,3.30,2.90,1.60,3.30,2026-09-14T01:41:37.699Z
PY24,SP19,3.70,3.70,3.20,1.80,3.70,2026-09-14T01:41:37.701Z
PY24,SP2,2.70,2.70,2.30,1.30,2.70,2026-09-14T01:41:37.826Z
PY24,SP20,3.90,3.90,3.40,1.90,3.90,2026-09-14T01:41:37.827Z
PY24,SP21,3.60,3.60,3.20,1.80,3.60,2026-09-14T01:41:37.824Z
PY24,SP22,3.90,3.90,3.40,1.90,3.90,2026-09-14T01:41:37.870Z
PY24,SP24,3.70,3.70,3.20,1.80,3.70,2026-09-14T01:41:37.861Z
PY24,SP25,4.00,4.00,3.40,1.90,4.00,2026-09-14T01:41:37.870Z
PY24,SP26,4.10,4.10,3.60,2.00,4.10,2026-09-14T01:41:37.867Z
PY24,SP27,4.20,4.20,3.70,2.10,4.20,2026-09-14T01:41:37.871Z
PY24,SP28,3.60,3.60,3.10,1.70,3.60,2026-09-14T01:41:38.022Z
PY24,SP29,3.70,3.70,3.30,1.80,3.70,2026-09-14T01:41:38.007Z
PY24,SP3,2.50,2.50,2.20,1.20,2.50,2026-09-14T01:41:38.008Z
PY24,SP31,4.00,4.00,3.50,2.00,4.00,2026-09-14T01:41:38.037Z
PY24,SP4,2.30,2.30,2.00,1.10,2.30,2026-09-14T01:41:38.040Z
PY24,SP5,2.10,2.10,1.90,1.00,2.10,2026-09-14T01:41:38.046Z
PY24,SP6,1.90,1.90,1.70,1.00,1.90,2026-09-14T01:41:38.051Z
PY24,SP7,1.90,1.90,1.70,0.90,1.90,2026-09-14T01:41:38.081Z
PY24,SP8,1.60,1.60,1.40,0.80,1.60,2026-09-14T01:41:38.173Z
PY24,SP9,1.40,1.40,1.30,0.70,1.40,2026-09-14T01:41:38.173Z
PY27,PY28,1.30,1.30,1.20,0.60,1.30,2026-09-14T01:41:38.189Z
PY27,PY29,1.80,1.80,1.70,0.90,1.80,2026-09-14T01:41:38.200Z
PY27,PY31,2.40,2.40,2.10,1.20,2.40,2026-09-14T01:41:38.205Z
PY27,PY32,2.80,2.80,2.50,1.40,2.80,2026-09-14T01:41:38.219Z
PY27,PY33,3.00,3.00,2.60,1.50,3.00,2026-09-14T01:41:38.221Z
PY27,PY34,3.10,3.10,2.70,1.50,3.10,2026-09-14T01:41:38.243Z
PY27,PY36,3.60,3.60,3.10,1.70,3.60,2026-09-14T01:41:38.358Z
PY27,PY37,3.90,3.90,3.40,1.90,3.90,2026-09-14T01:41:38.357Z
PY27,PY38,4.30,4.30,3.70,2.10,4.30,2026-09-14T01:41:38.359Z
PY27,PY39,3.90,3.90,3.40,1.90,3.90,2026-09-14T01:41:38.387Z
PY27,PY40,4.10,4.10,3.50,2.00,4.10,2026-09-14T01:41:38.378Z
PY27,PY41,4.20,4.20,3.70,2.10,4.20,2026-09-14T01:41:38.384Z
PY27,SB1,11.20,11.20,9.50,5.50,11.20,2026-09-14T01:41:38.397Z
PY27,SB2,10.60,10.60,8.90,5.20,10.60,2026-09-14T01:41:38.398Z
PY27,SB3,9.90,9.90,8.40,4.90,9.90,2026-09-14T01:41:38.554Z
PY27,SB4,9.20,9.20,7.80,4.50,9.20,2026-09-14T01:41:38.546Z
PY27,SB5,8.50,8.50,7.20,4.20,8.50,2026-09-14T01:41:38.554Z
PY27,SB6,7.60,7.60,6.50,3.70,7.60,2026-09-14T01:41:38.554Z
PY27,SB7,6.80,6.80,5.80,3.30,6.80,2026-09-14T01:41:38.559Z
PY27,SP1,4.10,4.10,3.50,1.90,4.10,2026-09-14T01:41:38.558Z
PY27,SP10,2.50,2.50,2.30,1.30,2.50,2026-09-14T01:41:38.560Z
PY27,SP11,2.20,2.20,2.00,1.10,2.20,2026-09-14T01:41:38.639Z
PY27,SP12,2.80,2.80,2.50,1.40,2.80,2026-09-14T01:41:38.725Z
PY27,SP13,3.10,3.10,2.80,1.60,3.10,2026-09-14T01:41:38.725Z
PY27,SP14,2.80,2.80,2.50,1.40,2.80,2026-09-14T01:41:38.725Z
PY27,SP15,2.20,2.20,2.10,1.10,2.20,2026-09-14T01:41:38.733Z
PY27,SP16,1.80,1.80,1.70,0.90,1.80,2026-09-14T01:41:38.731Z
PY27,SP17,2.40,2.40,2.20,1.20,2.40,2026-09-14T01:41:38.762Z
PY27,SP18,2.70,2.70,2.40,1.30,2.70,2026-09-14T01:41:38.733Z
PY27,SP19,3.10,3.10,2.80,1.50,3.10,2026-09-14T01:41:38.814Z
PY27,SP2,3.80,3.80,3.30,1.80,3.80,2026-09-14T01:41:38.897Z
PY27,SP20,3.40,3.40,3.00,1.70,3.40,2026-09-14T01:41:38.887Z
PY27,SP21,3.70,3.70,3.30,1.80,3.70,2026-09-14T01:41:38.887Z
PY27,SP22,4.10,4.10,3.60,2.00,4.10,2026-09-14T01:41:38.900Z
PY27,SP24,4.30,4.30,3.80,2.10,4.30,2026-09-14T01:41:38.920Z
PY27,SP25,4.70,4.70,4.10,2.30,4.70,2026-09-14T01:41:38.926Z
PY27,SP26,4.40,4.40,3.90,2.20,4.40,2026-09-14T01:41:38.929Z
PY27,SP27,4.60,4.60,4.00,2.20,4.60,2026-09-14T01:41:38.979Z
PY27,SP28,4.90,4.90,4.30,2.40,4.90,2026-09-14T01:41:39.046Z
PY27,SP29,5.10,5.10,4.50,2.50,5.10,2026-09-14T01:41:39.058Z
PY27,SP3,3.60,3.60,3.10,1.70,3.60,2026-09-14T01:41:39.075Z
PY27,SP31,4.90,4.90,4.30,2.40,4.90,2026-09-14T01:41:39.078Z
PY27,SP4,3.80,3.80,3.30,1.80,3.80,2026-09-14T01:41:39.081Z
PY27,SP5,3.60,3.60,3.20,1.70,3.60,2026-09-14T01:41:39.082Z
PY27,SP6,3.40,3.40,3.00,1.70,3.40,2026-09-14T01:41:39.089Z
PY27,SP7,3.30,3.30,2.90,1.60,3.30,2026-09-14T01:41:39.126Z
PY27,SP8,3.00,3.00,2.60,1.50,3.00,2026-09-14T01:41:39.210Z
PY27,SP9,2.80,2.80,2.50,1.40,2.80,2026-09-14T01:41:39.227Z
PY28,PY29,1.40,1.40,1.30,0.70,1.40,2026-09-14T01:41:39.252Z
PY28,PY31,2.00,2.00,1.80,1.00,2.00,2026-09-14T01:41:39.249Z
PY28,PY32,2.40,2.40,2.10,1.20,2.40,2026-09-14T01:41:39.243Z
PY28,PY33,2.60,2.60,2.30,1.30,2.60,2026-09-14T01:41:39.247Z
PY28,PY34,3.10,3.10,2.70,1.60,3.10,2026-09-14T01:41:39.311Z
PY28,PY36,3.80,3.80,3.30,1.80,3.80,2026-09-14T01:41:39.294Z
PY28,PY37,3.60,3.60,3.10,1.70,3.60,2026-09-14T01:41:39.377Z
PY28,PY38,4.00,4.00,3.50,1.90,4.00,2026-09-14T01:41:39.398Z
PY28,PY39,3.60,3.60,3.20,1.80,3.60,2026-09-14T01:41:39.439Z
PY28,PY40,3.90,3.90,3.40,1.90,3.90,2026-09-14T01:41:39.439Z
PY28,PY41,4.00,4.00,3.50,2.00,4.00,2026-09-14T01:41:39.461Z
PY28,SB1,11.10,11.10,9.50,5.50,11.10,2026-09-14T01:41:39.444Z
PY28,SB2,10.50,10.50,8.90,5.20,10.50,2026-09-14T01:41:39.455Z
PY28,SB3,9.80,9.80,8.40,4.90,9.80,2026-09-14T01:41:39.491Z
PY28,SB4,9.10,9.10,7.80,4.50,9.10,2026-09-14T01:41:39.558Z
PY28,SB5,8.40,8.40,7.20,4.20,8.40,2026-09-14T01:41:39.571Z
PY28,SB6,7.50,7.50,6.50,3.70,7.50,2026-09-14T01:41:39.601Z
PY28,SB7,6.70,6.70,5.80,3.30,6.70,2026-09-14T01:41:39.614Z
PY28,SP1,4.40,4.40,3.80,2.10,4.40,2026-09-14T01:41:39.626Z
PY28,SP10,2.90,2.90,2.60,1.50,2.90,2026-09-14T01:41:39.601Z
PY28,SP11,2.60,2.60,2.30,1.30,2.60,2026-09-14T01:41:39.635Z
PY28,SP12,3.10,3.10,2.70,1.60,3.10,2026-09-14T01:41:39.655Z
PY28,SP13,2.70,2.70,2.40,1.40,2.70,2026-09-14T01:41:39.735Z
PY28,SP14,2.40,2.40,2.10,1.20,2.40,2026-09-14T01:41:39.747Z
PY28,SP15,1.80,1.80,1.70,0.90,1.80,2026-09-14T01:41:39.775Z
PY28,SP16,1.40,1.40,1.30,0.70,1.40,2026-09-14T01:41:39.784Z
PY28,SP17,2.00,2.00,1.80,1.00,2.00,2026-09-14T01:41:39.781Z
PY28,SP18,2.30,2.30,2.00,1.10,2.30,2026-09-14T01:41:39.788Z
PY28,SP19,2.70,2.70,2.40,1.30,2.70,2026-09-14T01:41:39.786Z
PY28,SP2,4.10,4.10,3.60,2.00,4.10,2026-09-14T01:41:39.815Z
PY28,SP20,2.90,2.90,2.50,1.50,2.90,2026-09-14T01:41:39.916Z
PY28,SP21,3.20,3.20,2.80,1.60,3.20,2026-09-14T01:41:39.913Z
PY28,SP22,3.70,3.70,3.20,1.80,3.70,2026-09-14T01:41:39.943Z
PY28,SP24,3.90,3.90,3.40,1.90,3.90,2026-09-14T01:41:39.940Z
PY28,SP25,4.30,4.30,3.70,2.10,4.30,2026-09-14T01:41:39.942Z
PY28,SP26,4.00,4.00,3.50,2.00,4.00,2026-09-14T01:41:39.945Z
PY28,SP27,4.20,4.20,3.60,2.00,4.20,2026-09-14T01:41:39.972Z
PY28,SP28,4.50,4.50,3.90,2.20,4.50,2026-09-14T01:41:39.970Z
PY28,SP29,4.80,4.80,4.10,2.30,4.80,2026-09-14T01:41:40.069Z
PY28,SP3,3.90,3.90,3.40,1.90,3.90,2026-09-14T01:41:40.083Z
PY28,SP31,4.50,4.50,3.90,2.20,4.50,2026-09-14T01:41:40.116Z
PY28,SP4,4.20,4.20,3.60,2.00,4.20,2026-09-14T01:41:40.111Z
PY28,SP5,4.00,4.00,3.50,1.90,4.00,2026-09-14T01:41:40.111Z
PY28,SP6,3.80,3.80,3.30,1.90,3.80,2026-09-14T01:41:40.118Z
PY28,SP7,3.80,3.80,3.30,1.80,3.80,2026-09-14T01:41:40.127Z
PY28,SP8,3.50,3.50,3.00,1.70,3.50,2026-09-14T01:41:40.122Z
PY28,SP9,3.20,3.20,2.80,1.60,3.20,2026-09-14T01:41:40.239Z
PY29,PY31,1.60,1.60,1.40,0.80,1.60,2026-09-14T01:41:40.253Z
PY29,PY32,1.90,1.90,1.70,0.90,1.90,2026-09-14T01:41:40.315Z
PY29,PY33,2.10,2.10,1.90,1.00,2.10,2026-09-14T01:41:40.326Z
PY29,PY34,2.60,2.60,2.30,1.30,2.60,2026-09-14T01:41:40.314Z
PY29,PY36,3.30,3.30,2.90,1.60,3.30,2026-09-14T01:41:40.290Z
PY29,PY37,3.70,3.70,3.20,1.80,3.70,2026-09-14T01:41:40.311Z
PY29,PY38,3.60,3.60,3.20,1.80,3.60,2026-09-14T01:41:40.316Z
PY29,PY39,4.00,4.00,3.50,1.90,4.00,2026-09-14T01:41:40.421Z
PY29,PY40,4.20,4.20,3.70,2.10,4.20,2026-09-14T01:41:40.423Z
PY29,PY41,3.70,3.70,3.30,1.80,3.70,2026-09-14T01:41:40.434Z
PY29,SB1,10.50,10.50,9.00,5.20,10.50,2026-09-14T01:41:40.497Z
PY29,SB2,9.90,9.90,8.40,4.90,9.90,2026-09-14T01:41:40.476Z
PY29,SB3,9.20,9.20,7.90,4.60,9.20,2026-09-14T01:41:40.736Z
PY29,SB4,8.50,8.50,7.30,4.20,8.50,2026-09-14T01:41:40.487Z
PY29,SB5,7.80,7.80,6.70,3.90,7.80,2026-09-14T01:41:40.490Z
PY29,SB6,6.90,6.90,6.00,3.40,6.90,2026-09-14T01:41:40.594Z
PY29,SB7,6.10,6.10,5.30,3.00,6.10,2026-09-14T01:41:40.591Z
PY29,SP1,3.80,3.80,3.30,1.90,3.80,2026-09-14T01:41:40.610Z
PY29,SP10,2.90,2.90,2.60,1.40,2.90,2026-09-14T01:41:40.639Z
PY29,SP11,3.00,3.00,2.60,1.50,3.00,2026-09-14T01:41:40.642Z
PY29,SP12,2.50,2.50,2.20,1.30,2.50,2026-09-14T01:41:40.646Z
PY29,SP13,2.10,2.10,1.90,1.10,2.10,2026-09-14T01:41:40.655Z
PY29,SP14,1.80,1.80,1.60,0.90,1.80,2026-09-14T01:41:40.764Z
PY29,SP15,1.20,1.20,1.20,0.60,1.20,2026-09-14T01:41:40.760Z
PY29,SP16,0.80,0.80,0.80,0.40,0.80,2026-09-14T01:41:40.759Z
PY29,SP17,1.40,1.40,1.30,0.70,1.40,2026-09-14T01:41:40.830Z
PY29,SP18,1.70,1.70,1.50,0.80,1.70,2026-09-14T01:41:40.943Z
PY29,SP19,2.10,2.10,1.90,1.00,2.10,2026-09-14T01:41:40.812Z
PY29,SP2,3.70,3.70,3.20,1.80,3.70,2026-09-14T01:41:40.834Z
PY29,SP20,2.30,2.30,2.00,1.20,2.30,2026-09-14T01:41:40.901Z
PY29,SP21,2.60,2.60,2.30,1.30,2.60,2026-09-14T01:41:40.935Z
PY29,SP22,3.00,3.00,2.60,1.50,3.00,2026-09-14T01:41:40.942Z
PY29,SP24,3.30,3.30,2.90,1.60,3.30,2026-09-14T01:41:40.934Z
PY29,SP25,3.70,3.70,3.20,1.80,3.70,2026-09-14T01:41:40.997Z
PY29,SP26,3.40,3.40,3.00,1.70,3.40,2026-09-14T01:41:40.981Z
PY29,SP27,3.60,3.60,3.10,1.70,3.60,2026-09-14T01:41:40.979Z
PY29,SP28,3.90,3.90,3.40,1.90,3.90,2026-09-14T01:41:41.078Z
PY29,SP29,4.20,4.20,3.60,2.00,4.20,2026-09-14T01:41:41.133Z
PY29,SP3,3.50,3.50,3.10,1.70,3.50,2026-09-14T01:41:41.111Z
PY29,SP31,3.90,3.90,3.40,1.90,3.90,2026-09-14T01:41:41.116Z
PY29,SP4,3.90,3.90,3.40,1.90,3.90,2026-09-14T01:41:41.107Z
PY29,SP5,3.70,3.70,3.30,1.80,3.70,2026-09-14T01:41:41.162Z
PY29,SP6,3.60,3.60,3.10,1.70,3.60,2026-09-14T01:41:41.166Z
PY29,SP7,3.40,3.40,3.00,1.70,3.40,2026-09-14T01:41:41.162Z
PY29,SP8,3.20,3.20,2.90,1.60,3.20,2026-09-14T01:41:41.251Z
PY29,SP9,3.10,3.10,2.70,1.50,3.10,2026-09-14T01:41:41.279Z
PY31,PY32,1.30,1.30,1.20,0.60,1.30,2026-09-14T01:41:41.282Z
PY31,PY33,1.50,1.50,1.40,0.80,1.50,2026-09-14T01:41:41.298Z
PY31,PY34,1.90,1.90,1.70,1.00,1.90,2026-09-14T01:41:41.334Z
PY31,PY36,3.10,3.10,2.70,1.60,3.10,2026-09-14T01:41:41.328Z
PY31,PY37,3.10,3.10,2.80,1.50,3.10,2026-09-14T01:41:41.340Z
PY31,PY38,3.60,3.60,3.20,1.80,3.60,2026-09-14T01:41:41.327Z
PY31,PY39,3.50,3.50,3.10,1.70,3.50,2026-09-14T01:41:41.419Z
PY31,PY40,3.80,3.80,3.30,1.80,3.80,2026-09-14T01:41:41.458Z
PY31,PY41,4.00,4.00,3.50,2.00,4.00,2026-09-14T01:41:41.450Z
PY31,SB1,11.30,11.30,9.60,5.60,11.30,2026-09-14T01:41:41.477Z
PY31,SB2,10.70,10.70,9.00,5.30,10.70,2026-09-14T01:41:41.502Z
PY31,SB3,10.00,10.00,8.50,5.00,10.00,2026-09-14T01:41:41.508Z
PY31,SB4,9.30,9.30,7.90,4.60,9.30,2026-09-14T01:41:41.505Z
PY31,SB5,8.60,8.60,7.30,4.30,8.60,2026-09-14T01:41:41.498Z
PY31,SB6,7.70,7.70,6.60,3.80,7.70,2026-09-14T01:41:41.590Z
PY31,SB7,6.90,6.90,5.90,3.40,6.90,2026-09-14T01:41:41.619Z
PY31,SP1,4.60,4.60,3.90,2.30,4.60,2026-09-14T01:41:41.637Z
PY31,SP10,3.60,3.60,3.20,1.80,3.60,2026-09-14T01:41:41.634Z
PY31,SP11,3.30,3.30,2.90,1.60,3.30,2026-09-14T01:41:41.676Z
PY31,SP12,3.40,3.40,2.90,1.70,3.40,2026-09-14T01:41:41.670Z
PY31,SP13,2.90,2.90,2.50,1.50,2.90,2026-09-14T01:41:41.684Z
PY31,SP14,2.60,2.60,2.20,1.30,2.60,2026-09-14T01:41:41.708Z
PY31,SP15,2.00,2.00,1.80,1.00,2.00,2026-09-14T01:41:41.759Z
PY31,SP16,1.60,1.60,1.40,0.80,1.60,2026-09-14T01:41:41.795Z
PY31,SP17,2.20,2.20,1.90,1.10,2.20,2026-09-14T01:41:41.787Z
PY31,SP18,2.50,2.50,2.10,1.20,2.50,2026-09-14T01:41:41.804Z
PY31,SP19,2.90,2.90,2.50,1.40,2.90,2026-09-14T01:41:41.832Z
PY31,SP2,4.40,4.40,3.80,2.20,4.40,2026-09-14T01:41:41.842Z
PY31,SP20,3.10,3.10,2.60,1.60,3.10,2026-09-14T01:41:41.838Z
PY31,SP21,3.50,3.50,3.00,1.70,3.50,2026-09-14T01:41:41.876Z
PY31,SP22,3.90,3.90,3.30,1.90,3.90,2026-09-14T01:41:41.920Z
PY31,SP24,4.10,4.10,3.50,2.00,4.10,2026-09-14T01:41:41.968Z
PY31,SP25,4.50,4.50,3.80,2.20,4.50,2026-09-14T01:41:41.965Z
PY31,SP26,4.20,4.20,3.60,2.10,4.20,2026-09-14T01:41:41.963Z
PY31,SP27,4.40,4.40,3.70,2.10,4.40,2026-09-14T01:41:42.025Z
PY31,SP28,4.70,4.70,4.00,2.30,4.70,2026-09-14T01:41:42.005Z
PY31,SP29,5.00,5.00,4.20,2.40,5.00,2026-09-14T01:41:42.050Z
PY31,SP3,4.20,4.20,3.70,2.10,4.20,2026-09-14T01:41:42.050Z
PY31,SP31,4.70,4.70,4.00,2.30,4.70,2026-09-14T01:41:42.071Z
PY31,SP4,4.50,4.50,3.90,2.20,4.50,2026-09-14T01:41:42.123Z
PY31,SP5,4.50,4.50,3.90,2.20,4.50,2026-09-14T01:41:42.133Z
PY31,SP6,4.40,4.40,3.70,2.10,4.40,2026-09-14T01:41:42.125Z
PY31,SP7,4.20,4.20,3.60,2.10,4.20,2026-09-14T01:41:42.185Z
PY31,SP8,4.00,4.00,3.50,2.00,4.00,2026-09-14T01:41:42.184Z
PY31,SP9,3.90,3.90,3.30,1.90,3.90,2026-09-14T01:41:42.597Z
PY32,PY33,1.00,1.00,1.00,0.50,1.00,2026-09-14T01:41:42.254Z
PY32,PY34,1.60,1.60,1.50,0.80,1.60,2026-09-14T01:41:42.244Z
PY32,PY36,2.70,2.70,2.40,1.40,2.70,2026-09-14T01:41:42.291Z
PY32,PY37,3.10,3.10,2.80,1.60,3.10,2026-09-14T01:41:42.302Z
PY32,PY38,3.30,3.30,2.90,1.60,3.30,2026-09-14T01:41:42.308Z
PY32,PY39,3.70,3.70,3.20,1.80,3.70,2026-09-14T01:41:42.337Z
PY32,PY40,3.50,3.50,3.10,1.70,3.50,2026-09-14T01:41:42.340Z
PY32,PY41,3.70,3.70,3.30,1.80,3.70,2026-09-14T01:41:42.415Z
PY32,SB1,11.60,11.60,9.90,5.70,11.60,2026-09-14T01:41:42.436Z
PY32,SB2,11.00,11.00,9.30,5.40,11.00,2026-09-14T01:41:42.472Z
PY32,SB3,10.30,10.30,8.80,5.10,10.30,2026-09-14T01:41:42.465Z
PY32,SB4,9.60,9.60,8.20,4.70,9.60,2026-09-14T01:41:42.490Z
PY32,SB5,8.90,8.90,7.60,4.40,8.90,2026-09-14T01:41:42.495Z
PY32,SB6,8.00,8.00,6.90,3.90,8.00,2026-09-14T01:41:42.524Z
PY32,SB7,7.20,7.20,6.20,3.50,7.20,2026-09-14T01:41:42.597Z
PY32,SP1,4.30,4.30,3.70,2.00,4.30,2026-09-14T01:41:42.630Z
PY32,SP10,4.00,4.00,3.50,1.90,4.00,2026-09-14T01:41:42.653Z
PY32,SP11,3.70,3.70,3.20,1.80,3.70,2026-09-14T01:41:42.712Z
PY32,SP12,3.70,3.70,3.20,1.80,3.70,2026-09-14T01:41:42.653Z
PY32,SP13,3.30,3.30,2.90,1.60,3.30,2026-09-14T01:41:42.654Z
PY32,SP14,2.90,2.90,2.50,1.40,2.90,2026-09-14T01:41:42.686Z
PY32,SP15,2.30,2.30,2.10,1.10,2.30,2026-09-14T01:41:42.781Z
PY32,SP16,1.90,1.90,1.70,0.90,1.90,2026-09-14T01:41:42.782Z
PY32,SP17,2.50,2.50,2.20,1.20,2.50,2026-09-14T01:41:42.820Z
PY32,SP18,2.80,2.80,2.40,1.30,2.80,2026-09-14T01:41:42.840Z
PY32,SP19,3.20,3.20,2.80,1.50,3.20,2026-09-14T01:41:42.847Z
PY32,SP2,4.00,4.00,3.50,1.90,4.00,2026-09-14T01:41:42.838Z
PY32,SP20,3.50,3.50,3.00,1.70,3.50,2026-09-14T01:41:42.854Z
PY32,SP21,3.80,3.80,3.30,1.80,3.80,2026-09-14T01:41:42.876Z
PY32,SP22,4.20,4.20,3.60,2.00,4.20,2026-09-14T01:41:42.959Z
PY32,SP24,4.40,4.40,3.80,2.10,4.40,2026-09-14T01:41:42.961Z
PY32,SP25,4.80,4.80,4.10,2.30,4.80,2026-09-14T01:41:42.987Z
PY32,SP26,4.50,4.50,3.90,2.20,4.50,2026-09-14T01:41:43.010Z
PY32,SP27,4.70,4.70,4.00,2.20,4.70,2026-09-14T01:41:43.001Z
PY32,SP28,5.00,5.00,4.30,2.40,5.00,2026-09-14T01:41:43.008Z
PY32,SP29,5.30,5.30,4.50,2.50,5.30,2026-09-14T01:41:43.007Z
PY32,SP3,3.80,3.80,3.30,1.80,3.80,2026-09-14T01:41:43.045Z
PY32,SP31,5.00,5.00,4.30,2.40,5.00,2026-09-14T01:41:43.161Z
PY32,SP4,4.10,4.10,3.50,1.90,4.10,2026-09-14T01:41:43.141Z
PY32,SP5,4.30,4.30,3.70,2.00,4.30,2026-09-14T01:41:43.182Z
PY32,SP6,4.50,4.50,3.90,2.10,4.50,2026-09-14T01:41:43.166Z
PY32,SP7,4.50,4.50,3.90,2.20,4.50,2026-09-14T01:41:43.165Z
PY32,SP8,4.30,4.30,3.80,2.10,4.30,2026-09-14T01:41:43.165Z
PY32,SP9,4.20,4.20,3.60,2.00,4.20,2026-09-14T01:41:43.177Z
PY33,PY34,1.40,1.40,1.30,0.70,1.40,2026-09-14T01:41:43.214Z
PY33,PY36,2.50,2.50,2.20,1.30,2.50,2026-09-14T01:41:43.329Z
PY33,PY37,2.90,2.90,2.60,1.50,2.90,2026-09-14T01:41:43.349Z
PY33,PY38,3.10,3.10,2.80,1.50,3.10,2026-09-14T01:41:43.349Z
PY33,PY39,3.50,3.50,3.10,1.70,3.50,2026-09-14T01:41:43.346Z
PY33,PY40,3.90,3.90,3.40,1.90,3.90,2026-09-14T01:41:43.347Z
PY33,PY41,3.60,3.60,3.10,1.70,3.60,2026-09-14T01:41:43.365Z
PY33,SB1,11.80,11.80,10.10,5.80,11.80,2026-09-14T01:41:43.356Z
PY33,SB2,11.20,11.20,9.50,5.50,11.20,2026-09-14T01:41:43.383Z
PY33,SB3,10.50,10.50,9.00,5.20,10.50,2026-09-14T01:41:43.515Z
PY33,SB4,9.80,9.80,8.40,4.80,9.80,2026-09-14T01:41:43.522Z
PY33,SB5,9.10,9.10,7.80,4.50,9.10,2026-09-14T01:41:43.713Z
PY33,SB6,8.20,8.20,7.10,4.00,8.20,2026-09-14T01:41:43.723Z
PY33,SB7,7.40,7.40,6.40,3.60,7.40,2026-09-14T01:41:43.709Z
PY33,SP1,4.40,4.40,3.80,2.10,4.40,2026-09-14T01:41:43.524Z
PY33,SP10,4.20,4.20,3.70,2.00,4.20,2026-09-14T01:41:43.714Z
PY33,SP11,3.90,3.90,3.40,1.90,3.90,2026-09-14T01:41:43.550Z
PY33,SP12,3.90,3.90,3.40,1.90,3.90,2026-09-14T01:41:43.699Z
PY33,SP13,3.50,3.50,3.10,1.70,3.50,2026-09-14T01:41:43.723Z
PY33,SP14,3.10,3.10,2.70,1.50,3.10,2026-09-14T01:41:43.723Z
PY33,SP15,2.50,2.50,2.30,1.20,2.50,2026-09-14T01:41:43.732Z
PY33,SP16,2.10,2.10,1.90,1.00,2.10,2026-09-14T01:41:43.863Z
PY33,SP17,2.70,2.70,2.40,1.30,2.70,2026-09-14T01:41:43.874Z
PY33,SP18,3.00,3.00,2.60,1.40,3.00,2026-09-14T01:41:43.944Z
PY33,SP19,3.50,3.50,3.10,1.60,3.50,2026-09-14T01:41:43.892Z
PY33,SP2,4.10,4.10,3.60,2.00,4.10,2026-09-14T01:41:43.892Z
PY33,SP20,3.70,3.70,3.20,1.80,3.70,2026-09-14T01:41:43.881Z
PY33,SP21,4.00,4.00,3.50,1.90,4.00,2026-09-14T01:41:43.890Z
PY33,SP22,4.40,4.40,3.80,2.10,4.40,2026-09-14T01:41:43.902Z
PY33,SP24,4.60,4.60,4.00,2.20,4.60,2026-09-14T01:41:44.047Z
PY33,SP25,5.00,5.00,4.30,2.40,5.00,2026-09-14T01:41:44.042Z
PY33,SP26,4.70,4.70,4.10,2.30,4.70,2026-09-14T01:41:44.048Z
PY33,SP27,4.90,4.90,4.20,2.30,4.90,2026-09-14T01:41:44.066Z
PY33,SP28,5.20,5.20,4.50,2.50,5.20,2026-09-14T01:41:44.066Z
PY33,SP29,5.50,5.50,4.70,2.60,5.50,2026-09-14T01:41:44.081Z
PY33,SP3,3.90,3.90,3.40,1.90,3.90,2026-09-14T01:41:44.110Z
PY33,SP31,5.20,5.20,4.50,2.50,5.20,2026-09-14T01:41:44.096Z
PY33,SP4,4.20,4.20,3.60,2.00,4.20,2026-09-14T01:41:44.223Z
PY33,SP5,4.40,4.40,3.80,2.10,4.40,2026-09-14T01:41:44.223Z
PY33,SP6,4.60,4.60,4.00,2.20,4.60,2026-09-14T01:41:44.231Z
PY33,SP7,4.70,4.70,4.10,2.30,4.70,2026-09-14T01:41:44.242Z
PY33,SP8,4.50,4.50,3.90,2.20,4.50,2026-09-14T01:41:44.270Z
PY33,SP9,4.40,4.40,3.80,2.10,4.40,2026-09-14T01:41:44.264Z
PY34,PY36,2.00,2.00,1.80,1.00,2.00,2026-09-14T01:41:44.263Z
PY34,PY37,2.40,2.40,2.20,1.20,2.40,2026-09-14T01:41:44.285Z
PY34,PY38,3.00,3.00,2.70,1.50,3.00,2026-09-14T01:41:44.389Z
PY34,PY39,3.10,3.10,2.80,1.50,3.10,2026-09-14T01:41:44.393Z
PY34,PY40,3.50,3.50,3.00,1.70,3.50,2026-09-14T01:41:44.405Z
PY34,PY41,3.70,3.70,3.20,1.80,3.70,2026-09-14T01:41:44.409Z
PY34,SB1,12.30,12.30,10.50,6.10,12.30,2026-09-14T01:41:44.442Z
PY34,SB2,11.70,11.70,9.90,5.80,11.70,2026-09-14T01:41:44.472Z
PY34,SB3,11.00,11.00,9.40,5.50,11.00,2026-09-14T01:41:44.438Z
PY34,SB4,10.30,10.30,8.80,5.10,10.30,2026-09-14T01:41:44.441Z
PY34,SB5,9.60,9.60,8.20,4.80,9.60,2026-09-14T01:41:44.565Z
PY34,SB6,8.70,8.70,7.50,4.30,8.70,2026-09-14T01:41:44.561Z
PY34,SB7,7.90,7.90,6.80,3.90,7.90,2026-09-14T01:41:44.574Z
PY34,SP1,4.60,4.60,4.00,2.20,4.60,2026-09-14T01:41:44.574Z
PY34,SP10,4.00,4.00,3.50,2.00,4.00,2026-09-14T01:41:44.605Z
PY34,SP11,3.70,3.70,3.20,1.80,3.70,2026-09-14T01:41:44.612Z
PY34,SP12,4.30,4.30,3.70,2.10,4.30,2026-09-14T01:41:44.605Z
PY34,SP13,4.00,4.00,3.50,2.00,4.00,2026-09-14T01:41:44.630Z
PY34,SP14,3.70,3.70,3.20,1.80,3.70,2026-09-14T01:41:44.725Z
PY34,SP15,3.00,3.00,2.70,1.50,3.00,2026-09-14T01:41:44.725Z
PY34,SP16,2.60,2.60,2.30,1.30,2.60,2026-09-14T01:41:44.746Z
PY34,SP17,3.20,3.20,2.80,1.60,3.20,2026-09-14T01:41:44.742Z
PY34,SP18,3.60,3.60,3.10,1.70,3.60,2026-09-14T01:41:44.771Z
PY34,SP19,4.00,4.00,3.50,1.90,4.00,2026-09-14T01:41:44.778Z
PY34,SP2,4.30,4.30,3.80,2.10,4.30,2026-09-14T01:41:44.775Z
PY34,SP20,4.20,4.20,3.60,2.10,4.20,2026-09-14T01:41:44.793Z
PY34,SP21,4.50,4.50,3.90,2.20,4.50,2026-09-14T01:41:44.899Z
PY34,SP22,4.90,4.90,4.20,2.40,4.90,2026-09-14T01:41:44.929Z
PY34,SP24,5.10,5.10,4.40,2.50,5.10,2026-09-14T01:41:44.920Z
PY34,SP25,5.50,5.50,4.70,2.70,5.50,2026-09-14T01:41:44.920Z
PY34,SP26,5.20,5.20,4.50,2.60,5.20,2026-09-14T01:41:44.972Z
PY34,SP27,5.40,5.40,4.60,2.60,5.40,2026-09-14T01:41:44.951Z
PY34,SP28,5.70,5.70,4.90,2.80,5.70,2026-09-14T01:41:44.952Z
PY34,SP29,6.00,6.00,5.10,2.90,6.00,2026-09-14T01:41:44.952Z
PY34,SP3,4.10,4.10,3.60,2.00,4.10,2026-09-14T01:41:45.070Z
PY34,SP31,5.70,5.70,4.90,2.80,5.70,2026-09-14T01:41:45.083Z
PY34,SP4,4.40,4.40,3.80,2.10,4.40,2026-09-14T01:41:45.089Z
PY34,SP5,4.60,4.60,4.00,2.20,4.60,2026-09-14T01:41:45.108Z
PY34,SP6,4.80,4.80,4.10,2.30,4.80,2026-09-14T01:41:45.112Z
PY34,SP7,4.80,4.80,4.10,2.30,4.80,2026-09-14T01:41:45.134Z
PY34,SP8,4.50,4.50,3.80,2.20,4.50,2026-09-14T01:41:45.119Z
PY34,SP9,4.30,4.30,3.70,2.10,4.30,2026-09-14T01:41:45.133Z
PY36,PY37,1.30,1.30,1.20,0.70,1.30,2026-09-14T01:41:45.469Z
PY36,PY38,2.00,2.00,1.80,1.00,2.00,2026-09-14T01:41:45.468Z
PY36,PY39,2.30,2.30,2.10,1.20,2.30,2026-09-14T01:41:45.468Z
PY36,PY40,2.70,2.70,2.40,1.40,2.70,2026-09-14T01:41:45.467Z
PY36,PY41,3.00,3.00,2.70,1.50,3.00,2026-09-14T01:41:45.468Z
PY36,SB1,12.50,12.50,10.50,6.20,12.50,2026-09-14T01:41:45.528Z
PY36,SB2,11.90,11.90,9.90,5.90,11.90,2026-09-14T01:41:45.528Z
PY36,SB3,11.20,11.20,9.40,5.60,11.20,2026-09-14T01:41:45.522Z
PY36,SB4,10.50,10.50,8.80,5.20,10.50,2026-09-14T01:41:45.648Z
PY36,SB5,9.80,9.80,8.20,4.90,9.80,2026-09-14T01:41:45.650Z
PY36,SB6,8.90,8.90,7.50,4.40,8.90,2026-09-14T01:41:45.649Z
PY36,SB7,8.10,8.10,6.80,4.00,8.10,2026-09-14T01:41:45.748Z
PY36,SP1,4.30,4.30,3.70,2.10,4.30,2026-09-14T01:41:45.713Z
PY36,SP10,4.10,4.10,3.60,2.00,4.10,2026-09-14T01:41:45.715Z
PY36,SP11,3.80,3.80,3.30,1.80,3.80,2026-09-14T01:41:45.715Z
PY36,SP12,4.40,4.40,3.80,2.10,4.40,2026-09-14T01:41:45.693Z
PY36,SP13,4.60,4.60,4.00,2.30,4.60,2026-09-14T01:41:45.800Z
PY36,SP14,4.30,4.30,3.70,2.10,4.30,2026-09-14T01:41:45.803Z
PY36,SP15,3.70,3.70,3.30,1.80,3.70,2026-09-14T01:41:45.816Z
PY36,SP16,3.30,3.30,2.90,1.60,3.30,2026-09-14T01:41:45.857Z
PY36,SP17,3.90,3.90,3.40,1.90,3.90,2026-09-14T01:41:45.870Z
PY36,SP18,4.20,4.20,3.60,2.00,4.20,2026-09-14T01:41:45.993Z
PY36,SP19,4.60,4.60,4.00,2.20,4.60,2026-09-14T01:41:45.876Z
PY36,SP2,4.00,4.00,3.50,2.00,4.00,2026-09-14T01:41:45.911Z
PY36,SP20,4.80,4.80,4.10,2.40,4.80,2026-09-14T01:41:45.974Z
PY36,SP21,5.10,5.10,4.40,2.50,5.10,2026-09-14T01:41:45.960Z
PY36,SP22,5.50,5.50,4.70,2.70,5.50,2026-09-14T01:41:45.992Z
PY36,SP24,5.70,5.70,4.90,2.80,5.70,2026-09-14T01:41:46.026Z
PY36,SP25,6.10,6.10,5.20,3.00,6.10,2026-09-14T01:41:46.019Z
PY36,SP26,5.80,5.80,5.00,2.90,5.80,2026-09-14T01:41:46.036Z
PY36,SP27,6.00,6.00,5.10,2.90,6.00,2026-09-14T01:41:46.064Z
PY36,SP28,6.30,6.30,5.40,3.10,6.30,2026-09-14T01:41:46.113Z
PY36,SP29,6.60,6.60,5.60,3.20,6.60,2026-09-14T01:41:46.144Z
PY36,SP3,3.80,3.80,3.30,1.90,3.80,2026-09-14T01:41:46.155Z
PY36,SP31,6.30,6.30,5.40,3.10,6.30,2026-09-14T01:41:46.301Z
PY36,SP4,4.10,4.10,3.50,2.00,4.10,2026-09-14T01:41:46.226Z
PY36,SP5,4.30,4.30,3.70,2.10,4.30,2026-09-14T01:41:46.205Z
PY36,SP6,4.50,4.50,3.90,2.20,4.50,2026-09-14T01:41:46.194Z
PY36,SP7,4.70,4.70,4.00,2.30,4.70,2026-09-14T01:41:46.235Z
PY36,SP8,4.60,4.60,3.90,2.20,4.60,2026-09-14T01:41:46.269Z
PY36,SP9,4.40,4.40,3.80,2.10,4.40,2026-09-14T01:41:46.315Z
PY37,PY38,1.50,1.50,1.40,0.70,1.50,2026-09-14T01:41:46.333Z
PY37,PY39,1.90,1.90,1.70,1.00,1.90,2026-09-14T01:41:46.342Z
PY37,PY40,2.30,2.30,2.00,1.10,2.30,2026-09-14T01:41:46.370Z
PY37,PY41,2.60,2.60,2.30,1.30,2.60,2026-09-14T01:41:46.453Z
PY37,SB1,12.70,12.70,10.70,6.30,12.70,2026-09-14T01:41:46.389Z
PY37,SB2,12.10,12.10,10.10,6.00,12.10,2026-09-14T01:41:46.441Z
PY37,SB3,11.40,11.40,9.60,5.70,11.40,2026-09-14T01:41:46.475Z
PY37,SB4,10.70,10.70,9.00,5.30,10.70,2026-09-14T01:41:46.496Z
PY37,SB5,10.00,10.00,8.40,5.00,10.00,2026-09-14T01:41:46.497Z
PY37,SB6,9.10,9.10,7.70,4.50,9.10,2026-09-14T01:41:46.501Z
PY37,SB7,8.30,8.30,7.00,4.10,8.30,2026-09-14T01:41:46.540Z
PY37,SP1,4.50,4.50,3.90,2.20,4.50,2026-09-14T01:41:46.549Z
PY37,SP10,4.30,4.30,3.80,2.20,4.30,2026-09-14T01:41:46.858Z
PY37,SP11,4.00,4.00,3.50,2.00,4.00,2026-09-14T01:41:46.624Z
PY37,SP12,4.60,4.60,4.00,2.30,4.60,2026-09-14T01:41:46.629Z
PY37,SP13,5.00,5.00,4.30,2.50,5.00,2026-09-14T01:41:46.661Z
PY37,SP14,4.70,4.70,4.00,2.30,4.70,2026-09-14T01:41:46.652Z
PY37,SP15,4.10,4.10,3.60,2.00,4.10,2026-09-14T01:41:46.677Z
PY37,SP16,3.70,3.70,3.20,1.80,3.70,2026-09-14T01:41:46.709Z
PY37,SP17,4.30,4.30,3.70,2.10,4.30,2026-09-14T01:41:46.710Z
PY37,SP18,4.60,4.60,3.90,2.20,4.60,2026-09-14T01:41:46.938Z
PY37,SP19,5.00,5.00,4.30,2.40,5.00,2026-09-14T01:41:46.793Z
PY37,SP2,4.20,4.20,3.70,2.10,4.20,2026-09-14T01:41:46.839Z
PY37,SP20,5.20,5.20,4.40,2.60,5.20,2026-09-14T01:41:46.833Z
PY37,SP21,5.50,5.50,4.70,2.70,5.50,2026-09-14T01:41:46.848Z
PY37,SP22,5.90,5.90,5.00,2.90,5.90,2026-09-14T01:41:46.884Z
PY37,SP24,6.10,6.10,5.20,3.00,6.10,2026-09-14T01:41:46.881Z
PY37,SP25,6.50,6.50,5.50,3.20,6.50,2026-09-14T01:41:46.963Z
PY37,SP26,6.20,6.20,5.30,3.10,6.20,2026-09-14T01:41:46.986Z
PY37,SP27,6.40,6.40,5.40,3.10,6.40,2026-09-14T01:41:47.012Z
PY37,SP28,6.70,6.70,5.70,3.30,6.70,2026-09-14T01:41:47.028Z
PY37,SP29,6.80,6.80,5.90,3.40,6.80,2026-09-14T01:41:47.022Z
PY37,SP3,4.00,4.00,3.50,2.00,4.00,2026-09-14T01:41:47.034Z
PY37,SP31,6.70,6.70,5.70,3.30,6.70,2026-09-14T01:41:47.050Z
PY37,SP4,4.30,4.30,3.70,2.10,4.30,2026-09-14T01:41:47.104Z
PY37,SP5,4.50,4.50,3.90,2.20,4.50,2026-09-14T01:41:47.141Z
PY37,SP6,4.70,4.70,4.10,2.30,4.70,2026-09-14T01:41:47.151Z
PY37,SP7,4.90,4.90,4.20,2.40,4.90,2026-09-14T01:41:47.183Z
PY37,SP8,4.80,4.80,4.10,2.40,4.80,2026-09-14T01:41:47.227Z
PY37,SP9,4.60,4.60,4.00,2.30,4.60,2026-09-14T01:41:47.516Z
PY38,PY39,1.40,1.40,1.30,0.70,1.40,2026-09-14T01:41:47.524Z
PY38,PY40,1.80,1.80,1.60,0.90,1.80,2026-09-14T01:41:47.216Z
PY38,PY41,2.00,2.00,1.80,1.00,2.00,2026-09-14T01:41:47.549Z
PY38,SB1,12.40,12.40,10.40,6.10,12.40,2026-09-14T01:41:47.314Z
PY38,SB2,11.80,11.80,9.80,5.80,11.80,2026-09-14T01:41:47.335Z
PY38,SB3,11.10,11.10,9.30,5.50,11.10,2026-09-14T01:41:47.357Z
PY38,SB4,10.40,10.40,8.70,5.10,10.40,2026-09-14T01:41:47.387Z
PY38,SB5,9.70,9.70,8.10,4.80,9.70,2026-09-14T01:41:47.565Z
PY38,SB6,8.80,8.80,7.40,4.30,8.80,2026-09-14T01:41:47.480Z
PY38,SB7,8.00,8.00,6.70,3.90,8.00,2026-09-14T01:41:47.578Z
PY38,SP1,4.80,4.80,4.10,2.30,4.80,2026-09-14T01:41:47.572Z
PY38,SP10,4.70,4.70,4.10,2.30,4.70,2026-09-14T01:41:47.561Z
PY38,SP11,4.40,4.40,3.80,2.10,4.40,2026-09-14T01:41:47.650Z
PY38,SP12,5.00,5.00,4.30,2.40,5.00,2026-09-14T01:41:47.694Z
PY38,SP13,4.90,4.90,4.30,2.50,4.90,2026-09-14T01:41:47.696Z
PY38,SP14,4.60,4.60,4.00,2.30,4.60,2026-09-14T01:41:47.704Z
PY38,SP15,4.00,4.00,3.60,2.00,4.00,2026-09-14T01:41:47.723Z
PY38,SP16,3.60,3.60,3.20,1.80,3.60,2026-09-14T01:41:47.744Z
PY38,SP17,4.20,4.20,3.70,2.10,4.20,2026-09-14T01:41:47.766Z
PY38,SP18,4.50,4.50,3.90,2.20,4.50,2026-09-14T01:41:47.742Z
PY38,SP19,4.90,4.90,4.30,2.40,4.90,2026-09-14T01:41:47.808Z
PY38,SP2,4.50,4.50,3.90,2.20,4.50,2026-09-14T01:41:47.877Z
PY38,SP20,5.10,5.10,4.40,2.60,5.10,2026-09-14T01:41:47.868Z
PY38,SP21,5.40,5.40,4.70,2.70,5.40,2026-09-14T01:41:47.870Z
PY38,SP22,5.80,5.80,5.00,2.90,5.80,2026-09-14T01:41:47.912Z
PY38,SP24,6.00,6.00,5.20,3.00,6.00,2026-09-14T01:41:47.917Z
PY38,SP25,6.40,6.40,5.50,3.20,6.40,2026-09-14T01:41:47.918Z
PY38,SP26,6.10,6.10,5.30,3.10,6.10,2026-09-14T01:41:47.920Z
PY38,SP27,6.30,6.30,5.40,3.10,6.30,2026-09-14T01:41:47.961Z
PY38,SP28,6.60,6.60,5.70,3.30,6.60,2026-09-14T01:41:48.032Z
PY38,SP29,6.90,6.90,5.90,3.40,6.90,2026-09-14T01:41:48.035Z
PY38,SP3,4.30,4.30,3.70,2.10,4.30,2026-09-14T01:41:48.050Z
PY38,SP31,6.60,6.60,5.70,3.30,6.60,2026-09-14T01:41:48.061Z
PY38,SP4,4.60,4.60,3.90,2.20,4.60,2026-09-14T01:41:48.140Z
PY38,SP5,4.80,4.80,4.10,2.30,4.80,2026-09-14T01:41:48.074Z
PY38,SP6,5.00,5.00,4.30,2.40,5.00,2026-09-14T01:41:48.078Z
PY38,SP7,4.80,4.80,4.10,2.30,4.80,2026-09-14T01:41:48.113Z
PY38,SP8,4.50,4.50,3.90,2.20,4.50,2026-09-14T01:41:48.195Z
PY38,SP9,4.70,4.70,4.10,2.30,4.70,2026-09-14T01:41:48.195Z
PY39,PY40,1.30,1.30,1.20,0.60,1.30,2026-09-14T01:41:48.223Z
PY39,PY41,1.60,1.60,1.50,0.80,1.60,2026-09-14T01:41:48.243Z
PY39,SB1,12.60,12.60,10.60,6.20,12.60,2026-09-14T01:41:48.254Z
PY39,SB2,12.00,12.00,10.00,5.90,12.00,2026-09-14T01:41:48.244Z
PY39,SB3,11.30,11.30,9.50,5.60,11.30,2026-09-14T01:41:48.273Z
PY39,SB4,10.60,10.60,8.90,5.20,10.60,2026-09-14T01:41:48.296Z
PY39,SB5,9.90,9.90,8.30,4.90,9.90,2026-09-14T01:41:48.341Z
PY39,SB6,9.00,9.00,7.60,4.40,9.00,2026-09-14T01:41:48.369Z
PY39,SB7,8.20,8.20,6.90,4.00,8.20,2026-09-14T01:41:48.390Z
PY39,SP1,5.00,5.00,4.30,2.40,5.00,2026-09-14T01:41:48.414Z
PY39,SP10,4.00,4.00,3.50,2.00,4.00,2026-09-14T01:41:48.421Z
PY39,SP11,3.70,3.70,3.20,1.80,3.70,2026-09-14T01:41:48.419Z
PY39,SP12,4.30,4.30,3.70,2.10,4.30,2026-09-14T01:41:48.437Z
PY39,SP13,4.70,4.70,4.00,2.30,4.70,2026-09-14T01:41:48.458Z
PY39,SP14,5.00,5.00,4.30,2.40,5.00,2026-09-14T01:41:48.502Z
PY39,SP15,4.40,4.40,3.90,2.10,4.40,2026-09-14T01:41:48.557Z
PY39,SP16,4.00,4.00,3.50,1.90,4.00,2026-09-14T01:41:48.557Z
PY39,SP17,4.60,4.60,4.00,2.20,4.60,2026-09-14T01:41:48.599Z
PY39,SP18,4.90,4.90,4.20,2.30,4.90,2026-09-14T01:41:48.604Z
PY39,SP19,5.30,5.30,4.60,2.50,5.30,2026-09-14T01:41:48.601Z
PY39,SP2,4.70,4.70,4.10,2.30,4.70,2026-09-14T01:41:48.612Z
PY39,SP20,5.50,5.50,4.70,2.70,5.50,2026-09-14T01:41:48.616Z
PY39,SP21,5.80,5.80,5.00,2.80,5.80,2026-09-14T01:41:48.647Z
PY39,SP22,6.20,6.20,5.30,3.00,6.20,2026-09-14T01:41:48.711Z
PY39,SP24,6.40,6.40,5.50,3.10,6.40,2026-09-14T01:41:48.725Z
PY39,SP25,6.80,6.80,5.70,3.30,6.80,2026-09-14T01:41:48.771Z
PY39,SP26,6.50,6.50,5.60,3.20,6.50,2026-09-14T01:41:48.777Z
PY39,SP27,6.70,6.70,5.70,3.20,6.70,2026-09-14T01:41:48.770Z
PY39,SP28,6.40,6.40,5.40,3.10,6.40,2026-09-14T01:41:48.778Z
PY39,SP29,6.50,6.50,5.60,3.20,6.50,2026-09-14T01:41:48.775Z
PY39,SP3,4.50,4.50,3.90,2.20,4.50,2026-09-14T01:41:48.817Z
PY39,SP31,6.80,6.80,5.80,3.40,6.80,2026-09-14T01:41:48.874Z
PY39,SP4,4.80,4.80,4.10,2.30,4.80,2026-09-14T01:41:48.897Z
PY39,SP5,5.00,5.00,4.30,2.40,5.00,2026-09-14T01:41:48.929Z
PY39,SP6,4.80,4.80,4.10,2.40,4.80,2026-09-14T01:41:48.957Z
PY39,SP7,4.80,4.80,4.10,2.30,4.80,2026-09-14T01:41:48.939Z
PY39,SP8,4.50,4.50,3.80,2.20,4.50,2026-09-14T01:41:48.940Z
PY39,SP9,4.30,4.30,3.70,2.10,4.30,2026-09-14T01:41:48.966Z
PY40,PY41,1.20,1.20,1.10,0.60,1.20,2026-09-14T01:41:48.975Z
PY40,SB1,12.70,12.70,10.70,6.30,12.70,2026-09-14T01:41:49.042Z
PY40,SB2,12.10,12.10,10.10,6.00,12.10,2026-09-14T01:41:49.069Z
PY40,SB3,11.40,11.40,9.60,5.70,11.40,2026-09-14T01:41:49.085Z
PY40,SB4,10.70,10.70,9.00,5.30,10.70,2026-09-14T01:41:49.106Z
PY40,SB5,10.00,10.00,8.40,5.00,10.00,2026-09-14T01:41:49.106Z
PY40,SB6,9.10,9.10,7.70,4.50,9.10,2026-09-14T01:41:49.114Z
PY40,SB7,8.30,8.30,7.00,4.10,8.30,2026-09-14T01:41:49.132Z
PY40,SP1,5.10,5.10,4.40,2.50,5.10,2026-09-14T01:41:49.128Z
PY40,SP10,4.20,4.20,3.70,2.10,4.20,2026-09-14T01:41:49.205Z
PY40,SP11,3.90,3.90,3.40,1.90,3.90,2026-09-14T01:41:49.236Z
PY40,SP12,4.50,4.50,3.90,2.20,4.50,2026-09-14T01:41:49.255Z
PY40,SP13,4.90,4.90,4.20,2.40,4.90,2026-09-14T01:41:49.292Z
PY40,SP14,5.20,5.20,4.50,2.60,5.20,2026-09-14T01:41:49.286Z
PY40,SP15,4.60,4.60,4.10,2.30,4.60,2026-09-14T01:41:49.286Z
PY40,SP16,4.20,4.20,3.70,2.10,4.20,2026-09-14T01:41:49.304Z
PY40,SP17,4.80,4.80,4.20,2.40,4.80,2026-09-14T01:41:49.312Z
PY40,SP18,5.10,5.10,4.40,2.50,5.10,2026-09-14T01:41:49.367Z
PY40,SP19,5.50,5.50,4.80,2.70,5.50,2026-09-14T01:41:49.408Z
PY40,SP2,4.80,4.80,4.20,2.40,4.80,2026-09-14T01:41:49.413Z
PY40,SP20,5.70,5.70,4.90,2.90,5.70,2026-09-14T01:41:49.469Z
PY40,SP21,6.00,6.00,5.20,3.00,6.00,2026-09-14T01:41:49.452Z
PY40,SP22,6.40,6.40,5.50,3.20,6.40,2026-09-14T01:41:49.766Z
PY40,SP24,6.60,6.60,5.70,3.30,6.60,2026-09-14T01:41:49.455Z
PY40,SP25,7.00,7.00,5.90,3.40,7.00,2026-09-14T01:41:49.467Z
PY40,SP26,6.70,6.70,5.80,3.40,6.70,2026-09-14T01:41:49.516Z
PY40,SP27,6.90,6.90,5.90,3.40,6.90,2026-09-14T01:41:49.575Z
PY40,SP28,6.60,6.60,5.60,3.20,6.60,2026-09-14T01:41:49.565Z
PY40,SP29,6.70,6.70,5.80,3.30,6.70,2026-09-14T01:41:49.606Z
PY40,SP3,4.60,4.60,4.00,2.30,4.60,2026-09-14T01:41:49.837Z
PY40,SP31,7.00,7.00,6.00,3.50,7.00,2026-09-14T01:41:49.674Z
PY40,SP4,4.90,4.90,4.20,2.40,4.90,2026-09-14T01:41:49.632Z
PY40,SP5,5.10,5.10,4.40,2.50,5.10,2026-09-14T01:41:49.685Z
PY40,SP6,5.00,5.00,4.30,2.50,5.00,2026-09-14T01:41:49.766Z
PY40,SP7,5.00,5.00,4.30,2.40,5.00,2026-09-14T01:41:49.730Z
PY40,SP8,4.70,4.70,4.00,2.30,4.70,2026-09-14T01:41:49.754Z
PY40,SP9,4.50,4.50,3.90,2.20,4.50,2026-09-14T01:41:49.797Z
PY41,SB1,12.90,12.90,10.80,6.30,12.90,2026-09-14T01:41:49.946Z
PY41,SB2,12.30,12.30,10.20,6.00,12.30,2026-09-14T01:41:49.868Z
PY41,SB3,11.60,11.60,9.70,5.70,11.60,2026-09-14T01:41:49.888Z
PY41,SB4,10.90,10.90,9.10,5.30,10.90,2026-09-14T01:41:49.917Z
PY41,SB5,10.20,10.20,8.50,5.00,10.20,2026-09-14T01:41:49.923Z
PY41,SB6,9.30,9.30,7.80,4.50,9.30,2026-09-14T01:41:49.998Z
PY41,SB7,8.50,8.50,7.10,4.10,8.50,2026-09-14T01:41:49.993Z
PY41,SP1,5.20,5.20,4.50,2.50,5.20,2026-09-14T01:41:50.053Z
PY41,SP10,4.30,4.30,3.80,2.10,4.30,2026-09-14T01:41:50.043Z
PY41,SP11,4.00,4.00,3.50,1.90,4.00,2026-09-14T01:41:50.041Z
PY41,SP12,4.60,4.60,4.00,2.20,4.60,2026-09-14T01:41:50.082Z
PY41,SP13,5.00,5.00,4.30,2.40,5.00,2026-09-14T01:41:50.101Z
PY41,SP14,4.70,4.70,4.10,2.30,4.70,2026-09-14T01:41:50.129Z
PY41,SP15,4.10,4.10,3.70,2.00,4.10,2026-09-14T01:41:50.159Z
PY41,SP16,3.70,3.70,3.30,1.80,3.70,2026-09-14T01:41:50.155Z
PY41,SP17,4.30,4.30,3.80,2.10,4.30,2026-09-14T01:41:50.203Z
PY41,SP18,4.60,4.60,4.00,2.20,4.60,2026-09-14T01:41:50.196Z
PY41,SP19,5.00,5.00,4.40,2.40,5.00,2026-09-14T01:41:50.200Z
PY41,SP2,4.90,4.90,4.30,2.40,4.90,2026-09-14T01:41:50.240Z
PY41,SP20,5.20,5.20,4.50,2.60,5.20,2026-09-14T01:41:50.243Z
PY41,SP21,5.50,5.50,4.80,2.70,5.50,2026-09-14T01:41:50.285Z
PY41,SP22,5.90,5.90,5.10,2.90,5.90,2026-09-14T01:41:50.329Z
PY41,SP24,6.10,6.10,5.30,3.00,6.10,2026-09-14T01:41:50.326Z
PY41,SP25,6.50,6.50,5.60,3.20,6.50,2026-09-14T01:41:50.375Z
PY41,SP26,6.20,6.20,5.40,3.10,6.20,2026-09-14T01:41:50.379Z
PY41,SP27,6.40,6.40,5.50,3.10,6.40,2026-09-14T01:41:50.370Z
PY41,SP28,6.70,6.70,5.70,3.20,6.70,2026-09-14T01:41:50.426Z
PY41,SP29,6.80,6.80,5.90,3.30,6.80,2026-09-14T01:41:50.426Z
PY41,SP3,4.70,4.70,4.10,2.30,4.70,2026-09-14T01:41:50.435Z
PY41,SP31,6.70,6.70,5.80,3.30,6.70,2026-09-14T01:41:50.494Z
PY41,SP4,5.00,5.00,4.30,2.40,5.00,2026-09-14T01:41:50.483Z
PY41,SP5,5.20,5.20,4.50,2.50,5.20,2026-09-14T01:41:50.547Z
PY41,SP6,5.10,5.10,4.40,2.50,5.10,2026-09-14T01:41:50.531Z
PY41,SP7,5.10,5.10,4.40,2.40,5.10,2026-09-14T01:41:50.535Z
PY41,SP8,4.80,4.80,4.10,2.30,4.80,2026-09-14T01:41:50.576Z
PY41,SP9,4.60,4.60,4.00,2.20,4.60,2026-09-14T01:41:50.599Z
SB1,SB2,1.60,1.60,1.40,0.70,1.60,2026-09-14T01:41:50.587Z
SB1,SB3,2.20,2.20,2.00,1.10,2.20,2026-09-14T01:41:50.652Z
SB1,SB4,2.90,2.90,2.60,1.40,2.90,2026-09-14T01:41:50.654Z
SB1,SB5,3.60,3.60,3.10,1.70,3.60,2026-09-14T01:41:50.703Z
SB1,SB6,4.50,4.50,3.90,2.20,4.50,2026-09-14T01:41:50.698Z
SB1,SB7,5.30,5.30,4.60,2.60,5.30,2026-09-14T01:41:50.708Z
SB1,SP1,9.90,9.90,8.40,4.90,9.90,2026-09-14T01:41:50.758Z
SB1,SP10,9.30,9.30,7.90,4.50,9.30,2026-09-14T01:41:50.761Z
SB1,SP11,9.60,9.60,8.10,4.70,9.60,2026-09-14T01:41:50.751Z
SB1,SP12,10.00,10.00,8.50,4.90,10.00,2026-09-14T01:41:50.821Z
SB1,SP13,10.30,10.30,8.80,5.10,10.30,2026-09-14T01:41:50.809Z
SB1,SP14,10.10,10.10,8.70,5.00,10.10,2026-09-14T01:41:50.863Z
SB1,SP15,10.70,10.70,9.20,5.30,10.70,2026-09-14T01:41:50.854Z
SB1,SP16,10.50,10.50,9.00,5.20,10.50,2026-09-14T01:41:50.857Z
SB1,SP17,10.90,10.90,9.30,5.40,10.90,2026-09-14T01:41:50.911Z
SB1,SP18,10.70,10.70,9.20,5.30,10.70,2026-09-14T01:41:50.913Z
SB1,SP19,10.40,10.40,8.90,5.10,10.40,2026-09-14T01:41:50.930Z
SB1,SP2,9.80,9.80,8.30,4.80,9.80,2026-09-14T01:41:50.967Z
SB1,SP20,10.20,10.20,8.80,5.10,10.20,2026-09-14T01:41:50.984Z
SB1,SP21,10.50,10.50,9.00,5.20,10.50,2026-09-14T01:41:51.019Z
SB1,SP22,10.20,10.20,8.70,5.00,10.20,2026-09-14T01:41:51.025Z
SB1,SP24,9.60,9.60,8.20,4.70,9.60,2026-09-14T01:41:51.061Z
SB1,SP25,9.60,9.60,8.20,4.70,9.60,2026-09-14T01:41:51.065Z
SB1,SP26,9.30,9.30,8.00,4.60,9.30,2026-09-14T01:41:51.070Z
SB1,SP27,9.10,9.10,7.80,4.50,9.10,2026-09-14T01:41:51.155Z
SB1,SP28,8.70,8.70,7.50,4.30,8.70,2026-09-14T01:41:51.377Z
SB1,SP29,8.30,8.30,7.20,4.10,8.30,2026-09-14T01:41:51.147Z
SB1,SP3,9.60,9.60,8.10,4.70,9.60,2026-09-14T01:41:51.196Z
SB1,SP31,7.50,7.50,6.50,3.70,7.50,2026-09-14T01:41:51.198Z
SB1,SP4,9.30,9.30,7.90,4.60,9.30,2026-09-14T01:41:51.382Z
SB1,SP5,9.10,9.10,7.70,4.50,9.10,2026-09-14T01:41:51.271Z
SB1,SP6,8.90,8.90,7.60,4.40,8.90,2026-09-14T01:41:51.379Z
SB1,SP7,8.70,8.70,7.40,4.30,8.70,2026-09-14T01:41:51.318Z
SB1,SP8,8.80,8.80,7.50,4.30,8.80,2026-09-14T01:41:51.381Z
SB1,SP9,9.00,9.00,7.70,4.40,9.00,2026-09-14T01:41:51.361Z
SB2,SB3,1.60,1.60,1.40,0.70,1.60,2026-09-14T01:41:51.381Z
SB2,SB4,2.30,2.30,2.10,1.10,2.30,2026-09-14T01:41:51.423Z
SB2,SB5,2.90,2.90,2.60,1.40,2.90,2026-09-14T01:41:51.477Z
SB2,SB6,3.80,3.80,3.40,1.90,3.80,2026-09-14T01:41:51.527Z
SB2,SB7,4.70,4.70,4.00,2.30,4.70,2026-09-14T01:41:51.528Z
SB2,SP1,9.30,9.30,7.80,4.60,9.30,2026-09-14T01:41:51.553Z
SB2,SP10,8.70,8.70,7.30,4.20,8.70,2026-09-14T01:41:51.549Z
SB2,SP11,9.00,9.00,7.50,4.40,9.00,2026-09-14T01:41:51.549Z
SB2,SP12,9.40,9.40,7.90,4.60,9.40,2026-09-14T01:41:51.555Z
SB2,SP13,9.70,9.70,8.20,4.80,9.70,2026-09-14T01:41:51.571Z
SB2,SP14,9.50,9.50,8.10,4.70,9.50,2026-09-14T01:41:51.644Z
SB2,SP15,10.10,10.10,8.60,5.00,10.10,2026-09-14T01:41:51.695Z
SB2,SP16,9.90,9.90,8.40,4.90,9.90,2026-09-14T01:41:51.689Z
SB2,SP17,10.30,10.30,8.70,5.10,10.30,2026-09-14T01:41:51.708Z
SB2,SP18,10.10,10.10,8.60,5.00,10.10,2026-09-14T01:41:51.723Z
SB2,SP19,9.80,9.80,8.30,4.80,9.80,2026-09-14T01:41:51.717Z
SB2,SP2,9.20,9.20,7.70,4.50,9.20,2026-09-14T01:41:51.734Z
SB2,SP20,9.60,9.60,8.20,4.80,9.60,2026-09-14T01:41:51.741Z
SB2,SP21,9.90,9.90,8.40,4.90,9.90,2026-09-14T01:41:51.810Z
SB2,SP22,9.60,9.60,8.10,4.70,9.60,2026-09-14T01:41:51.858Z
SB2,SP24,9.00,9.00,7.60,4.40,9.00,2026-09-14T01:41:51.866Z
SB2,SP25,9.00,9.00,7.60,4.40,9.00,2026-09-14T01:41:51.855Z
SB2,SP26,8.70,8.70,7.40,4.30,8.70,2026-09-14T01:41:51.878Z
SB2,SP27,8.50,8.50,7.20,4.20,8.50,2026-09-14T01:41:51.907Z
SB2,SP28,8.10,8.10,6.90,4.00,8.10,2026-09-14T01:41:51.906Z
SB2,SP29,7.70,7.70,6.60,3.80,7.70,2026-09-14T01:41:51.903Z
SB2,SP3,9.00,9.00,7.50,4.40,9.00,2026-09-14T01:41:51.987Z
SB2,SP31,6.90,6.90,5.90,3.40,6.90,2026-09-14T01:41:52.239Z
SB2,SP4,8.70,8.70,7.30,4.30,8.70,2026-09-14T01:41:52.030Z
SB2,SP5,8.50,8.50,7.10,4.20,8.50,2026-09-14T01:41:52.037Z
SB2,SP6,8.30,8.30,7.00,4.10,8.30,2026-09-14T01:41:52.234Z
SB2,SP7,8.10,8.10,6.80,4.00,8.10,2026-09-14T01:41:52.076Z
SB2,SP8,8.20,8.20,6.90,4.00,8.20,2026-09-14T01:41:52.242Z
SB2,SP9,8.40,8.40,7.10,4.10,8.40,2026-09-14T01:41:52.081Z
SB3,SB4,1.60,1.60,1.50,0.80,1.60,2026-09-14T01:41:52.238Z
SB3,SB5,2.30,2.30,2.10,1.10,2.30,2026-09-14T01:41:52.202Z
SB3,SB6,3.20,3.20,2.80,1.50,3.20,2026-09-14T01:41:52.202Z
SB3,SB7,4.00,4.00,3.50,2.00,4.00,2026-09-14T01:41:52.241Z
SB3,SP1,8.60,8.60,7.30,4.30,8.60,2026-09-14T01:41:52.406Z
SB3,SP10,8.00,8.00,6.80,3.90,8.00,2026-09-14T01:41:52.392Z
SB3,SP11,8.30,8.30,7.00,4.10,8.30,2026-09-14T01:41:52.374Z
SB3,SP12,8.70,8.70,7.40,4.30,8.70,2026-09-14T01:41:52.389Z
SB3,SP13,9.00,9.00,7.70,4.50,9.00,2026-09-14T01:41:52.389Z
SB3,SP14,8.80,8.80,7.60,4.40,8.80,2026-09-14T01:41:52.427Z
SB3,SP15,9.40,9.40,8.10,4.70,9.40,2026-09-14T01:41:52.407Z
SB3,SP16,9.20,9.20,7.90,4.60,9.20,2026-09-14T01:41:52.390Z
SB3,SP17,9.60,9.60,8.20,4.80,9.60,2026-09-14T01:41:52.554Z
SB3,SP18,9.40,9.40,8.10,4.70,9.40,2026-09-14T01:41:52.577Z
SB3,SP19,9.10,9.10,7.80,4.50,9.10,2026-09-14T01:41:52.569Z
SB3,SP2,8.50,8.50,7.20,4.20,8.50,2026-09-14T01:41:52.569Z
SB3,SP20,8.90,8.90,7.70,4.50,8.90,2026-09-14T01:41:52.565Z
SB3,SP21,9.20,9.20,7.90,4.60,9.20,2026-09-14T01:41:52.580Z
SB3,SP22,8.90,8.90,7.60,4.40,8.90,2026-09-14T01:41:52.611Z
SB3,SP24,8.30,8.30,7.10,4.10,8.30,2026-09-14T01:41:52.593Z
SB3,SP25,8.30,8.30,7.10,4.10,8.30,2026-09-14T01:41:52.717Z
SB3,SP26,8.00,8.00,6.90,4.00,8.00,2026-09-14T01:41:52.748Z
SB3,SP27,7.80,7.80,6.70,3.90,7.80,2026-09-14T01:41:52.737Z
SB3,SP28,7.40,7.40,6.40,3.70,7.40,2026-09-14T01:41:52.735Z
SB3,SP29,7.00,7.00,6.10,3.50,7.00,2026-09-14T01:41:52.751Z
SB3,SP3,8.30,8.30,7.00,4.10,8.30,2026-09-14T01:41:52.748Z
SB3,SP31,6.20,6.20,5.40,3.10,6.20,2026-09-14T01:41:52.847Z
SB3,SP4,8.00,8.00,6.80,4.00,8.00,2026-09-14T01:41:52.774Z
SB3,SP5,7.80,7.80,6.60,3.90,7.80,2026-09-14T01:41:52.892Z
SB3,SP6,7.60,7.60,6.50,3.80,7.60,2026-09-14T01:41:52.898Z
SB3,SP7,7.40,7.40,6.30,3.70,7.40,2026-09-14T01:41:52.902Z
SB3,SP8,7.50,7.50,6.40,3.70,7.50,2026-09-14T01:41:52.919Z
SB3,SP9,7.70,7.70,6.60,3.80,7.70,2026-09-14T01:41:52.918Z
SB4,SB5,1.60,1.60,1.40,0.70,1.60,2026-09-14T01:41:52.918Z
SB4,SB6,2.50,2.50,2.20,1.20,2.50,2026-09-14T01:41:53.175Z
SB4,SB7,3.30,3.30,2.90,1.60,3.30,2026-09-14T01:41:53.026Z
SB4,SP1,7.90,7.90,6.70,3.90,7.90,2026-09-14T01:41:53.064Z
SB4,SP10,7.30,7.30,6.20,3.50,7.30,2026-09-14T01:41:53.061Z
SB4,SP11,7.60,7.60,6.40,3.70,7.60,2026-09-14T01:41:53.092Z
SB4,SP12,8.00,8.00,6.80,3.90,8.00,2026-09-14T01:41:53.122Z
SB4,SP13,8.30,8.30,7.10,4.10,8.30,2026-09-14T01:41:53.083Z
SB4,SP14,8.10,8.10,7.00,4.00,8.10,2026-09-14T01:41:53.078Z
SB4,SP15,8.70,8.70,7.50,4.30,8.70,2026-09-14T01:41:53.214Z
SB4,SP16,8.50,8.50,7.30,4.20,8.50,2026-09-14T01:41:53.240Z
SB4,SP17,8.90,8.90,7.60,4.40,8.90,2026-09-14T01:41:53.231Z
SB4,SP18,8.70,8.70,7.50,4.30,8.70,2026-09-14T01:41:53.268Z
SB4,SP19,8.40,8.40,7.20,4.10,8.40,2026-09-14T01:41:53.256Z
SB4,SP2,7.80,7.80,6.60,3.80,7.80,2026-09-14T01:41:53.265Z
SB4,SP20,8.20,8.20,7.10,4.10,8.20,2026-09-14T01:41:53.285Z
SB4,SP21,8.50,8.50,7.30,4.20,8.50,2026-09-14T01:41:53.336Z
SB4,SP22,8.20,8.20,7.00,4.00,8.20,2026-09-14T01:41:53.381Z
SB4,SP24,7.60,7.60,6.50,3.70,7.60,2026-09-14T01:41:53.403Z
SB4,SP25,7.60,7.60,6.50,3.70,7.60,2026-09-14T01:41:53.398Z
SB4,SP26,7.30,7.30,6.30,3.60,7.30,2026-09-14T01:41:53.442Z
SB4,SP27,7.10,7.10,6.10,3.50,7.10,2026-09-14T01:41:53.429Z
SB4,SP28,6.70,6.70,5.80,3.30,6.70,2026-09-14T01:41:53.425Z
SB4,SP29,6.30,6.30,5.50,3.10,6.30,2026-09-14T01:41:53.442Z
SB4,SP3,7.60,7.60,6.40,3.70,7.60,2026-09-14T01:41:53.502Z
SB4,SP31,5.50,5.50,4.80,2.70,5.50,2026-09-14T01:41:53.542Z
SB4,SP4,7.30,7.30,6.20,3.60,7.30,2026-09-14T01:41:53.558Z
SB4,SP5,7.10,7.10,6.00,3.50,7.10,2026-09-14T01:41:53.566Z
SB4,SP6,6.90,6.90,5.90,3.40,6.90,2026-09-14T01:41:53.586Z
SB4,SP7,6.70,6.70,5.70,3.30,6.70,2026-09-14T01:41:53.633Z
SB4,SP8,6.80,6.80,5.80,3.30,6.80,2026-09-14T01:41:53.610Z
SB4,SP9,7.00,7.00,6.00,3.40,7.00,2026-09-14T01:41:53.617Z
SB5,SB6,1.80,1.80,1.70,0.90,1.80,2026-09-14T01:41:53.678Z
SB5,SB7,2.60,2.60,2.30,1.30,2.60,2026-09-14T01:41:53.715Z
SB5,SP1,7.20,7.20,6.10,3.60,7.20,2026-09-14T01:41:53.730Z
SB5,SP10,6.60,6.60,5.60,3.20,6.60,2026-09-14T01:41:53.726Z
SB5,SP11,6.90,6.90,5.80,3.40,6.90,2026-09-14T01:41:53.763Z
SB5,SP12,7.30,7.30,6.20,3.60,7.30,2026-09-14T01:41:53.780Z
SB5,SP13,7.60,7.60,6.50,3.80,7.60,2026-09-14T01:41:53.777Z
SB5,SP14,7.40,7.40,6.40,3.70,7.40,2026-09-14T01:41:53.818Z
SB5,SP15,8.00,8.00,6.90,4.00,8.00,2026-09-14T01:41:53.842Z
SB5,SP16,7.80,7.80,6.70,3.90,7.80,2026-09-14T01:41:53.879Z
SB5,SP17,8.20,8.20,7.00,4.10,8.20,2026-09-14T01:41:53.940Z
SB5,SP18,8.00,8.00,6.90,4.00,8.00,2026-09-14T01:41:53.911Z
SB5,SP19,7.70,7.70,6.60,3.80,7.70,2026-09-14T01:41:53.931Z
SB5,SP2,7.10,7.10,6.00,3.50,7.10,2026-09-14T01:41:53.928Z
SB5,SP20,7.50,7.50,6.50,3.80,7.50,2026-09-14T01:41:53.943Z
SB5,SP21,7.80,7.80,6.70,3.90,7.80,2026-09-14T01:41:53.977Z
SB5,SP22,7.50,7.50,6.40,3.70,7.50,2026-09-14T01:41:53.994Z
SB5,SP24,6.90,6.90,5.90,3.40,6.90,2026-09-14T01:41:54.038Z
SB5,SP25,6.90,6.90,5.90,3.40,6.90,2026-09-14T01:41:54.090Z
SB5,SP26,6.60,6.60,5.70,3.30,6.60,2026-09-14T01:41:54.110Z
SB5,SP27,6.40,6.40,5.50,3.20,6.40,2026-09-14T01:41:54.213Z
SB5,SP28,6.00,6.00,5.20,3.00,6.00,2026-09-14T01:41:54.130Z
SB5,SP29,5.60,5.60,4.90,2.80,5.60,2026-09-14T01:41:54.120Z
SB5,SP3,6.90,6.90,5.80,3.40,6.90,2026-09-14T01:41:54.140Z
SB5,SP31,4.80,4.80,4.20,2.40,4.80,2026-09-14T01:41:54.175Z
SB5,SP4,6.60,6.60,5.60,3.30,6.60,2026-09-14T01:41:54.196Z
SB5,SP5,6.40,6.40,5.40,3.20,6.40,2026-09-14T01:41:54.244Z
SB5,SP6,6.20,6.20,5.30,3.10,6.20,2026-09-14T01:41:54.271Z
SB5,SP7,6.00,6.00,5.10,3.00,6.00,2026-09-14T01:41:54.310Z
SB5,SP8,6.10,6.10,5.20,3.00,6.10,2026-09-14T01:41:54.314Z
SB5,SP9,6.30,6.30,5.40,3.10,6.30,2026-09-14T01:41:54.306Z
SB6,SB7,1.70,1.70,1.60,0.80,1.70,2026-09-14T01:41:54.346Z
SB6,SP1,6.30,6.30,5.40,3.10,6.30,2026-09-14T01:41:54.361Z
SB6,SP10,5.70,5.70,4.90,2.70,5.70,2026-09-14T01:41:54.390Z
SB6,SP11,6.00,6.00,5.10,2.90,6.00,2026-09-14T01:41:54.426Z
SB6,SP12,6.40,6.40,5.50,3.10,6.40,2026-09-14T01:41:54.487Z
SB6,SP13,6.70,6.70,5.80,3.30,6.70,2026-09-14T01:41:54.496Z
SB6,SP14,6.50,6.50,5.70,3.20,6.50,2026-09-14T01:41:54.485Z
SB6,SP15,7.10,7.10,6.20,3.50,7.10,2026-09-14T01:41:54.491Z
SB6,SP16,6.90,6.90,6.00,3.40,6.90,2026-09-14T01:41:54.537Z
SB6,SP17,7.30,7.30,6.30,3.60,7.30,2026-09-14T01:41:54.539Z
SB6,SP18,7.10,7.10,6.20,3.50,7.10,2026-09-14T01:41:54.552Z
SB6,SP19,6.80,6.80,5.90,3.30,6.80,2026-09-14T01:41:54.608Z
SB6,SP2,6.20,6.20,5.30,3.00,6.20,2026-09-14T01:41:54.894Z
SB6,SP20,6.60,6.60,5.80,3.30,6.60,2026-09-14T01:41:54.661Z
SB6,SP21,6.90,6.90,6.00,3.40,6.90,2026-09-14T01:41:54.662Z
SB6,SP22,6.60,6.60,5.70,3.20,6.60,2026-09-14T01:41:54.664Z
SB6,SP24,6.00,6.00,5.20,2.90,6.00,2026-09-14T01:41:54.707Z
SB6,SP25,6.00,6.00,5.20,2.90,6.00,2026-09-14T01:41:54.721Z
SB6,SP26,5.70,5.70,5.00,2.80,5.70,2026-09-14T01:41:54.712Z
SB6,SP27,5.50,5.50,4.80,2.70,5.50,2026-09-14T01:41:54.795Z
SB6,SP28,5.10,5.10,4.50,2.50,5.10,2026-09-14T01:41:54.843Z
SB6,SP29,4.70,4.70,4.20,2.30,4.70,2026-09-14T01:41:54.858Z
SB6,SP3,6.00,6.00,5.10,2.90,6.00,2026-09-14T01:41:54.837Z
SB6,SP31,3.90,3.90,3.50,1.90,3.90,2026-09-14T01:41:54.886Z
SB6,SP4,5.70,5.70,4.90,2.80,5.70,2026-09-14T01:41:54.892Z
SB6,SP5,5.50,5.50,4.70,2.70,5.50,2026-09-14T01:41:54.915Z
SB6,SP6,5.30,5.30,4.60,2.60,5.30,2026-09-14T01:41:54.981Z
SB6,SP7,5.10,5.10,4.40,2.50,5.10,2026-09-14T01:41:55.028Z
SB6,SP8,5.20,5.20,4.50,2.50,5.20,2026-09-14T01:41:55.030Z
SB6,SP9,5.40,5.40,4.70,2.60,5.40,2026-09-14T01:41:55.032Z
SB7,SP1,5.50,5.50,4.70,2.70,5.50,2026-09-14T01:41:55.051Z
SB7,SP10,4.90,4.90,4.20,2.30,4.90,2026-09-14T01:41:55.057Z
SB7,SP11,5.20,5.20,4.40,2.50,5.20,2026-09-14T01:41:55.209Z
SB7,SP12,5.60,5.60,4.80,2.70,5.60,2026-09-14T01:41:55.077Z
SB7,SP13,5.90,5.90,5.10,2.90,5.90,2026-09-14T01:41:55.133Z
SB7,SP14,5.70,5.70,5.00,2.80,5.70,2026-09-14T01:41:55.177Z
SB7,SP15,6.30,6.30,5.50,3.10,6.30,2026-09-14T01:41:55.186Z
SB7,SP16,6.10,6.10,5.30,3.00,6.10,2026-09-14T01:41:55.183Z
SB7,SP17,6.50,6.50,5.60,3.20,6.50,2026-09-14T01:41:55.214Z
SB7,SP18,6.30,6.30,5.50,3.10,6.30,2026-09-14T01:41:55.253Z
SB7,SP19,6.00,6.00,5.20,2.90,6.00,2026-09-14T01:41:55.237Z
SB7,SP2,5.40,5.40,4.60,2.60,5.40,2026-09-14T01:41:55.309Z
SB7,SP20,5.80,5.80,5.10,2.90,5.80,2026-09-14T01:41:55.361Z
SB7,SP21,6.10,6.10,5.30,3.00,6.10,2026-09-14T01:41:55.375Z
SB7,SP22,5.80,5.80,5.00,2.80,5.80,2026-09-14T01:41:55.353Z
SB7,SP24,5.20,5.20,4.50,2.50,5.20,2026-09-14T01:41:55.379Z
SB7,SP25,5.20,5.20,4.50,2.50,5.20,2026-09-14T01:41:55.396Z
SB7,SP26,4.90,4.90,4.30,2.40,4.90,2026-09-14T01:41:55.402Z
SB7,SP27,4.70,4.70,4.10,2.30,4.70,2026-09-14T01:41:55.417Z
SB7,SP28,4.30,4.30,3.80,2.10,4.30,2026-09-14T01:41:55.459Z
SB7,SP29,3.90,3.90,3.50,1.90,3.90,2026-09-14T01:41:55.511Z
SB7,SP3,5.20,5.20,4.40,2.50,5.20,2026-09-14T01:41:55.549Z
SB7,SP31,3.00,3.00,2.70,1.50,3.00,2026-09-14T01:41:55.585Z
SB7,SP4,4.90,4.90,4.20,2.40,4.90,2026-09-14T01:41:55.574Z
SB7,SP5,4.70,4.70,4.00,2.30,4.70,2026-09-14T01:41:55.574Z
SB7,SP6,4.50,4.50,3.90,2.20,4.50,2026-09-14T01:41:55.564Z
SB7,SP7,4.30,4.30,3.70,2.10,4.30,2026-09-14T01:41:55.597Z
SB7,SP8,4.40,4.40,3.80,2.10,4.40,2026-09-14T01:41:55.627Z
SB7,SP9,4.60,4.60,4.00,2.20,4.60,2026-09-14T01:41:55.684Z
SP1,SP10,2.60,2.60,2.30,1.30,2.60,2026-09-14T01:41:55.743Z
SP1,SP11,2.90,2.90,2.50,1.40,2.90,2026-09-14T01:41:55.751Z
SP1,SP12,3.00,3.00,2.70,1.50,3.00,2026-09-14T01:41:55.743Z
SP1,SP13,3.30,3.30,2.90,1.60,3.30,2026-09-14T01:41:55.750Z
SP1,SP14,3.70,3.70,3.20,1.80,3.70,2026-09-14T01:41:55.768Z
SP1,SP15,3.60,3.60,3.10,1.70,3.60,2026-09-14T01:41:55.781Z
SP1,SP16,3.80,3.80,3.30,1.90,3.80,2026-09-14T01:41:55.789Z
SP1,SP17,4.20,4.20,3.60,2.00,4.20,2026-09-14T01:41:55.842Z
SP1,SP18,3.60,3.60,3.20,1.80,3.60,2026-09-14T01:41:55.918Z
SP1,SP19,3.90,3.90,3.40,1.90,3.90,2026-09-14T01:41:55.913Z
SP1,SP2,1.10,1.10,1.00,0.50,1.10,2026-09-14T01:41:55.912Z
SP1,SP20,4.00,4.00,3.50,2.00,4.00,2026-09-14T01:41:55.949Z
SP1,SP21,4.20,4.20,3.70,2.10,4.20,2026-09-14T01:41:55.975Z
SP1,SP22,3.60,3.60,3.10,1.70,3.60,2026-09-14T01:41:55.969Z
SP1,SP24,3.90,3.90,3.40,1.90,3.90,2026-09-14T01:41:55.974Z
SP1,SP25,4.00,4.00,3.50,2.00,4.00,2026-09-14T01:41:55.995Z
SP1,SP26,4.20,4.20,3.60,2.00,4.20,2026-09-14T01:41:56.079Z
SP1,SP27,4.20,4.20,3.70,2.10,4.20,2026-09-14T01:41:56.062Z
SP1,SP28,4.40,4.40,3.80,2.20,4.40,2026-09-14T01:41:56.099Z
SP1,SP29,4.60,4.60,4.00,2.30,4.60,2026-09-14T01:41:56.111Z
SP1,SP3,1.30,1.30,1.20,0.60,1.30,2026-09-14T01:41:56.151Z
SP1,SP31,4.90,4.90,4.20,2.40,4.90,2026-09-14T01:41:56.129Z
SP1,SP4,1.50,1.50,1.40,0.80,1.50,2026-09-14T01:41:56.123Z
SP1,SP5,1.70,1.70,1.60,0.90,1.70,2026-09-14T01:41:56.161Z
SP1,SP6,1.90,1.90,1.70,1.00,1.90,2026-09-14T01:41:56.238Z
SP1,SP7,2.00,2.00,1.80,1.00,2.00,2026-09-14T01:41:56.248Z
SP1,SP8,2.20,2.20,2.00,1.10,2.20,2026-09-14T01:41:56.272Z
SP1,SP9,2.40,2.40,2.10,1.20,2.40,2026-09-14T01:41:56.306Z
SP10,SP11,1.10,1.10,1.10,0.60,1.10,2026-09-14T01:41:56.297Z
SP10,SP12,1.70,1.70,1.50,0.80,1.70,2026-09-14T01:41:56.282Z
SP10,SP13,2.00,2.00,1.80,1.00,2.00,2026-09-14T01:41:56.313Z
SP10,SP14,2.40,2.40,2.10,1.20,2.40,2026-09-14T01:41:56.335Z
SP10,SP15,2.90,2.90,2.50,1.40,2.90,2026-09-14T01:41:56.388Z
SP10,SP16,2.90,2.90,2.60,1.40,2.90,2026-09-14T01:41:56.419Z
SP10,SP17,3.40,3.40,2.90,1.60,3.40,2026-09-14T01:41:56.451Z
SP10,SP18,3.50,3.50,3.10,1.70,3.50,2026-09-14T01:41:56.451Z
SP10,SP19,3.90,3.90,3.40,1.90,3.90,2026-09-14T01:41:56.458Z
SP10,SP2,2.40,2.40,2.10,1.20,2.40,2026-09-14T01:41:56.464Z
SP10,SP20,3.60,3.60,3.10,1.70,3.60,2026-09-14T01:41:56.467Z
SP10,SP21,3.80,3.80,3.30,1.90,3.80,2026-09-14T01:41:56.493Z
SP10,SP22,4.10,4.10,3.50,2.00,4.10,2026-09-14T01:41:56.571Z
SP10,SP24,3.80,3.80,3.40,1.90,3.80,2026-09-14T01:41:56.609Z
SP10,SP25,4.10,4.10,3.60,2.00,4.10,2026-09-14T01:41:56.669Z
SP10,SP26,4.30,4.30,3.70,2.10,4.30,2026-09-14T01:41:56.629Z
SP10,SP27,3.50,3.50,3.10,1.70,3.50,2026-09-14T01:41:56.624Z
SP10,SP28,3.70,3.70,3.20,1.80,3.70,2026-09-14T01:41:56.653Z
SP10,SP29,3.90,3.90,3.40,1.90,3.90,2026-09-14T01:41:56.643Z
SP10,SP3,2.20,2.20,2.00,1.10,2.20,2026-09-14T01:41:56.669Z
SP10,SP31,4.10,4.10,3.60,2.00,4.10,2026-09-14T01:41:56.759Z
SP10,SP4,2.00,2.00,1.80,1.00,2.00,2026-09-14T01:41:56.790Z
SP10,SP5,2.00,2.00,1.80,1.00,2.00,2026-09-14T01:41:56.806Z
SP10,SP6,1.80,1.80,1.60,0.90,1.80,2026-09-14T01:41:56.806Z
SP10,SP7,1.60,1.60,1.40,0.80,1.60,2026-09-14T01:41:56.807Z
SP10,SP8,1.30,1.30,1.20,0.60,1.30,2026-09-14T01:41:56.811Z
SP10,SP9,1.10,1.10,1.00,0.50,1.10,2026-09-14T01:41:56.838Z
SP11,SP12,1.40,1.40,1.30,0.70,1.40,2026-09-14T01:41:56.843Z
SP11,SP13,1.80,1.80,1.60,0.90,1.80,2026-09-14T01:41:56.938Z
SP11,SP14,2.10,2.10,1.90,1.10,2.10,2026-09-14T01:41:56.968Z
SP11,SP15,2.60,2.60,2.30,1.30,2.60,2026-09-14T01:41:56.991Z
SP11,SP16,3.00,3.00,2.60,1.50,3.00,2026-09-14T01:41:56.981Z
SP11,SP17,3.10,3.10,2.80,1.50,3.10,2026-09-14T01:41:56.989Z
SP11,SP18,3.30,3.30,2.90,1.60,3.30,2026-09-14T01:41:56.984Z
SP11,SP19,3.70,3.70,3.20,1.80,3.70,2026-09-14T01:41:57.012Z
SP11,SP2,2.70,2.70,2.30,1.30,2.70,2026-09-14T01:41:57.009Z
SP11,SP20,3.90,3.90,3.40,1.90,3.90,2026-09-14T01:41:57.108Z
SP11,SP21,3.60,3.60,3.20,1.80,3.60,2026-09-14T01:41:57.136Z
SP11,SP22,3.90,3.90,3.40,1.90,3.90,2026-09-14T01:41:57.157Z
SP11,SP24,3.70,3.70,3.20,1.80,3.70,2026-09-14T01:41:57.155Z
SP11,SP25,4.00,4.00,3.40,1.90,4.00,2026-09-14T01:41:57.159Z
SP11,SP26,4.10,4.10,3.60,2.00,4.10,2026-09-14T01:41:57.164Z
SP11,SP27,4.20,4.20,3.70,2.10,4.20,2026-09-14T01:41:57.167Z
SP11,SP28,3.60,3.60,3.10,1.70,3.60,2026-09-14T01:41:57.195Z
SP11,SP29,3.70,3.70,3.30,1.80,3.70,2026-09-14T01:41:57.278Z
SP11,SP3,2.50,2.50,2.20,1.20,2.50,2026-09-14T01:41:57.326Z
SP11,SP31,4.00,4.00,3.50,2.00,4.00,2026-09-14T01:41:57.348Z
SP11,SP4,2.30,2.30,2.00,1.10,2.30,2026-09-14T01:41:57.346Z
SP11,SP5,2.10,2.10,1.90,1.00,2.10,2026-09-14T01:41:57.347Z
SP11,SP6,1.90,1.90,1.70,1.00,1.90,2026-09-14T01:41:57.334Z
SP11,SP7,1.90,1.90,1.70,0.90,1.90,2026-09-14T01:41:57.326Z
SP11,SP8,1.60,1.60,1.40,0.80,1.60,2026-09-14T01:41:57.375Z
SP11,SP9,1.40,1.40,1.30,0.70,1.40,2026-09-14T01:41:57.472Z
SP12,SP13,1.30,1.30,1.20,0.60,1.30,2026-09-14T01:41:57.500Z
SP12,SP14,1.80,1.80,1.60,0.90,1.80,2026-09-14T01:41:57.499Z
SP12,SP15,2.20,2.20,1.90,1.10,2.20,2026-09-14T01:41:57.571Z
SP12,SP16,2.50,2.50,2.20,1.30,2.50,2026-09-14T01:41:57.518Z
SP12,SP17,3.10,3.10,2.70,1.50,3.10,2026-09-14T01:41:57.519Z
SP12,SP18,2.90,2.90,2.60,1.40,2.90,2026-09-14T01:41:57.536Z
SP12,SP19,3.30,3.30,2.90,1.60,3.30,2026-09-14T01:41:57.544Z
SP12,SP2,3.10,3.10,2.80,1.60,3.10,2026-09-14T01:41:57.817Z
SP12,SP20,3.50,3.50,3.10,1.70,3.50,2026-09-14T01:41:57.669Z
SP12,SP21,3.80,3.80,3.30,1.90,3.80,2026-09-14T01:41:57.678Z
SP12,SP22,3.60,3.60,3.10,1.70,3.60,2026-09-14T01:41:57.697Z
SP12,SP24,4.10,4.10,3.60,2.00,4.10,2026-09-14T01:41:57.698Z
SP12,SP25,3.70,3.70,3.20,1.80,3.70,2026-09-14T01:41:57.711Z
SP12,SP26,3.90,3.90,3.40,1.90,3.90,2026-09-14T01:41:57.723Z
SP12,SP27,4.00,4.00,3.50,1.90,4.00,2026-09-14T01:41:57.720Z
SP12,SP28,4.20,4.20,3.60,2.10,4.20,2026-09-14T01:41:57.847Z
SP12,SP29,3.60,3.60,3.10,1.70,3.60,2026-09-14T01:41:57.860Z
SP12,SP3,3.00,3.00,2.60,1.50,3.00,2026-09-14T01:41:57.873Z
SP12,SP31,3.90,3.90,3.40,1.90,3.90,2026-09-14T01:41:58.093Z
SP12,SP4,2.70,2.70,2.40,1.40,2.70,2026-09-14T01:41:57.898Z
SP12,SP5,2.60,2.60,2.30,1.30,2.60,2026-09-14T01:41:57.894Z
SP12,SP6,2.40,2.40,2.10,1.20,2.40,2026-09-14T01:41:57.913Z
SP12,SP7,2.20,2.20,2.00,1.10,2.20,2026-09-14T01:41:57.995Z
SP12,SP8,2.00,2.00,1.80,1.00,2.00,2026-09-14T01:41:58.020Z
SP12,SP9,1.90,1.90,1.80,1.00,1.90,2026-09-14T01:41:58.033Z
SP13,SP14,1.30,1.30,1.20,0.70,1.30,2026-09-14T01:41:58.039Z
SP13,SP15,1.90,1.90,1.70,0.90,1.90,2026-09-14T01:41:58.046Z
SP13,SP16,2.10,2.10,1.90,1.10,2.10,2026-09-14T01:41:58.071Z
SP13,SP17,2.70,2.70,2.40,1.30,2.70,2026-09-14T01:41:58.080Z
SP13,SP18,2.90,2.90,2.50,1.40,2.90,2026-09-14T01:41:58.212Z
SP13,SP19,3.00,3.00,2.70,1.50,3.00,2026-09-14T01:41:58.187Z
SP13,SP2,3.10,3.10,2.80,1.50,3.10,2026-09-14T01:41:58.224Z
SP13,SP20,3.20,3.20,2.80,1.60,3.20,2026-09-14T01:41:58.223Z
SP13,SP21,3.50,3.50,3.00,1.70,3.50,2026-09-14T01:41:58.258Z
SP13,SP22,3.80,3.80,3.30,1.80,3.80,2026-09-14T01:41:58.245Z
SP13,SP24,3.80,3.80,3.30,1.90,3.80,2026-09-14T01:41:58.260Z
SP13,SP25,4.10,4.10,3.60,2.00,4.10,2026-09-14T01:41:58.268Z
SP13,SP26,3.70,3.70,3.20,1.80,3.70,2026-09-14T01:41:58.395Z
SP13,SP27,3.80,3.80,3.30,1.80,3.80,2026-09-14T01:41:58.395Z
SP13,SP28,4.00,4.00,3.50,1.90,4.00,2026-09-14T01:41:58.394Z
SP13,SP29,4.20,4.20,3.70,2.10,4.20,2026-09-14T01:41:58.399Z
SP13,SP3,3.00,3.00,2.70,1.50,3.00,2026-09-14T01:41:58.422Z
SP13,SP31,3.70,3.70,3.20,1.80,3.70,2026-09-14T01:41:58.478Z
SP13,SP4,3.10,3.10,2.80,1.60,3.10,2026-09-14T01:41:58.427Z
SP13,SP5,3.00,3.00,2.60,1.50,3.00,2026-09-14T01:41:58.446Z
SP13,SP6,2.80,2.80,2.50,1.40,2.80,2026-09-14T01:41:58.556Z
SP13,SP7,2.60,2.60,2.30,1.30,2.60,2026-09-14T01:41:58.566Z
SP13,SP8,2.40,2.40,2.10,1.20,2.40,2026-09-14T01:41:58.558Z
SP13,SP9,2.20,2.20,2.00,1.10,2.20,2026-09-14T01:41:58.571Z
SP14,SP15,1.40,1.40,1.30,0.70,1.40,2026-09-14T01:41:58.583Z
SP14,SP16,1.80,1.80,1.60,0.90,1.80,2026-09-14T01:41:58.643Z
SP14,SP17,2.20,2.20,2.00,1.10,2.20,2026-09-14T01:41:58.601Z
SP14,SP18,2.40,2.40,2.20,1.20,2.40,2026-09-14T01:41:58.638Z
SP14,SP19,2.90,2.90,2.60,1.50,2.90,2026-09-14T01:41:58.731Z
SP14,SP2,3.50,3.50,3.10,1.70,3.50,2026-09-14T01:41:58.730Z
SP14,SP20,3.20,3.20,2.80,1.60,3.20,2026-09-14T01:41:58.750Z
SP14,SP21,3.10,3.10,2.70,1.50,3.10,2026-09-14T01:41:58.754Z
SP14,SP22,3.40,3.40,3.00,1.70,3.40,2026-09-14T01:41:58.758Z
SP14,SP24,3.50,3.50,3.10,1.70,3.50,2026-09-14T01:41:58.772Z
SP14,SP25,3.80,3.80,3.30,1.90,3.80,2026-09-14T01:41:58.804Z
SP14,SP26,4.00,4.00,3.50,2.00,4.00,2026-09-14T01:41:58.811Z
SP14,SP27,4.20,4.20,3.60,2.00,4.20,2026-09-14T01:41:58.905Z
SP14,SP28,3.70,3.70,3.30,1.80,3.70,2026-09-14T01:41:58.904Z
SP14,SP29,4.00,4.00,3.50,1.90,4.00,2026-09-14T01:41:58.957Z
SP14,SP3,3.40,3.40,3.00,1.60,3.40,2026-09-14T01:41:58.916Z
SP14,SP31,3.50,3.50,3.10,1.70,3.50,2026-09-14T01:41:58.958Z
SP14,SP4,3.20,3.20,2.80,1.50,3.20,2026-09-14T01:41:58.958Z
SP14,SP5,3.00,3.00,2.70,1.50,3.00,2026-09-14T01:41:59.143Z
SP14,SP6,2.90,2.90,2.60,1.40,2.90,2026-09-14T01:41:59.144Z
SP14,SP7,3.10,3.10,2.70,1.50,3.10,2026-09-14T01:41:59.145Z
SP14,SP8,2.80,2.80,2.50,1.40,2.80,2026-09-14T01:41:59.144Z
SP14,SP9,2.70,2.70,2.30,1.30,2.70,2026-09-14T01:41:59.144Z
SP15,SP16,1.20,1.20,1.20,0.60,1.20,2026-09-14T01:41:59.145Z
SP15,SP17,1.90,1.90,1.70,0.90,1.90,2026-09-14T01:41:59.145Z
SP15,SP18,1.90,1.90,1.80,1.00,1.90,2026-09-14T01:41:59.143Z
SP15,SP19,2.40,2.40,2.20,1.20,2.40,2026-09-14T01:41:59.313Z
SP15,SP2,3.90,3.90,3.40,1.90,3.90,2026-09-14T01:41:59.321Z
SP15,SP20,2.70,2.70,2.40,1.30,2.70,2026-09-14T01:41:59.356Z
SP15,SP21,3.00,3.00,2.60,1.50,3.00,2026-09-14T01:41:59.312Z
SP15,SP22,3.00,3.00,2.70,1.50,3.00,2026-09-14T01:41:59.317Z
SP15,SP24,3.60,3.60,3.20,1.80,3.60,2026-09-14T01:41:59.316Z
SP15,SP25,3.50,3.50,3.10,1.70,3.50,2026-09-14T01:41:59.326Z
SP15,SP26,3.70,3.70,3.20,1.80,3.70,2026-09-14T01:41:59.363Z
SP15,SP27,3.80,3.80,3.30,1.90,3.80,2026-09-14T01:41:59.486Z
SP15,SP28,4.10,4.10,3.60,2.00,4.10,2026-09-14T01:41:59.487Z
SP15,SP29,3.70,3.70,3.20,1.80,3.70,2026-09-14T01:41:59.495Z
SP15,SP3,3.80,3.80,3.30,1.80,3.80,2026-09-14T01:41:59.483Z
SP15,SP31,4.10,4.10,3.60,2.00,4.10,2026-09-14T01:41:59.487Z
SP15,SP4,3.60,3.60,3.10,1.70,3.60,2026-09-14T01:41:59.498Z
SP15,SP5,3.40,3.40,3.00,1.70,3.40,2026-09-14T01:41:59.529Z
SP15,SP6,3.30,3.30,2.90,1.60,3.30,2026-09-14T01:41:59.533Z
SP15,SP7,3.10,3.10,2.80,1.50,3.10,2026-09-14T01:41:59.662Z
SP15,SP8,2.90,2.90,2.60,1.40,2.90,2026-09-14T01:41:59.659Z
SP15,SP9,3.10,3.10,2.70,1.60,3.10,2026-09-14T01:41:59.666Z
SP16,SP17,1.40,1.40,1.30,0.70,1.40,2026-09-14T01:41:59.679Z
SP16,SP18,1.70,1.70,1.50,0.80,1.70,2026-09-14T01:41:59.700Z
SP16,SP19,2.10,2.10,1.90,1.00,2.10,2026-09-14T01:41:59.679Z
SP16,SP2,3.70,3.70,3.20,1.80,3.70,2026-09-14T01:41:59.685Z
SP16,SP20,2.30,2.30,2.00,1.20,2.30,2026-09-14T01:41:59.700Z
SP16,SP21,2.60,2.60,2.30,1.30,2.60,2026-09-14T01:41:59.825Z
SP16,SP22,3.00,3.00,2.60,1.50,3.00,2026-09-14T01:41:59.844Z
SP16,SP24,3.30,3.30,2.90,1.60,3.30,2026-09-14T01:41:59.835Z
SP16,SP25,3.70,3.70,3.20,1.80,3.70,2026-09-14T01:41:59.841Z
SP16,SP26,3.40,3.40,3.00,1.70,3.40,2026-09-14T01:41:59.846Z
SP16,SP27,3.60,3.60,3.10,1.70,3.60,2026-09-14T01:41:59.858Z
SP16,SP28,3.90,3.90,3.40,1.90,3.90,2026-09-14T01:41:59.857Z
SP16,SP29,4.20,4.20,3.60,2.00,4.20,2026-09-14T01:41:59.869Z
SP16,SP3,3.50,3.50,3.10,1.70,3.50,2026-09-14T01:42:00.011Z
SP16,SP31,3.90,3.90,3.40,1.90,3.90,2026-09-14T01:42:00.011Z
SP16,SP4,3.90,3.90,3.40,1.90,3.90,2026-09-14T01:42:00.028Z
SP16,SP5,3.70,3.70,3.30,1.80,3.70,2026-09-14T01:42:00.015Z
SP16,SP6,3.60,3.60,3.10,1.70,3.60,2026-09-14T01:42:00.027Z
SP16,SP7,3.40,3.40,3.00,1.70,3.40,2026-09-14T01:42:00.031Z
SP16,SP8,3.20,3.20,2.90,1.60,3.20,2026-09-14T01:42:00.029Z
SP16,SP9,3.10,3.10,2.70,1.50,3.10,2026-09-14T01:42:00.047Z
SP17,SP18,1.00,1.00,1.00,0.50,1.00,2026-09-14T01:42:00.187Z
SP17,SP19,1.60,1.60,1.50,0.80,1.60,2026-09-14T01:42:00.192Z
SP17,SP2,4.00,4.00,3.50,2.00,4.00,2026-09-14T01:42:00.197Z
SP17,SP20,1.90,1.90,1.70,0.90,1.90,2026-09-14T01:42:00.209Z
SP17,SP21,2.10,2.10,1.90,1.00,2.10,2026-09-14T01:42:00.208Z
SP17,SP22,2.50,2.50,2.20,1.20,2.50,2026-09-14T01:42:00.200Z
SP17,SP24,2.90,2.90,2.50,1.40,2.90,2026-09-14T01:42:00.197Z
SP17,SP25,3.20,3.20,2.90,1.60,3.20,2026-09-14T01:42:00.221Z
SP17,SP26,3.50,3.50,3.10,1.70,3.50,2026-09-14T01:42:00.368Z
SP17,SP27,3.60,3.60,3.20,1.80,3.60,2026-09-14T01:42:00.356Z
SP17,SP28,3.50,3.50,3.00,1.70,3.50,2026-09-14T01:42:00.373Z
SP17,SP29,3.80,3.80,3.30,1.80,3.80,2026-09-14T01:42:00.368Z
SP17,SP3,3.90,3.90,3.40,1.90,3.90,2026-09-14T01:42:00.371Z
SP17,SP31,4.30,4.30,3.70,2.10,4.30,2026-09-14T01:42:00.380Z
SP17,SP4,3.80,3.80,3.30,1.80,3.80,2026-09-14T01:42:00.386Z
SP17,SP5,3.60,3.60,3.20,1.80,3.60,2026-09-14T01:42:00.379Z
SP17,SP6,3.50,3.50,3.10,1.70,3.50,2026-09-14T01:42:00.531Z
SP17,SP7,3.90,3.90,3.40,1.90,3.90,2026-09-14T01:42:00.544Z
SP17,SP8,3.70,3.70,3.20,1.80,3.70,2026-09-14T01:42:00.544Z
SP17,SP9,3.60,3.60,3.10,1.70,3.60,2026-09-14T01:42:00.540Z
SP18,SP19,1.40,1.40,1.30,0.70,1.40,2026-09-14T01:42:00.540Z
SP18,SP2,4.20,4.20,3.60,2.00,4.20,2026-09-14T01:42:00.555Z
SP18,SP20,1.60,1.60,1.50,0.80,1.60,2026-09-14T01:42:00.557Z
SP18,SP21,2.00,2.00,1.80,1.00,2.00,2026-09-14T01:42:00.559Z
SP18,SP22,2.20,2.20,2.00,1.10,2.20,2026-09-14T01:42:00.693Z
SP18,SP24,3.00,3.00,2.60,1.50,3.00,2026-09-14T01:42:00.710Z
SP18,SP25,3.10,3.10,2.70,1.50,3.10,2026-09-14T01:42:00.706Z
SP18,SP26,3.30,3.30,2.90,1.60,3.30,2026-09-14T01:42:00.716Z
SP18,SP27,3.50,3.50,3.00,1.70,3.50,2026-09-14T01:42:00.713Z
SP18,SP28,3.80,3.80,3.30,1.90,3.80,2026-09-14T01:42:00.723Z
SP18,SP29,3.60,3.60,3.20,1.80,3.60,2026-09-14T01:42:00.722Z
SP18,SP3,4.10,4.10,3.50,2.00,4.10,2026-09-14T01:42:00.723Z
SP18,SP31,4.10,4.10,3.60,2.00,4.10,2026-09-14T01:42:00.864Z
SP18,SP4,3.90,3.90,3.40,1.90,3.90,2026-09-14T01:42:00.874Z
SP18,SP5,3.80,3.80,3.30,1.80,3.80,2026-09-14T01:42:00.879Z
SP18,SP6,3.70,3.70,3.20,1.80,3.70,2026-09-14T01:42:00.890Z
SP18,SP7,3.50,3.50,3.10,1.70,3.50,2026-09-14T01:42:00.876Z
SP18,SP8,3.90,3.90,3.40,1.90,3.90,2026-09-14T01:42:00.907Z
SP18,SP9,3.70,3.70,3.30,1.80,3.70,2026-09-14T01:42:00.889Z
SP19,SP2,3.80,3.80,3.30,1.80,3.80,2026-09-14T01:42:00.910Z
SP19,SP20,1.10,1.10,1.00,0.50,1.10,2026-09-14T01:42:01.047Z
SP19,SP21,1.40,1.40,1.30,0.70,1.40,2026-09-14T01:42:01.050Z
SP19,SP22,1.90,1.90,1.70,0.90,1.90,2026-09-14T01:42:01.054Z
SP19,SP24,2.50,2.50,2.20,1.30,2.50,2026-09-14T01:42:01.050Z
SP19,SP25,3.00,3.00,2.60,1.50,3.00,2026-09-14T01:42:01.068Z
SP19,SP26,2.90,2.90,2.60,1.40,2.90,2026-09-14T01:42:01.064Z
SP19,SP27,3.10,3.10,2.70,1.50,3.10,2026-09-14T01:42:01.076Z
SP19,SP28,3.40,3.40,3.00,1.70,3.40,2026-09-14T01:42:01.077Z
SP19,SP29,3.80,3.80,3.30,1.80,3.80,2026-09-14T01:42:01.203Z
SP19,SP3,3.70,3.70,3.20,1.80,3.70,2026-09-14T01:42:01.202Z
SP19,SP31,3.80,3.80,3.30,1.80,3.80,2026-09-14T01:42:01.203Z
SP19,SP4,4.20,4.20,3.70,2.10,4.20,2026-09-14T01:42:01.219Z
SP19,SP5,4.10,4.10,3.60,2.00,4.10,2026-09-14T01:42:01.235Z
SP19,SP6,4.00,4.00,3.50,1.90,4.00,2026-09-14T01:42:01.237Z
SP19,SP7,3.90,3.90,3.40,1.90,3.90,2026-09-14T01:42:01.249Z
SP19,SP8,3.70,3.70,3.20,1.80,3.70,2026-09-14T01:42:01.249Z
SP19,SP9,3.60,3.60,3.10,1.70,3.60,2026-09-14T01:42:01.374Z
SP2,SP20,3.90,3.90,3.40,1.90,3.90,2026-09-14T01:42:01.374Z
SP2,SP21,4.10,4.10,3.60,2.00,4.10,2026-09-14T01:42:01.370Z
SP2,SP22,4.30,4.30,3.70,2.10,4.30,2026-09-14T01:42:01.383Z
SP2,SP24,3.80,3.80,3.30,1.80,3.80,2026-09-14T01:42:01.412Z
SP2,SP25,3.90,3.90,3.40,1.90,3.90,2026-09-14T01:42:01.415Z
SP2,SP26,4.10,4.10,3.50,2.00,4.10,2026-09-14T01:42:01.409Z
SP2,SP27,4.10,4.10,3.60,2.00,4.10,2026-09-14T01:42:01.418Z
SP2,SP28,4.30,4.30,3.80,2.10,4.30,2026-09-14T01:42:01.554Z
SP2,SP29,4.50,4.50,3.90,2.20,4.50,2026-09-14T01:42:01.559Z
SP2,SP3,1.00,1.00,1.00,0.50,1.00,2026-09-14T01:42:01.551Z
SP2,SP31,4.80,4.80,4.10,2.40,4.80,2026-09-14T01:42:01.554Z
SP2,SP4,1.30,1.30,1.20,0.60,1.30,2026-09-14T01:42:01.589Z
SP2,SP5,1.50,1.50,1.30,0.70,1.50,2026-09-14T01:42:01.590Z
SP2,SP6,1.70,1.70,1.50,0.80,1.70,2026-09-14T01:42:01.584Z
SP2,SP7,1.90,1.90,1.70,0.90,1.90,2026-09-14T01:42:01.621Z
SP2,SP8,2.00,2.00,1.80,1.00,2.00,2026-09-14T01:42:01.737Z
SP2,SP9,2.10,2.10,1.90,1.10,2.10,2026-09-14T01:42:01.732Z
SP20,SP21,1.20,1.20,1.10,0.60,1.20,2026-09-14T01:42:01.713Z
SP20,SP22,1.60,1.60,1.50,0.80,1.60,2026-09-14T01:42:01.732Z
SP20,SP24,2.30,2.30,2.00,1.10,2.30,2026-09-14T01:42:01.747Z
SP20,SP25,2.70,2.70,2.40,1.40,2.70,2026-09-14T01:42:01.769Z
SP20,SP26,3.00,3.00,2.70,1.50,3.00,2026-09-14T01:42:01.758Z
SP20,SP27,2.90,2.90,2.50,1.40,2.90,2026-09-14T01:42:01.773Z
SP20,SP28,3.20,3.20,2.80,1.60,3.20,2026-09-14T01:42:01.900Z
SP20,SP29,3.60,3.60,3.10,1.70,3.60,2026-09-14T01:42:01.920Z
SP20,SP3,3.80,3.80,3.30,1.90,3.80,2026-09-14T01:42:01.920Z
SP20,SP31,3.60,3.60,3.20,1.80,3.60,2026-09-14T01:42:01.924Z
SP20,SP4,3.70,3.70,3.20,1.80,3.70,2026-09-14T01:42:01.926Z
SP20,SP5,4.30,4.30,3.70,2.10,4.30,2026-09-14T01:42:01.932Z
SP20,SP6,4.20,4.20,3.60,2.00,4.20,2026-09-14T01:42:01.967Z
SP20,SP7,4.00,4.00,3.50,2.00,4.00,2026-09-14T01:42:01.969Z
SP20,SP8,3.90,3.90,3.40,1.90,3.90,2026-09-14T01:42:02.100Z
SP20,SP9,3.80,3.80,3.30,1.80,3.80,2026-09-14T01:42:02.092Z
SP21,SP22,1.20,1.20,1.20,0.60,1.20,2026-09-14T01:42:02.127Z
SP21,SP24,1.90,1.90,1.70,1.00,1.90,2026-09-14T01:42:02.216Z
SP21,SP25,2.40,2.40,2.10,1.20,2.40,2026-09-14T01:42:02.289Z
SP21,SP26,2.70,2.70,2.40,1.40,2.70,2026-09-14T01:42:02.104Z
SP21,SP27,2.90,2.90,2.50,1.40,2.90,2026-09-14T01:42:02.133Z
SP21,SP28,3.00,3.00,2.60,1.40,3.00,2026-09-14T01:42:02.156Z
SP21,SP29,3.30,3.30,2.90,1.60,3.30,2026-09-14T01:42:02.265Z
SP21,SP3,4.00,4.00,3.50,2.00,4.00,2026-09-14T01:42:02.260Z
SP21,SP31,3.90,3.90,3.40,1.90,3.90,2026-09-14T01:42:02.277Z
SP21,SP4,3.90,3.90,3.40,1.90,3.90,2026-09-14T01:42:02.306Z
SP21,SP5,3.80,3.80,3.30,1.80,3.80,2026-09-14T01:42:02.289Z
SP21,SP6,3.70,3.70,3.20,1.80,3.70,2026-09-14T01:42:02.310Z
SP21,SP7,4.30,4.30,3.70,2.10,4.30,2026-09-14T01:42:02.384Z
SP21,SP8,4.10,4.10,3.60,2.00,4.10,2026-09-14T01:42:02.433Z
SP21,SP9,4.00,4.00,3.50,1.90,4.00,2026-09-14T01:42:02.431Z
SP22,SP24,1.70,1.70,1.50,0.80,1.70,2026-09-14T01:42:02.448Z
SP22,SP25,2.00,2.00,1.80,1.00,2.00,2026-09-14T01:42:02.482Z
SP22,SP26,2.30,2.30,2.10,1.20,2.30,2026-09-14T01:42:02.637Z
SP22,SP27,2.50,2.50,2.20,1.30,2.50,2026-09-14T01:42:02.482Z
SP22,SP28,2.90,2.90,2.60,1.50,2.90,2026-09-14T01:42:02.520Z
SP22,SP29,3.00,3.00,2.60,1.50,3.00,2026-09-14T01:42:02.566Z
SP22,SP3,4.20,4.20,3.70,2.10,4.20,2026-09-14T01:42:02.612Z
SP22,SP31,3.60,3.60,3.10,1.70,3.60,2026-09-14T01:42:02.613Z
SP22,SP4,4.10,4.10,3.60,2.00,4.10,2026-09-14T01:42:02.621Z
SP22,SP5,4.00,4.00,3.50,1.90,4.00,2026-09-14T01:42:02.652Z
SP22,SP6,3.90,3.90,3.40,1.90,3.90,2026-09-14T01:42:02.661Z
SP22,SP7,3.80,3.80,3.30,1.90,3.80,2026-09-14T01:42:02.678Z
SP22,SP8,3.70,3.70,3.20,1.80,3.70,2026-09-14T01:42:02.737Z
SP22,SP9,4.20,4.20,3.70,2.10,4.20,2026-09-14T01:42:02.787Z
SP24,SP25,1.30,1.30,1.20,0.70,1.30,2026-09-14T01:42:02.788Z
SP24,SP26,1.70,1.70,1.50,0.80,1.70,2026-09-14T01:42:02.788Z
SP24,SP27,1.90,1.90,1.70,0.90,1.90,2026-09-14T01:42:02.793Z
SP24,SP28,2.20,2.20,1.90,1.10,2.20,2026-09-14T01:42:02.818Z
SP24,SP29,2.60,2.60,2.30,1.30,2.60,2026-09-14T01:42:02.856Z
SP24,SP3,3.70,3.70,3.20,1.80,3.70,2026-09-14T01:42:02.854Z
SP24,SP31,3.00,3.00,2.60,1.40,3.00,2026-09-14T01:42:02.886Z
SP24,SP4,3.60,3.60,3.10,1.80,3.60,2026-09-14T01:42:02.960Z
SP24,SP5,3.50,3.50,3.10,1.70,3.50,2026-09-14T01:42:02.969Z
SP24,SP6,4.30,4.30,3.70,2.10,4.30,2026-09-14T01:42:02.962Z
SP24,SP7,4.20,4.20,3.70,2.10,4.20,2026-09-14T01:42:02.961Z
SP24,SP8,4.10,4.10,3.50,2.00,4.10,2026-09-14T01:42:02.997Z
SP24,SP9,4.00,4.00,3.50,1.90,4.00,2026-09-14T01:42:03.045Z
SP25,SP26,1.20,1.20,1.10,0.60,1.20,2026-09-14T01:42:03.012Z
SP25,SP27,1.40,1.40,1.30,0.70,1.40,2026-09-14T01:42:03.042Z
SP25,SP28,1.80,1.80,1.70,0.90,1.80,2026-09-14T01:42:03.129Z
SP25,SP29,2.20,2.20,1.90,1.10,2.20,2026-09-14T01:42:03.137Z
SP25,SP3,3.90,3.90,3.40,1.90,3.90,2026-09-14T01:42:03.132Z
SP25,SP31,2.90,2.90,2.50,1.40,2.90,2026-09-14T01:42:03.163Z
SP25,SP4,3.80,3.80,3.30,1.80,3.80,2026-09-14T01:42:03.159Z
SP25,SP5,3.70,3.70,3.20,1.80,3.70,2026-09-14T01:42:03.184Z
SP25,SP6,3.60,3.60,3.20,1.80,3.60,2026-09-14T01:42:03.214Z
SP25,SP7,3.60,3.60,3.10,1.70,3.60,2026-09-14T01:42:03.220Z
SP25,SP8,4.10,4.10,3.60,2.00,4.10,2026-09-14T01:42:03.302Z
SP25,SP9,4.20,4.20,3.70,2.10,4.20,2026-09-14T01:42:03.307Z
SP26,SP27,1.00,1.00,1.00,0.50,1.00,2026-09-14T01:42:03.301Z
SP26,SP28,1.50,1.50,1.40,0.70,1.50,2026-09-14T01:42:03.329Z
SP26,SP29,2.00,2.00,1.80,1.00,2.00,2026-09-14T01:42:03.342Z
SP26,SP3,4.00,4.00,3.50,2.00,4.00,2026-09-14T01:42:03.348Z
SP26,SP31,2.60,2.60,2.30,1.30,2.60,2026-09-14T01:42:03.379Z
SP26,SP4,3.90,3.90,3.40,1.90,3.90,2026-09-14T01:42:03.386Z
SP26,SP5,3.80,3.80,3.40,1.90,3.80,2026-09-14T01:42:03.495Z
SP26,SP6,3.80,3.80,3.30,1.80,3.80,2026-09-14T01:42:03.484Z
SP26,SP7,3.70,3.70,3.20,1.80,3.70,2026-09-14T01:42:03.478Z
SP26,SP8,3.60,3.60,3.10,1.80,3.60,2026-09-14T01:42:03.504Z
SP26,SP9,3.50,3.50,3.10,1.70,3.50,2026-09-14T01:42:03.525Z
SP27,SP28,1.30,1.30,1.20,0.60,1.30,2026-09-14T01:42:03.521Z
SP27,SP29,1.80,1.80,1.60,0.90,1.80,2026-09-14T01:42:03.535Z
SP27,SP3,4.10,4.10,3.60,2.00,4.10,2026-09-14T01:42:03.539Z
SP27,SP31,2.40,2.40,2.10,1.20,2.40,2026-09-14T01:42:03.657Z
SP27,SP4,4.00,4.00,3.50,1.90,4.00,2026-09-14T01:42:03.644Z
SP27,SP5,3.90,3.90,3.40,1.90,3.90,2026-09-14T01:42:03.682Z
SP27,SP6,3.80,3.80,3.40,1.90,3.80,2026-09-14T01:42:03.682Z
SP27,SP7,3.80,3.80,3.30,1.80,3.80,2026-09-14T01:42:03.696Z
SP27,SP8,3.70,3.70,3.20,1.80,3.70,2026-09-14T01:42:03.699Z
SP27,SP9,3.60,3.60,3.20,1.80,3.60,2026-09-14T01:42:03.696Z
SP28,SP29,1.30,1.30,1.20,0.70,1.30,2026-09-14T01:42:03.704Z
SP28,SP3,4.30,4.30,3.70,2.10,4.30,2026-09-14T01:42:03.838Z
SP28,SP31,2.00,2.00,1.80,1.00,2.00,2026-09-14T01:42:03.814Z
SP28,SP4,4.20,4.20,3.60,2.00,4.20,2026-09-14T01:42:03.856Z
SP28,SP5,4.10,4.10,3.60,2.00,4.10,2026-09-14T01:42:03.851Z
SP28,SP6,4.00,4.00,3.50,2.00,4.00,2026-09-14T01:42:03.866Z
SP28,SP7,3.90,3.90,3.40,1.90,3.90,2026-09-14T01:42:03.872Z
SP28,SP8,3.80,3.80,3.40,1.90,3.80,2026-09-14T01:42:03.854Z
SP28,SP9,3.80,3.80,3.30,1.80,3.80,2026-09-14T01:42:03.859Z
SP29,SP3,4.40,4.40,3.80,2.20,4.40,2026-09-14T01:42:03.981Z
SP29,SP31,1.60,1.60,1.50,0.80,1.60,2026-09-14T01:42:04.015Z
SP29,SP4,4.30,4.30,3.80,2.10,4.30,2026-09-14T01:42:04.042Z
SP29,SP5,4.30,4.30,3.70,2.10,4.30,2026-09-14T01:42:04.052Z
SP29,SP6,4.20,4.20,3.60,2.00,4.20,2026-09-14T01:42:04.027Z
SP29,SP7,4.10,4.10,3.60,2.00,4.10,2026-09-14T01:42:04.030Z
SP29,SP8,4.00,4.00,3.50,2.00,4.00,2026-09-14T01:42:04.059Z
SP29,SP9,4.00,4.00,3.40,1.90,4.00,2026-09-14T01:42:04.053Z
SP3,SP31,4.70,4.70,4.10,2.30,4.70,2026-09-14T01:42:04.151Z
SP3,SP4,1.10,1.10,1.00,0.50,1.10,2026-09-14T01:42:04.184Z
SP3,SP5,1.30,1.30,1.20,0.60,1.30,2026-09-14T01:42:04.199Z
SP3,SP6,1.50,1.50,1.40,0.70,1.50,2026-09-14T01:42:04.198Z
SP3,SP7,1.70,1.70,1.50,0.80,1.70,2026-09-14T01:42:04.217Z
SP3,SP8,2.00,2.00,1.80,1.00,2.00,2026-09-14T01:42:04.233Z
SP3,SP9,2.00,2.00,1.80,1.00,2.00,2026-09-14T01:42:04.252Z
SP31,SP4,4.60,4.60,4.00,2.30,4.60,2026-09-14T01:42:04.226Z
SP31,SP5,4.60,4.60,4.00,2.20,4.60,2026-09-14T01:42:04.320Z
SP31,SP6,4.50,4.50,3.90,2.20,4.50,2026-09-14T01:42:04.356Z
SP31,SP7,4.40,4.40,3.80,2.10,4.40,2026-09-14T01:42:04.364Z
SP31,SP8,4.30,4.30,3.70,2.10,4.30,2026-09-14T01:42:04.364Z
SP31,SP9,4.20,4.20,3.70,2.10,4.20,2026-09-14T01:42:04.376Z
SP4,SP5,1.00,1.00,1.00,0.50,1.00,2026-09-14T01:42:04.451Z
SP4,SP6,1.20,1.20,1.10,0.60,1.20,2026-09-14T01:42:04.408Z
SP4,SP7,1.40,1.40,1.30,0.70,1.40,2026-09-14T01:42:04.410Z
SP4,SP8,1.70,1.70,1.50,0.80,1.70,2026-09-14T01:42:04.494Z
SP4,SP9,1.90,1.90,1.70,0.90,1.90,2026-09-14T01:42:04.527Z
SP5,SP6,1.00,1.00,1.00,0.50,1.00,2026-09-14T01:42:04.525Z
SP5,SP7,1.20,1.20,1.10,0.60,1.20,2026-09-14T01:42:04.525Z
SP5,SP8,1.50,1.50,1.40,0.70,1.50,2026-09-14T01:42:04.545Z
SP5,SP9,1.70,1.70,1.50,0.80,1.70,2026-09-14T01:42:04.582Z
SP6,SP7,1.00,1.00,1.00,0.50,1.00,2026-09-14T01:42:04.592Z
SP6,SP8,1.30,1.30,1.20,0.60,1.30,2026-09-14T01:42:04.644Z
SP6,SP9,1.50,1.50,1.40,0.70,1.50,2026-09-14T01:42:04.686Z
SP7,SP8,1.10,1.10,1.00,0.50,1.10,2026-09-14T01:42:04.693Z
SP7,SP9,1.30,1.30,1.20,0.60,1.30,2026-09-14T01:42:04.694Z
SP8,SP9,1.00,1.00,1.00,0.50,1.00,2026-09-14T01:42:04.696Z
